{"level":"info","message":"MongoDB is connected","service":"workflow-backend","timestamp":"2026-08-11T12:56:16.056Z"}
{"level":"info","message":"WorkFlow Server is running on PORT 5000","service":"workflow-backend","timestamp":"2026-08-11T12:56:16.090Z"}
{"level":"info","message":"MongoDB is connected","service":"workflow-backend","timestamp":"2026-08-11T12:58:58.039Z"}
{"level":"info","message":"WorkFlow Server is running on PORT 5000","service":"workflow-backend","timestamp":"2026-08-11T12:58:58.070Z"}
{"level":"info","message":"MongoDB is connected","service":"workflow-backend","timestamp":"2026-08-11T12:59:05.721Z"}
{"level":"info","message":"WorkFlow Server is running on PORT 5000","service":"workflow-backend","timestamp":"2026-08-11T12:59:05.763Z"}
{"level":"info","message":"MongoDB is connected","service":"workflow-backend","timestamp":"2026-08-11T12:59:15.023Z"}
{"level":"info","message":"WorkFlow Server is running on PORT 5000","service":"workflow-backend","timestamp":"2026-08-11T12:59:15.063Z"}
{"level":"info","message":"MongoDB is connected","service":"workflow-backend","timestamp":"2026-08-11T12:59:21.597Z"}
{"level":"info","message":"WorkFlow Server is running on PORT 5000","service":"workflow-backend","timestamp":"2026-08-11T12:59:21.656Z"}
{"level":"info","message":"MongoDB is connected","service":"workflow-backend","timestamp":"2026-08-11T12:59:28.013Z"}
{"level":"info","message":"WorkFlow Server is running on PORT 5000","service":"workflow-backend","timestamp":"2026-08-11T12:59:28.060Z"}
{"level":"info","message":"MongoDB is connected","service":"workflow-backend","timestamp":"2026-08-11T13:01:25.771Z"}
{"level":"info","message":"WorkFlow Server is running on PORT 5000","service":"workflow-backend","timestamp":"2026-08-11T13:01:25.905Z"}
{"level":"info","message":"MongoDB is connected","service":"workflow-backend","timestamp":"2026-08-11T13:03:02.882Z"}
{"level":"info","message":"WorkFlow Server is running on PORT 5000","service":"workflow-backend","timestamp":"2026-08-11T13:03:02.970Z"}
{"level":"info","message":"MongoDB is connected","service":"workflow-backend","timestamp":"2026-08-11T13:10:12.090Z"}
{"level":"info","message":"WorkFlow Server is running on PORT 5000","service":"workflow-backend","timestamp":"2026-08-11T13:10:12.141Z"}
{"level":"info","message":"MongoDB is connected","service":"workflow-backend","timestamp":"2026-08-11T13:11:10.694Z"}
{"level":"info","message":"WorkFlow Server is running on PORT 5000","service":"workflow-backend","timestamp":"2026-08-11T13:11:10.767Z"}
{"level":"info","message":"MongoDB is connected","service":"workflow-backend","timestamp":"2026-08-11T13:11:17.019Z"}
{"level":"info","message":"WorkFlow Server is running on PORT 5000","service":"workflow-backend","timestamp":"2026-08-11T13:11:17.085Z"}
{"level":"info","message":"MongoDB is connected","service":"workflow-backend","timestamp":"2026-08-11T13:11:32.626Z"}
{"level":"info","message":"WorkFlow Server is running on PORT 5000","service":"workflow-backend","timestamp":"2026-08-11T13:11:32.700Z"}
{"level":"info","message":"MongoDB is connected","service":"workflow-backend","timestamp":"2026-08-11T13:12:37.491Z"}
{"level":"info","message":"WorkFlow Server is running on PORT 5000","service":"workflow-backend","timestamp":"2026-08-11T13:12:37.581Z"}
{"level":"info","message":"MongoDB is connected","service":"workflow-backend","timestamp":"2026-08-11T13:23:42.924Z"}
{"level":"info","message":"WorkFlow Server is running on PORT 5000","service":"workflow-backend","timestamp":"2026-08-11T13:23:43.029Z"}
{"level":"info","message":"MongoDB is connected","service":"workflow-backend","timestamp":"2026-08-11T13:25:34.904Z"}
{"level":"info","message":"WorkFlow Server is running on PORT 5000","service":"workflow-backend","timestamp":"2026-08-11T13:25:34.945Z"}
{"level":"info","message":"MongoDB is connected","service":"workflow-backend","timestamp":"2026-08-11T13:25:44.719Z"}
{"level":"info","message":"WorkFlow Server is running on PORT 5000","service":"workflow-backend","timestamp":"2026-08-11T13:25:44.755Z"}
{"level":"info","message":"MongoDB is connected","service":"workflow-backend","timestamp":"2026-08-11T13:26:04.652Z"}
{"level":"info","message":"WorkFlow Server is running on PORT 5000","service":"workflow-backend","timestamp":"2026-08-11T13:26:04.745Z"}
{"level":"info","message":"MongoDB is connected","service":"workflow-backend","timestamp":"2026-08-11T13:31:23.603Z"}
{"level":"info","message":"WorkFlow Server is running on PORT 5000","service":"workflow-backend","timestamp":"2026-08-11T13:31:23.657Z"}
{"level":"info","message":"MongoDB is connected","service":"workflow-backend","timestamp":"2026-08-11T13:31:36.619Z"}
{"level":"info","message":"WorkFlow Server is running on PORT 5000","service":"workflow-backend","timestamp":"2026-08-11T13:31:36.662Z"}
{"level":"info","message":"MongoDB is connected","service":"workflow-backend","timestamp":"2026-08-11T13:31:58.956Z"}
{"level":"info","message":"WorkFlow Server is running on PORT 5000","service":"workflow-backend","timestamp":"2026-08-11T13:31:59.039Z"}
{"level":"info","message":"MongoDB is connected","service":"workflow-backend","timestamp":"2026-08-11T13:32:42.665Z"}
{"level":"info","message":"WorkFlow Server is running on PORT 5000","service":"workflow-backend","timestamp":"2026-08-11T13:32:42.698Z"}
{"level":"info","message":"MongoDB is connected","service":"workflow-backend","timestamp":"2026-08-11T13:32:59.944Z"}
{"level":"info","message":"WorkFlow Server is running on PORT 5000","service":"workflow-backend","timestamp":"2026-08-11T13:32:59.983Z"}
{"level":"info","message":"MongoDB is connected","service":"workflow-backend","timestamp":"2026-08-11T13:34:11.373Z"}
{"level":"info","message":"WorkFlow Server is running on PORT 5000","service":"workflow-backend","timestamp":"2026-08-11T13:34:11.457Z"}
{"level":"info","message":"MongoDB is connected","service":"workflow-backend","timestamp":"2026-08-11T13:35:21.787Z"}
{"level":"info","message":"WorkFlow Server is running on PORT 5000","service":"workflow-backend","timestamp":"2026-08-11T13:35:21.870Z"}
{"level":"info","message":"MongoDB is connected","service":"workflow-backend","timestamp":"2026-08-11T13:36:33.536Z"}
{"level":"info","message":"WorkFlow Server is running on PORT 5000","service":"workflow-backend","timestamp":"2026-08-11T13:36:33.698Z"}
{"level":"info","message":"MongoDB is connected","service":"workflow-backend","timestamp":"2026-08-11T13:37:01.183Z"}
{"level":"info","message":"WorkFlow Server is running on PORT 5000","service":"workflow-backend","timestamp":"2026-08-11T13:37:01.237Z"}
{"level":"info","message":"MongoDB is connected","service":"workflow-backend","timestamp":"2026-08-11T13:40:08.246Z"}
{"level":"info","message":"WorkFlow Server is running on PORT 5000","service":"workflow-backend","timestamp":"2026-08-11T13:40:08.371Z"}
{"level":"info","message":"MongoDB is connected","service":"workflow-backend","timestamp":"2026-08-11T13:40:26.265Z"}
{"level":"info","message":"WorkFlow Server is running on PORT 5000","service":"workflow-backend","timestamp":"2026-08-11T13:40:26.388Z"}
{"level":"info","message":"MongoDB is connected","service":"workflow-backend","timestamp":"2026-08-11T13:41:39.073Z"}
{"level":"info","message":"WorkFlow Server is running on PORT 5000","service":"workflow-backend","timestamp":"2026-08-11T13:41:39.185Z"}
{"level":"info","message":"MongoDB is connected","service":"workflow-backend","timestamp":"2026-08-11T13:43:12.036Z"}
{"level":"info","message":"WorkFlow Server is running on PORT 5000","service":"workflow-backend","timestamp":"2026-08-11T13:43:12.078Z"}
{"level":"info","message":"MongoDB is connected","service":"workflow-backend","timestamp":"2026-08-11T13:43:32.117Z"}
{"level":"info","message":"WorkFlow Server is running on PORT 5000","service":"workflow-backend","timestamp":"2026-08-11T13:43:32.158Z"}
{"level":"info","message":"MongoDB is connected","service":"workflow-backend","timestamp":"2026-08-11T13:46:05.822Z"}
{"level":"info","message":"WorkFlow Server is running on PORT 5000","service":"workflow-backend","timestamp":"2026-08-11T13:46:05.893Z"}
{"level":"info","message":"MongoDB is connected","service":"workflow-backend","timestamp":"2026-08-11T13:46:38.255Z"}
{"level":"info","message":"WorkFlow Server is running on PORT 5000","service":"workflow-backend","timestamp":"2026-08-11T13:46:38.365Z"}
{"level":"info","message":"MongoDB is connected","service":"workflow-backend","timestamp":"2026-08-11T13:47:10.735Z"}
{"level":"info","message":"WorkFlow Server is running on PORT 5000","service":"workflow-backend","timestamp":"2026-08-11T13:47:10.808Z"}
{"level":"info","message":"MongoDB is connected","service":"workflow-backend","timestamp":"2026-08-11T13:50:35.591Z"}
{"level":"info","message":"WorkFlow Server is running on PORT 5000","service":"workflow-backend","timestamp":"2026-08-11T13:50:35.669Z"}
{"level":"info","message":"Entered into the workflow execution controller","service":"workflow-backend","timestamp":"2026-08-11T16:41:52.581Z"}
{"level":"info","message":"Workflow with signup executed successfully ","service":"workflow-backend","timestamp":"2026-08-11T16:41:52.586Z"}
{"level":"info","message":"MongoDB is connected","service":"workflow-backend","timestamp":"2026-08-11T16:44:45.974Z"}
{"level":"info","message":"WorkFlow Server is running on PORT 5000","service":"workflow-backend","timestamp":"2026-08-11T16:44:46.071Z"}
{"level":"info","message":"MongoDB is connected","service":"workflow-backend","timestamp":"2026-08-11T16:46:17.237Z"}
{"level":"info","message":"WorkFlow Server is running on PORT 5000","service":"workflow-backend","timestamp":"2026-08-11T16:46:17.336Z"}
{"level":"info","message":"Entered into the workflow execution controller","service":"workflow-backend","timestamp":"2026-08-11T16:46:24.288Z"}
{"level":"info","message":"Workflow with signup executed successfully ","service":"workflow-backend","timestamp":"2026-08-11T16:46:24.288Z"}
{"level":"info","message":"MongoDB is connected","service":"workflow-backend","timestamp":"2026-08-11T16:48:02.090Z"}
{"level":"info","message":"WorkFlow Server is running on PORT 5000","service":"workflow-backend","timestamp":"2026-08-11T16:48:02.236Z"}
{"level":"info","message":"MongoDB is connected","service":"workflow-backend","timestamp":"2026-08-11T16:48:16.855Z"}
{"level":"info","message":"WorkFlow Server is running on PORT 5000","service":"workflow-backend","timestamp":"2026-08-11T16:48:16.888Z"}
{"level":"info","message":"Entered into the workflow execution controller","service":"workflow-backend","timestamp":"2026-08-11T16:49:51.781Z"}
{"level":"info","message":"Workflow with signup executed successfully ","service":"workflow-backend","timestamp":"2026-08-11T16:49:51.787Z"}
{"level":"info","message":"Entered into the workflow execution controller","service":"workflow-backend","timestamp":"2026-08-11T16:51:10.094Z"}
{"level":"info","message":"Workflow with signup executed successfully ","service":"workflow-backend","timestamp":"2026-08-11T16:51:10.098Z"}
{"level":"info","message":"MongoDB is connected","service":"workflow-backend","timestamp":"2026-08-11T16:53:03.106Z"}
{"level":"info","message":"WorkFlow Server is running on PORT 5000","service":"workflow-backend","timestamp":"2026-08-11T16:53:03.135Z"}
{"level":"info","message":"Entered into the workflow execution controller","service":"workflow-backend","timestamp":"2026-08-11T16:55:26.696Z"}
{"level":"info","message":"Workflow with signup executed successfully ","service":"workflow-backend","timestamp":"2026-08-11T16:55:26.719Z"}
{"level":"info","message":"Entered into the workflow execution controller","service":"workflow-backend","timestamp":"2026-08-11T16:56:45.830Z"}
{"level":"info","message":"Workflow with signup executed successfully ","service":"workflow-backend","timestamp":"2026-08-11T16:56:45.831Z"}
{"level":"info","message":"Entered into the workflow execution controller","service":"workflow-backend","timestamp":"2026-08-11T17:00:56.351Z"}
{"level":"info","message":"Workflow with signup executed successfully ","service":"workflow-backend","timestamp":"2026-08-11T17:00:56.354Z"}
{"level":"info","message":"Entered into the workflow execution controller","service":"workflow-backend","timestamp":"2026-08-11T17:03:53.872Z"}
{"level":"info","message":"Workflow with signup executed successfully ","service":"workflow-backend","timestamp":"2026-08-11T17:03:53.874Z"}
{"level":"info","message":"Entered into the workflow execution controller","service":"workflow-backend","timestamp":"2026-08-11T17:04:32.955Z"}
{"level":"info","message":"Workflow with signup executed successfully ","service":"workflow-backend","timestamp":"2026-08-11T17:04:32.956Z"}
{"level":"info","message":"MongoDB is connected","service":"workflow-backend","timestamp":"2026-08-11T17:07:12.657Z"}
{"level":"info","message":"WorkFlow Server is running on PORT 5000","service":"workflow-backend","timestamp":"2026-08-11T17:07:12.765Z"}
{"level":"info","message":"Entered into the workflow execution controller","service":"workflow-backend","timestamp":"2026-08-11T17:08:03.444Z"}
{"level":"info","message":"Workflow with signup executed successfully ","service":"workflow-backend","timestamp":"2026-08-11T17:08:03.445Z"}
{"level":"info","message":"MongoDB is connected","service":"workflow-backend","timestamp":"2026-08-11T17:08:58.594Z"}
{"level":"info","message":"WorkFlow Server is running on PORT 5000","service":"workflow-backend","timestamp":"2026-08-11T17:08:58.684Z"}
{"level":"info","message":"Entered into the workflow execution controller","service":"workflow-backend","timestamp":"2026-08-11T17:09:11.705Z"}
{"level":"info","message":"Workflow with signup executed successfully ","service":"workflow-backend","timestamp":"2026-08-11T17:09:11.705Z"}
{"level":"info","message":"MongoDB is connected","service":"workflow-backend","timestamp":"2026-08-11T17:11:57.161Z"}
{"level":"info","message":"WorkFlow Server is running on PORT 5000","service":"workflow-backend","timestamp":"2026-08-11T17:11:57.244Z"}
{"level":"info","message":"Entered into the signup workflow execute controller","service":"workflow-backend","timestamp":"2026-08-11T17:12:42.748Z"}
{"level":"info","message":"Fields required for signup flow are missing for email kiran.sadara6730@gmail.com","service":"workflow-backend","timestamp":"2026-08-11T17:12:42.749Z"}
{"level":"info","message":"Entered into the signup workflow execute controller","service":"workflow-backend","timestamp":"2026-08-11T17:12:42.796Z"}
{"level":"info","message":"Fields required for signup flow are missing for email kiran.sadara6730@gmail.com","service":"workflow-backend","timestamp":"2026-08-11T17:12:42.798Z"}
{"level":"info","message":"Entered into the signup workflow execute controller","service":"workflow-backend","timestamp":"2026-08-11T17:12:42.808Z"}
{"level":"info","message":"Fields required for signup flow are missing for email kiran.sadara6730@gmail.com","service":"workflow-backend","timestamp":"2026-08-11T17:12:42.808Z"}
{"level":"info","message":"MongoDB is connected","service":"workflow-backend","timestamp":"2026-08-11T17:14:16.267Z"}
{"level":"info","message":"WorkFlow Server is running on PORT 5000","service":"workflow-backend","timestamp":"2026-08-11T17:14:16.348Z"}
{"level":"info","message":"Entered into the signup workflow execute controller","service":"workflow-backend","timestamp":"2026-08-11T17:14:32.173Z"}
{"level":"info","message":"Error while triggering the signup flow workflow ReferenceError: to is not defined","service":"workflow-backend","timestamp":"2026-08-11T17:14:32.174Z"}
{"level":"info","message":"Entered into the signup workflow execute controller","service":"workflow-backend","timestamp":"2026-08-11T17:14:32.186Z"}
{"level":"info","message":"Error while triggering the signup flow workflow ReferenceError: to is not defined","service":"workflow-backend","timestamp":"2026-08-11T17:14:32.186Z"}
{"level":"info","message":"Entered into the signup workflow execute controller","service":"workflow-backend","timestamp":"2026-08-11T17:14:32.193Z"}
{"level":"info","message":"Error while triggering the signup flow workflow ReferenceError: to is not defined","service":"workflow-backend","timestamp":"2026-08-11T17:14:32.193Z"}
{"level":"info","message":"MongoDB is connected","service":"workflow-backend","timestamp":"2026-08-11T17:15:16.926Z"}
{"level":"info","message":"WorkFlow Server is running on PORT 5000","service":"workflow-backend","timestamp":"2026-08-11T17:15:17.021Z"}
{"level":"info","message":"Entered into the signup workflow execute controller","service":"workflow-backend","timestamp":"2026-08-11T17:15:36.134Z"}
{"level":"info","message":"Entered into signup workflow execution service for email kiran.sadara6730@gmail.com","service":"workflow-backend","timestamp":"2026-08-11T17:15:36.135Z"}
{"level":"error","message":"Error executing signup workflow: Error: Only published workflows can be executed","service":"workflow-backend","timestamp":"2026-08-11T17:15:36.230Z"}
{"level":"info","message":"Error while triggering the signup flow workflow Error: Only published workflows can be executed","service":"workflow-backend","timestamp":"2026-08-11T17:15:36.231Z"}
{"level":"info","message":"Entered into the signup workflow execute controller","service":"workflow-backend","timestamp":"2026-08-11T17:15:36.252Z"}
{"level":"info","message":"Entered into signup workflow execution service for email kiran.sadara6730@gmail.com","service":"workflow-backend","timestamp":"2026-08-11T17:15:36.253Z"}
{"level":"error","message":"Error executing signup workflow: Error: Only published workflows can be executed","service":"workflow-backend","timestamp":"2026-08-11T17:15:36.322Z"}
{"level":"info","message":"Error while triggering the signup flow workflow Error: Only published workflows can be executed","service":"workflow-backend","timestamp":"2026-08-11T17:15:36.323Z"}
{"level":"info","message":"Entered into the signup workflow execute controller","service":"workflow-backend","timestamp":"2026-08-11T17:15:36.335Z"}
{"level":"info","message":"Entered into signup workflow execution service for email kiran.sadara6730@gmail.com","service":"workflow-backend","timestamp":"2026-08-11T17:15:36.336Z"}
{"level":"error","message":"Error executing signup workflow: Error: Only published workflows can be executed","service":"workflow-backend","timestamp":"2026-08-11T17:15:36.526Z"}
{"level":"info","message":"Error while triggering the signup flow workflow Error: Only published workflows can be executed","service":"workflow-backend","timestamp":"2026-08-11T17:15:36.527Z"}
{"level":"info","message":"MongoDB is connected","service":"workflow-backend","timestamp":"2026-08-11T17:17:22.826Z"}
{"level":"info","message":"WorkFlow Server is running on PORT 5000","service":"workflow-backend","timestamp":"2026-08-11T17:17:22.913Z"}
{"level":"info","message":"New Create workflow is triggered","service":"workflow-backend","timestamp":"2026-08-11T17:19:54.216Z"}
{"level":"info","message":"WorkFlow created successfully","service":"workflow-backend","timestamp":"2026-08-11T17:19:56.853Z"}
{"level":"info","message":"Entered into the signup workflow execute controller","service":"workflow-backend","timestamp":"2026-08-11T17:20:12.529Z"}
{"level":"info","message":"Entered into signup workflow execution service for email kiran.sadara6730@gmail.com","service":"workflow-backend","timestamp":"2026-08-11T17:20:12.532Z"}
{"level":"error","message":"Error executing signup workflow: Error: Only published workflows can be executed","service":"workflow-backend","timestamp":"2026-08-11T17:20:12.754Z"}
{"level":"info","message":"Error while triggering the signup flow workflow Error: Only published workflows can be executed","service":"workflow-backend","timestamp":"2026-08-11T17:20:12.754Z"}
{"level":"info","message":"Entered into the signup workflow execute controller","service":"workflow-backend","timestamp":"2026-08-11T17:20:12.760Z"}
{"level":"info","message":"Entered into signup workflow execution service for email kiran.sadara6730@gmail.com","service":"workflow-backend","timestamp":"2026-08-11T17:20:12.761Z"}
{"level":"error","message":"Error executing signup workflow: Error: Only published workflows can be executed","service":"workflow-backend","timestamp":"2026-08-11T17:20:13.158Z"}
{"level":"info","message":"Error while triggering the signup flow workflow Error: Only published workflows can be executed","service":"workflow-backend","timestamp":"2026-08-11T17:20:13.159Z"}
{"level":"info","message":"Entered into the signup workflow execute controller","service":"workflow-backend","timestamp":"2026-08-11T17:20:13.169Z"}
{"level":"info","message":"Entered into signup workflow execution service for email kiran.sadara6730@gmail.com","service":"workflow-backend","timestamp":"2026-08-11T17:20:13.169Z"}
{"level":"error","message":"Error executing signup workflow: Error: Only published workflows can be executed","service":"workflow-backend","timestamp":"2026-08-11T17:20:13.250Z"}
{"level":"info","message":"Error while triggering the signup flow workflow Error: Only published workflows can be executed","service":"workflow-backend","timestamp":"2026-08-11T17:20:13.251Z"}
{"level":"info","message":"MongoDB is connected","service":"workflow-backend","timestamp":"2026-08-11T17:22:35.305Z"}
{"level":"info","message":"WorkFlow Server is running on PORT 5000","service":"workflow-backend","timestamp":"2026-08-11T17:22:35.426Z"}
{"level":"info","message":"MongoDB is connected","service":"workflow-backend","timestamp":"2026-08-11T17:22:56.448Z"}
{"level":"info","message":"WorkFlow Server is running on PORT 5000","service":"workflow-backend","timestamp":"2026-08-11T17:22:56.483Z"}
{"level":"info","message":"MongoDB is connected","service":"workflow-backend","timestamp":"2026-08-11T17:23:31.344Z"}
{"level":"info","message":"WorkFlow Server is running on PORT 5000","service":"workflow-backend","timestamp":"2026-08-11T17:23:31.383Z"}
{"level":"info","message":"Entered into the signup workflow execute controller","service":"workflow-backend","timestamp":"2026-08-11T17:23:50.617Z"}
{"level":"info","message":"Entered into signup workflow execution service for email kiran.sadara6730@gmail.com","service":"workflow-backend","timestamp":"2026-08-11T17:23:50.618Z"}
{"level":"info","message":"Workflow found: undefined, status: undefined","service":"workflow-backend","timestamp":"2026-08-11T17:23:50.877Z"}
{"level":"error","message":"Error executing signup workflow: Error: Workflow undefined is not ACTIVE","service":"workflow-backend","timestamp":"2026-08-11T17:23:50.879Z"}
{"level":"info","message":"Error while triggering the signup flow workflow Error: Workflow undefined is not ACTIVE","service":"workflow-backend","timestamp":"2026-08-11T17:23:50.879Z"}
{"level":"info","message":"Entered into the signup workflow execute controller","service":"workflow-backend","timestamp":"2026-08-11T17:23:50.905Z"}
{"level":"info","message":"Entered into signup workflow execution service for email kiran.sadara6730@gmail.com","service":"workflow-backend","timestamp":"2026-08-11T17:23:50.906Z"}
{"level":"info","message":"Workflow found: undefined, status: undefined","service":"workflow-backend","timestamp":"2026-08-11T17:23:51.091Z"}
{"level":"error","message":"Error executing signup workflow: Error: Workflow undefined is not ACTIVE","service":"workflow-backend","timestamp":"2026-08-11T17:23:51.092Z"}
{"level":"info","message":"Error while triggering the signup flow workflow Error: Workflow undefined is not ACTIVE","service":"workflow-backend","timestamp":"2026-08-11T17:23:51.092Z"}
{"level":"info","message":"Entered into the signup workflow execute controller","service":"workflow-backend","timestamp":"2026-08-11T17:23:51.098Z"}
{"level":"info","message":"Entered into signup workflow execution service for email kiran.sadara6730@gmail.com","service":"workflow-backend","timestamp":"2026-08-11T17:23:51.099Z"}
{"level":"info","message":"Workflow found: undefined, status: undefined","service":"workflow-backend","timestamp":"2026-08-11T17:23:51.757Z"}
{"level":"error","message":"Error executing signup workflow: Error: Workflow undefined is not ACTIVE","service":"workflow-backend","timestamp":"2026-08-11T17:23:51.758Z"}
{"level":"info","message":"Error while triggering the signup flow workflow Error: Workflow undefined is not ACTIVE","service":"workflow-backend","timestamp":"2026-08-11T17:23:51.759Z"}
{"level":"info","message":"MongoDB is connected","service":"workflow-backend","timestamp":"2026-08-11T17:25:14.635Z"}
{"level":"info","message":"WorkFlow Server is running on PORT 5000","service":"workflow-backend","timestamp":"2026-08-11T17:25:14.756Z"}
{"level":"info","message":"Entered into the signup workflow execute controller","service":"workflow-backend","timestamp":"2026-08-11T17:25:29.049Z"}
{"level":"info","message":"Entered into signup workflow execution service for email kiran.sadara6730@gmail.com","service":"workflow-backend","timestamp":"2026-08-11T17:25:29.050Z"}
{"level":"info","message":"Workflow found: Signup Flow, status: ACTIVE","service":"workflow-backend","timestamp":"2026-08-11T17:25:29.183Z"}
{"level":"info","message":"Workflow execution status set to RUNNING","service":"workflow-backend","timestamp":"2026-08-11T17:25:29.380Z"}
{"level":"info","message":"Workflow engine started for workflow Signup Flow","service":"workflow-backend","timestamp":"2026-08-11T17:25:29.380Z"}
{"level":"info","message":"Starting workflow from node 1","service":"workflow-backend","timestamp":"2026-08-11T17:25:29.381Z"}
{"level":"info","message":"Executing node 1 of type START","service":"workflow-backend","timestamp":"2026-08-11T17:25:29.381Z"}
{"level":"info","message":"Start node executed","service":"workflow-backend","timestamp":"2026-08-11T17:25:29.381Z"}
{"level":"info","message":"workflow of type { id: '1', type: 'START' } executed successfully","service":"workflow-backend","timestamp":"2026-08-11T17:25:29.382Z"}
{"level":"info","message":"Executing node 2 of type EMAIL","service":"workflow-backend","timestamp":"2026-08-11T17:25:29.382Z"}
{"level":"info","message":"Email node started","service":"workflow-backend","timestamp":"2026-08-11T17:25:29.382Z"}
{"level":"info","message":"Entered into mail handler for email kiran.sadara6730@gmail.com","service":"workflow-backend","timestamp":"2026-08-11T17:25:29.383Z"}
{"level":"info","message":"Email sent successfully kiran.sadara6730@gmail.com","service":"workflow-backend","timestamp":"2026-08-11T17:25:42.644Z"}
{"level":"info","message":"Email node executed successfully","service":"workflow-backend","timestamp":"2026-08-11T17:25:42.645Z"}
{"level":"info","message":"workflow of type {\n  id: '2',\n  type: 'EMAIL',\n  config: { subject: 'Welcome to our platform' }\n} executed successfully","service":"workflow-backend","timestamp":"2026-08-11T17:25:42.645Z"}
{"level":"info","message":"Executing node 3 of type END","service":"workflow-backend","timestamp":"2026-08-11T17:25:42.645Z"}
{"level":"info","message":"End node executed","service":"workflow-backend","timestamp":"2026-08-11T17:25:42.645Z"}
{"level":"info","message":"workflow of type { id: '3', type: 'END' } executed successfully","service":"workflow-backend","timestamp":"2026-08-11T17:25:42.646Z"}
{"level":"info","message":"Workflow Signup Flow reached END node","service":"workflow-backend","timestamp":"2026-08-11T17:25:42.646Z"}
{"level":"info","message":"Signup workflow completed successfully for kiran.sadara6730@gmail.com","service":"workflow-backend","timestamp":"2026-08-11T17:25:42.716Z"}
{"level":"info","message":"Singup Workflow for email kiran.sadara6730@gmail.com executed successfully ","service":"workflow-backend","timestamp":"2026-08-11T17:25:42.717Z"}
{"level":"info","message":"Entered into the signup workflow execute controller","service":"workflow-backend","timestamp":"2026-08-11T17:25:42.731Z"}
{"level":"info","message":"Entered into signup workflow execution service for email kiran.sadara6730@gmail.com","service":"workflow-backend","timestamp":"2026-08-11T17:25:42.732Z"}
{"level":"info","message":"Workflow found: Signup Flow, status: ACTIVE","service":"workflow-backend","timestamp":"2026-08-11T17:25:42.800Z"}
{"level":"info","message":"Workflow already processed for idempotent key 1eeef1b6-cd2a-4c6c-812d-ae557048fe28","service":"workflow-backend","timestamp":"2026-08-11T17:25:42.848Z"}
{"level":"info","message":"Singup Workflow for email kiran.sadara6730@gmail.com executed successfully ","service":"workflow-backend","timestamp":"2026-08-11T17:25:42.849Z"}
{"level":"info","message":"Entered into the signup workflow execute controller","service":"workflow-backend","timestamp":"2026-08-11T17:25:42.852Z"}
{"level":"info","message":"Entered into signup workflow execution service for email kiran.sadara6730@gmail.com","service":"workflow-backend","timestamp":"2026-08-11T17:25:42.853Z"}
{"level":"info","message":"Workflow found: Signup Flow, status: ACTIVE","service":"workflow-backend","timestamp":"2026-08-11T17:25:42.953Z"}
{"level":"info","message":"Workflow already processed for idempotent key 1eeef1b6-cd2a-4c6c-812d-ae557048fe28","service":"workflow-backend","timestamp":"2026-08-11T17:25:43.017Z"}
{"level":"info","message":"Singup Workflow for email kiran.sadara6730@gmail.com executed successfully ","service":"workflow-backend","timestamp":"2026-08-11T17:25:43.018Z"}
{"level":"info","message":"Entered into the signup workflow execute controller","service":"workflow-backend","timestamp":"2026-08-11T17:25:43.022Z"}
{"level":"info","message":"Entered into signup workflow execution service for email kiran.sadara6730@gmail.com","service":"workflow-backend","timestamp":"2026-08-11T17:25:43.023Z"}
{"level":"info","message":"Workflow found: Signup Flow, status: ACTIVE","service":"workflow-backend","timestamp":"2026-08-11T17:25:43.065Z"}
{"level":"info","message":"Workflow already processed for idempotent key 1eeef1b6-cd2a-4c6c-812d-ae557048fe28","service":"workflow-backend","timestamp":"2026-08-11T17:25:43.108Z"}
{"level":"info","message":"Singup Workflow for email kiran.sadara6730@gmail.com executed successfully ","service":"workflow-backend","timestamp":"2026-08-11T17:25:43.109Z"}
{"level":"info","message":"Entered into the signup workflow execute controller","service":"workflow-backend","timestamp":"2026-08-11T17:25:43.112Z"}
{"level":"info","message":"Entered into signup workflow execution service for email kiran.sadara6730@gmail.com","service":"workflow-backend","timestamp":"2026-08-11T17:25:43.113Z"}
{"level":"info","message":"Workflow found: Signup Flow, status: ACTIVE","service":"workflow-backend","timestamp":"2026-08-11T17:25:43.167Z"}
{"level":"info","message":"Workflow already processed for idempotent key 1eeef1b6-cd2a-4c6c-812d-ae557048fe28","service":"workflow-backend","timestamp":"2026-08-11T17:25:43.268Z"}
{"level":"info","message":"Singup Workflow for email kiran.sadara6730@gmail.com executed successfully ","service":"workflow-backend","timestamp":"2026-08-11T17:25:43.269Z"}
{"level":"info","message":"Entered into the signup workflow execute controller","service":"workflow-backend","timestamp":"2026-08-11T17:25:43.273Z"}
{"level":"info","message":"Entered into signup workflow execution service for email kiran.sadara6730@gmail.com","service":"workflow-backend","timestamp":"2026-08-11T17:25:43.273Z"}
{"level":"info","message":"Workflow found: Signup Flow, status: ACTIVE","service":"workflow-backend","timestamp":"2026-08-11T17:25:43.309Z"}
{"level":"info","message":"Workflow already processed for idempotent key 1eeef1b6-cd2a-4c6c-812d-ae557048fe28","service":"workflow-backend","timestamp":"2026-08-11T17:25:43.355Z"}
{"level":"info","message":"Singup Workflow for email kiran.sadara6730@gmail.com executed successfully ","service":"workflow-backend","timestamp":"2026-08-11T17:25:43.356Z"}
{"level":"info","message":"Entered into the signup workflow execute controller","service":"workflow-backend","timestamp":"2026-08-11T17:25:43.361Z"}
{"level":"info","message":"Entered into signup workflow execution service for email kiran.sadara6730@gmail.com","service":"workflow-backend","timestamp":"2026-08-11T17:25:43.361Z"}
{"level":"info","message":"Workflow found: Signup Flow, status: ACTIVE","service":"workflow-backend","timestamp":"2026-08-11T17:25:43.399Z"}
{"level":"info","message":"Workflow already processed for idempotent key 1eeef1b6-cd2a-4c6c-812d-ae557048fe28","service":"workflow-backend","timestamp":"2026-08-11T17:25:43.437Z"}
{"level":"info","message":"Singup Workflow for email kiran.sadara6730@gmail.com executed successfully ","service":"workflow-backend","timestamp":"2026-08-11T17:25:43.440Z"}
{"level":"info","message":"Entered into the signup workflow execute controller","service":"workflow-backend","timestamp":"2026-08-11T17:25:43.446Z"}
{"level":"info","message":"Entered into signup workflow execution service for email kiran.sadara6730@gmail.com","service":"workflow-backend","timestamp":"2026-08-11T17:25:43.448Z"}
{"level":"info","message":"Workflow found: Signup Flow, status: ACTIVE","service":"workflow-backend","timestamp":"2026-08-11T17:25:43.495Z"}
{"level":"info","message":"Workflow already processed for idempotent key 1eeef1b6-cd2a-4c6c-812d-ae557048fe28","service":"workflow-backend","timestamp":"2026-08-11T17:25:43.547Z"}
{"level":"info","message":"Singup Workflow for email kiran.sadara6730@gmail.com executed successfully ","service":"workflow-backend","timestamp":"2026-08-11T17:25:43.548Z"}
{"level":"info","message":"Entered into the signup workflow execute controller","service":"workflow-backend","timestamp":"2026-08-11T17:25:43.553Z"}
{"level":"info","message":"Entered into signup workflow execution service for email kiran.sadara6730@gmail.com","service":"workflow-backend","timestamp":"2026-08-11T17:25:43.553Z"}
{"level":"info","message":"Workflow found: Signup Flow, status: ACTIVE","service":"workflow-backend","timestamp":"2026-08-11T17:25:43.614Z"}
{"level":"info","message":"Workflow already processed for idempotent key 1eeef1b6-cd2a-4c6c-812d-ae557048fe28","service":"workflow-backend","timestamp":"2026-08-11T17:25:43.654Z"}
{"level":"info","message":"Singup Workflow for email kiran.sadara6730@gmail.com executed successfully ","service":"workflow-backend","timestamp":"2026-08-11T17:25:43.655Z"}
{"level":"info","message":"Entered into the signup workflow execute controller","service":"workflow-backend","timestamp":"2026-08-11T17:25:43.663Z"}
{"level":"info","message":"Entered into signup workflow execution service for email kiran.sadara6730@gmail.com","service":"workflow-backend","timestamp":"2026-08-11T17:25:43.664Z"}
{"level":"info","message":"Workflow found: Signup Flow, status: ACTIVE","service":"workflow-backend","timestamp":"2026-08-11T17:25:43.718Z"}
{"level":"info","message":"Workflow already processed for idempotent key 1eeef1b6-cd2a-4c6c-812d-ae557048fe28","service":"workflow-backend","timestamp":"2026-08-11T17:25:44.162Z"}
{"level":"info","message":"Singup Workflow for email kiran.sadara6730@gmail.com executed successfully ","service":"workflow-backend","timestamp":"2026-08-11T17:25:44.163Z"}
{"level":"info","message":"Entered into the signup workflow execute controller","service":"workflow-backend","timestamp":"2026-08-11T17:25:44.166Z"}
{"level":"info","message":"Entered into signup workflow execution service for email kiran.sadara6730@gmail.com","service":"workflow-backend","timestamp":"2026-08-11T17:25:44.167Z"}
{"level":"info","message":"Workflow found: Signup Flow, status: ACTIVE","service":"workflow-backend","timestamp":"2026-08-11T17:25:44.305Z"}
{"level":"info","message":"Workflow already processed for idempotent key 1eeef1b6-cd2a-4c6c-812d-ae557048fe28","service":"workflow-backend","timestamp":"2026-08-11T17:25:44.351Z"}
{"level":"info","message":"Singup Workflow for email kiran.sadara6730@gmail.com executed successfully ","service":"workflow-backend","timestamp":"2026-08-11T17:25:44.352Z"}
{"level":"info","message":"Entered into the signup workflow execute controller","service":"workflow-backend","timestamp":"2026-08-11T17:25:44.356Z"}
{"level":"info","message":"Entered into signup workflow execution service for email kiran.sadara6730@gmail.com","service":"workflow-backend","timestamp":"2026-08-11T17:25:44.357Z"}
{"level":"info","message":"Workflow found: Signup Flow, status: ACTIVE","service":"workflow-backend","timestamp":"2026-08-11T17:25:44.426Z"}
{"level":"info","message":"Workflow already processed for idempotent key 1eeef1b6-cd2a-4c6c-812d-ae557048fe28","service":"workflow-backend","timestamp":"2026-08-11T17:25:44.471Z"}
{"level":"info","message":"Singup Workflow for email kiran.sadara6730@gmail.com executed successfully ","service":"workflow-backend","timestamp":"2026-08-11T17:25:44.471Z"}
{"level":"info","message":"Entered into the signup workflow execute controller","service":"workflow-backend","timestamp":"2026-08-11T17:25:44.475Z"}
{"level":"info","message":"Entered into signup workflow execution service for email kiran.sadara6730@gmail.com","service":"workflow-backend","timestamp":"2026-08-11T17:25:44.475Z"}
{"level":"info","message":"Workflow found: Signup Flow, status: ACTIVE","service":"workflow-backend","timestamp":"2026-08-11T17:25:44.540Z"}
{"level":"info","message":"Workflow already processed for idempotent key 1eeef1b6-cd2a-4c6c-812d-ae557048fe28","service":"workflow-backend","timestamp":"2026-08-11T17:25:44.575Z"}
{"level":"info","message":"Singup Workflow for email kiran.sadara6730@gmail.com executed successfully ","service":"workflow-backend","timestamp":"2026-08-11T17:25:44.575Z"}
{"level":"info","message":"Entered into the signup workflow execute controller","service":"workflow-backend","timestamp":"2026-08-11T17:25:44.578Z"}
{"level":"info","message":"Entered into signup workflow execution service for email kiran.sadara6730@gmail.com","service":"workflow-backend","timestamp":"2026-08-11T17:25:44.579Z"}
{"level":"info","message":"Workflow found: Signup Flow, status: ACTIVE","service":"workflow-backend","timestamp":"2026-08-11T17:25:44.637Z"}
{"level":"info","message":"Workflow already processed for idempotent key 1eeef1b6-cd2a-4c6c-812d-ae557048fe28","service":"workflow-backend","timestamp":"2026-08-11T17:25:44.691Z"}
{"level":"info","message":"Singup Workflow for email kiran.sadara6730@gmail.com executed successfully ","service":"workflow-backend","timestamp":"2026-08-11T17:25:44.692Z"}
{"level":"info","message":"Entered into the signup workflow execute controller","service":"workflow-backend","timestamp":"2026-08-11T17:25:44.695Z"}
{"level":"info","message":"Entered into signup workflow execution service for email kiran.sadara6730@gmail.com","service":"workflow-backend","timestamp":"2026-08-11T17:25:44.696Z"}
{"level":"info","message":"Workflow found: Signup Flow, status: ACTIVE","service":"workflow-backend","timestamp":"2026-08-11T17:25:44.751Z"}
{"level":"info","message":"Workflow already processed for idempotent key 1eeef1b6-cd2a-4c6c-812d-ae557048fe28","service":"workflow-backend","timestamp":"2026-08-11T17:25:44.812Z"}
{"level":"info","message":"Singup Workflow for email kiran.sadara6730@gmail.com executed successfully ","service":"workflow-backend","timestamp":"2026-08-11T17:25:44.813Z"}
{"level":"info","message":"Entered into the signup workflow execute controller","service":"workflow-backend","timestamp":"2026-08-11T17:25:44.817Z"}
{"level":"info","message":"Entered into signup workflow execution service for email kiran.sadara6730@gmail.com","service":"workflow-backend","timestamp":"2026-08-11T17:25:44.818Z"}
{"level":"info","message":"Workflow found: Signup Flow, status: ACTIVE","service":"workflow-backend","timestamp":"2026-08-11T17:25:44.967Z"}
{"level":"info","message":"Workflow already processed for idempotent key 1eeef1b6-cd2a-4c6c-812d-ae557048fe28","service":"workflow-backend","timestamp":"2026-08-11T17:25:45.086Z"}
{"level":"info","message":"Singup Workflow for email kiran.sadara6730@gmail.com executed successfully ","service":"workflow-backend","timestamp":"2026-08-11T17:25:45.087Z"}
{"level":"info","message":"Entered into the signup workflow execute controller","service":"workflow-backend","timestamp":"2026-08-11T17:25:45.093Z"}
{"level":"info","message":"Entered into signup workflow execution service for email kiran.sadara6730@gmail.com","service":"workflow-backend","timestamp":"2026-08-11T17:25:45.093Z"}
{"level":"info","message":"Workflow found: Signup Flow, status: ACTIVE","service":"workflow-backend","timestamp":"2026-08-11T17:25:45.182Z"}
{"level":"info","message":"Workflow already processed for idempotent key 1eeef1b6-cd2a-4c6c-812d-ae557048fe28","service":"workflow-backend","timestamp":"2026-08-11T17:25:45.229Z"}
{"level":"info","message":"Singup Workflow for email kiran.sadara6730@gmail.com executed successfully ","service":"workflow-backend","timestamp":"2026-08-11T17:25:45.229Z"}
{"level":"info","message":"Entered into the signup workflow execute controller","service":"workflow-backend","timestamp":"2026-08-11T17:25:45.233Z"}
{"level":"info","message":"Entered into signup workflow execution service for email kiran.sadara6730@gmail.com","service":"workflow-backend","timestamp":"2026-08-11T17:25:45.234Z"}
{"level":"info","message":"Workflow found: Signup Flow, status: ACTIVE","service":"workflow-backend","timestamp":"2026-08-11T17:25:45.332Z"}
{"level":"info","message":"Workflow already processed for idempotent key 1eeef1b6-cd2a-4c6c-812d-ae557048fe28","service":"workflow-backend","timestamp":"2026-08-11T17:25:45.394Z"}
{"level":"info","message":"Singup Workflow for email kiran.sadara6730@gmail.com executed successfully ","service":"workflow-backend","timestamp":"2026-08-11T17:25:45.395Z"}
{"level":"info","message":"Entered into the signup workflow execute controller","service":"workflow-backend","timestamp":"2026-08-11T17:25:45.408Z"}
{"level":"info","message":"Entered into signup workflow execution service for email kiran.sadara6730@gmail.com","service":"workflow-backend","timestamp":"2026-08-11T17:25:45.409Z"}
{"level":"info","message":"Workflow found: Signup Flow, status: ACTIVE","service":"workflow-backend","timestamp":"2026-08-11T17:25:45.464Z"}
{"level":"info","message":"Workflow already processed for idempotent key 1eeef1b6-cd2a-4c6c-812d-ae557048fe28","service":"workflow-backend","timestamp":"2026-08-11T17:25:45.530Z"}
{"level":"info","message":"Singup Workflow for email kiran.sadara6730@gmail.com executed successfully ","service":"workflow-backend","timestamp":"2026-08-11T17:25:45.530Z"}
{"level":"info","message":"Entered into the signup workflow execute controller","service":"workflow-backend","timestamp":"2026-08-11T17:25:45.534Z"}
{"level":"info","message":"Entered into signup workflow execution service for email kiran.sadara6730@gmail.com","service":"workflow-backend","timestamp":"2026-08-11T17:25:45.535Z"}
{"level":"info","message":"Workflow found: Signup Flow, status: ACTIVE","service":"workflow-backend","timestamp":"2026-08-11T17:25:45.587Z"}
{"level":"info","message":"Workflow already processed for idempotent key 1eeef1b6-cd2a-4c6c-812d-ae557048fe28","service":"workflow-backend","timestamp":"2026-08-11T17:25:45.652Z"}
{"level":"info","message":"Singup Workflow for email kiran.sadara6730@gmail.com executed successfully ","service":"workflow-backend","timestamp":"2026-08-11T17:25:45.653Z"}
{"level":"info","message":"Entered into the signup workflow execute controller","service":"workflow-backend","timestamp":"2026-08-11T17:25:45.676Z"}
{"level":"info","message":"Entered into signup workflow execution service for email kiran.sadara6730@gmail.com","service":"workflow-backend","timestamp":"2026-08-11T17:25:45.677Z"}
{"level":"info","message":"Workflow found: Signup Flow, status: ACTIVE","service":"workflow-backend","timestamp":"2026-08-11T17:25:45.854Z"}
{"level":"info","message":"Workflow already processed for idempotent key 1eeef1b6-cd2a-4c6c-812d-ae557048fe28","service":"workflow-backend","timestamp":"2026-08-11T17:25:45.895Z"}
{"level":"info","message":"Singup Workflow for email kiran.sadara6730@gmail.com executed successfully ","service":"workflow-backend","timestamp":"2026-08-11T17:25:45.896Z"}
{"level":"info","message":"Entered into the signup workflow execute controller","service":"workflow-backend","timestamp":"2026-08-11T17:25:45.901Z"}
{"level":"info","message":"Entered into signup workflow execution service for email kiran.sadara6730@gmail.com","service":"workflow-backend","timestamp":"2026-08-11T17:25:45.902Z"}
{"level":"info","message":"Workflow found: Signup Flow, status: ACTIVE","service":"workflow-backend","timestamp":"2026-08-11T17:25:45.956Z"}
{"level":"info","message":"Workflow already processed for idempotent key 1eeef1b6-cd2a-4c6c-812d-ae557048fe28","service":"workflow-backend","timestamp":"2026-08-11T17:25:46.023Z"}
{"level":"info","message":"Singup Workflow for email kiran.sadara6730@gmail.com executed successfully ","service":"workflow-backend","timestamp":"2026-08-11T17:25:46.024Z"}
{"level":"info","message":"Entered into the signup workflow execute controller","service":"workflow-backend","timestamp":"2026-08-11T17:25:46.028Z"}
{"level":"info","message":"Entered into signup workflow execution service for email kiran.sadara6730@gmail.com","service":"workflow-backend","timestamp":"2026-08-11T17:25:46.029Z"}
{"level":"info","message":"Workflow found: Signup Flow, status: ACTIVE","service":"workflow-backend","timestamp":"2026-08-11T17:25:46.100Z"}
{"level":"info","message":"Workflow already processed for idempotent key 1eeef1b6-cd2a-4c6c-812d-ae557048fe28","service":"workflow-backend","timestamp":"2026-08-11T17:25:46.163Z"}
{"level":"info","message":"Singup Workflow for email kiran.sadara6730@gmail.com executed successfully ","service":"workflow-backend","timestamp":"2026-08-11T17:25:46.164Z"}
{"level":"info","message":"Entered into the signup workflow execute controller","service":"workflow-backend","timestamp":"2026-08-11T17:25:46.167Z"}
{"level":"info","message":"Entered into signup workflow execution service for email kiran.sadara6730@gmail.com","service":"workflow-backend","timestamp":"2026-08-11T17:25:46.167Z"}
{"level":"info","message":"Workflow found: Signup Flow, status: ACTIVE","service":"workflow-backend","timestamp":"2026-08-11T17:25:46.241Z"}
{"level":"info","message":"Workflow already processed for idempotent key 1eeef1b6-cd2a-4c6c-812d-ae557048fe28","service":"workflow-backend","timestamp":"2026-08-11T17:25:46.330Z"}
{"level":"info","message":"Singup Workflow for email kiran.sadara6730@gmail.com executed successfully ","service":"workflow-backend","timestamp":"2026-08-11T17:25:46.330Z"}
{"level":"info","message":"Entered into the signup workflow execute controller","service":"workflow-backend","timestamp":"2026-08-11T17:25:46.337Z"}
{"level":"info","message":"Entered into signup workflow execution service for email kiran.sadara6730@gmail.com","service":"workflow-backend","timestamp":"2026-08-11T17:25:46.338Z"}
{"level":"info","message":"Workflow found: Signup Flow, status: ACTIVE","service":"workflow-backend","timestamp":"2026-08-11T17:25:46.409Z"}
{"level":"info","message":"Workflow already processed for idempotent key 1eeef1b6-cd2a-4c6c-812d-ae557048fe28","service":"workflow-backend","timestamp":"2026-08-11T17:25:46.633Z"}
{"level":"info","message":"Singup Workflow for email kiran.sadara6730@gmail.com executed successfully ","service":"workflow-backend","timestamp":"2026-08-11T17:25:46.634Z"}
{"level":"info","message":"Entered into the signup workflow execute controller","service":"workflow-backend","timestamp":"2026-08-11T17:25:46.640Z"}
{"level":"info","message":"Entered into signup workflow execution service for email kiran.sadara6730@gmail.com","service":"workflow-backend","timestamp":"2026-08-11T17:25:46.641Z"}
{"level":"info","message":"Workflow found: Signup Flow, status: ACTIVE","service":"workflow-backend","timestamp":"2026-08-11T17:25:46.708Z"}
{"level":"info","message":"Workflow already processed for idempotent key 1eeef1b6-cd2a-4c6c-812d-ae557048fe28","service":"workflow-backend","timestamp":"2026-08-11T17:25:46.753Z"}
{"level":"info","message":"Singup Workflow for email kiran.sadara6730@gmail.com executed successfully ","service":"workflow-backend","timestamp":"2026-08-11T17:25:46.753Z"}
{"level":"info","message":"Entered into the signup workflow execute controller","service":"workflow-backend","timestamp":"2026-08-11T17:25:46.759Z"}
{"level":"info","message":"Entered into signup workflow execution service for email kiran.sadara6730@gmail.com","service":"workflow-backend","timestamp":"2026-08-11T17:25:46.760Z"}
{"level":"info","message":"Workflow found: Signup Flow, status: ACTIVE","service":"workflow-backend","timestamp":"2026-08-11T17:25:46.826Z"}
{"level":"info","message":"Workflow already processed for idempotent key 1eeef1b6-cd2a-4c6c-812d-ae557048fe28","service":"workflow-backend","timestamp":"2026-08-11T17:25:46.892Z"}
{"level":"info","message":"Singup Workflow for email kiran.sadara6730@gmail.com executed successfully ","service":"workflow-backend","timestamp":"2026-08-11T17:25:46.893Z"}
{"level":"info","message":"Entered into the signup workflow execute controller","service":"workflow-backend","timestamp":"2026-08-11T17:25:46.897Z"}
{"level":"info","message":"Entered into signup workflow execution service for email kiran.sadara6730@gmail.com","service":"workflow-backend","timestamp":"2026-08-11T17:25:46.898Z"}
{"level":"info","message":"Workflow found: Signup Flow, status: ACTIVE","service":"workflow-backend","timestamp":"2026-08-11T17:25:46.934Z"}
{"level":"info","message":"Workflow already processed for idempotent key 1eeef1b6-cd2a-4c6c-812d-ae557048fe28","service":"workflow-backend","timestamp":"2026-08-11T17:25:47.019Z"}
{"level":"info","message":"Singup Workflow for email kiran.sadara6730@gmail.com executed successfully ","service":"workflow-backend","timestamp":"2026-08-11T17:25:47.020Z"}
{"level":"info","message":"Entered into the signup workflow execute controller","service":"workflow-backend","timestamp":"2026-08-11T17:25:47.023Z"}
{"level":"info","message":"Entered into signup workflow execution service for email kiran.sadara6730@gmail.com","service":"workflow-backend","timestamp":"2026-08-11T17:25:47.023Z"}
{"level":"info","message":"Workflow found: Signup Flow, status: ACTIVE","service":"workflow-backend","timestamp":"2026-08-11T17:25:47.059Z"}
{"level":"info","message":"Workflow already processed for idempotent key 1eeef1b6-cd2a-4c6c-812d-ae557048fe28","service":"workflow-backend","timestamp":"2026-08-11T17:25:47.142Z"}
{"level":"info","message":"Singup Workflow for email kiran.sadara6730@gmail.com executed successfully ","service":"workflow-backend","timestamp":"2026-08-11T17:25:47.143Z"}
{"level":"info","message":"Entered into the signup workflow execute controller","service":"workflow-backend","timestamp":"2026-08-11T17:25:47.147Z"}
{"level":"info","message":"Entered into signup workflow execution service for email kiran.sadara6730@gmail.com","service":"workflow-backend","timestamp":"2026-08-11T17:25:47.148Z"}
{"level":"info","message":"Workflow found: Signup Flow, status: ACTIVE","service":"workflow-backend","timestamp":"2026-08-11T17:25:47.200Z"}
{"level":"info","message":"Workflow already processed for idempotent key 1eeef1b6-cd2a-4c6c-812d-ae557048fe28","service":"workflow-backend","timestamp":"2026-08-11T17:25:47.249Z"}
{"level":"info","message":"Singup Workflow for email kiran.sadara6730@gmail.com executed successfully ","service":"workflow-backend","timestamp":"2026-08-11T17:25:47.249Z"}
{"level":"info","message":"Entered into the signup workflow execute controller","service":"workflow-backend","timestamp":"2026-08-11T17:25:47.253Z"}
{"level":"info","message":"Entered into signup workflow execution service for email kiran.sadara6730@gmail.com","service":"workflow-backend","timestamp":"2026-08-11T17:25:47.254Z"}
{"level":"info","message":"Workflow found: Signup Flow, status: ACTIVE","service":"workflow-backend","timestamp":"2026-08-11T17:25:47.629Z"}
{"level":"info","message":"Workflow already processed for idempotent key 1eeef1b6-cd2a-4c6c-812d-ae557048fe28","service":"workflow-backend","timestamp":"2026-08-11T17:25:47.718Z"}
{"level":"info","message":"Singup Workflow for email kiran.sadara6730@gmail.com executed successfully ","service":"workflow-backend","timestamp":"2026-08-11T17:25:47.719Z"}
{"level":"info","message":"Entered into the signup workflow execute controller","service":"workflow-backend","timestamp":"2026-08-11T17:25:47.724Z"}
{"level":"info","message":"Entered into signup workflow execution service for email kiran.sadara6730@gmail.com","service":"workflow-backend","timestamp":"2026-08-11T17:25:47.725Z"}
{"level":"info","message":"Workflow found: Signup Flow, status: ACTIVE","service":"workflow-backend","timestamp":"2026-08-11T17:25:47.786Z"}
{"level":"info","message":"Workflow already processed for idempotent key 1eeef1b6-cd2a-4c6c-812d-ae557048fe28","service":"workflow-backend","timestamp":"2026-08-11T17:25:47.843Z"}
{"level":"info","message":"Singup Workflow for email kiran.sadara6730@gmail.com executed successfully ","service":"workflow-backend","timestamp":"2026-08-11T17:25:47.844Z"}
{"level":"info","message":"Entered into the signup workflow execute controller","service":"workflow-backend","timestamp":"2026-08-11T17:25:47.846Z"}
{"level":"info","message":"Entered into signup workflow execution service for email kiran.sadara6730@gmail.com","service":"workflow-backend","timestamp":"2026-08-11T17:25:47.847Z"}
{"level":"info","message":"Workflow found: Signup Flow, status: ACTIVE","service":"workflow-backend","timestamp":"2026-08-11T17:25:47.921Z"}
{"level":"info","message":"Workflow already processed for idempotent key 1eeef1b6-cd2a-4c6c-812d-ae557048fe28","service":"workflow-backend","timestamp":"2026-08-11T17:25:47.961Z"}
{"level":"info","message":"Singup Workflow for email kiran.sadara6730@gmail.com executed successfully ","service":"workflow-backend","timestamp":"2026-08-11T17:25:47.962Z"}
{"level":"info","message":"Entered into the signup workflow execute controller","service":"workflow-backend","timestamp":"2026-08-11T17:25:47.965Z"}
{"level":"info","message":"Entered into signup workflow execution service for email kiran.sadara6730@gmail.com","service":"workflow-backend","timestamp":"2026-08-11T17:25:47.966Z"}
{"level":"info","message":"Workflow found: Signup Flow, status: ACTIVE","service":"workflow-backend","timestamp":"2026-08-11T17:25:48.008Z"}
{"level":"info","message":"Workflow already processed for idempotent key 1eeef1b6-cd2a-4c6c-812d-ae557048fe28","service":"workflow-backend","timestamp":"2026-08-11T17:25:48.047Z"}
{"level":"info","message":"Singup Workflow for email kiran.sadara6730@gmail.com executed successfully ","service":"workflow-backend","timestamp":"2026-08-11T17:25:48.047Z"}
{"level":"info","message":"Entered into the signup workflow execute controller","service":"workflow-backend","timestamp":"2026-08-11T17:25:48.051Z"}
{"level":"info","message":"Entered into signup workflow execution service for email kiran.sadara6730@gmail.com","service":"workflow-backend","timestamp":"2026-08-11T17:25:48.052Z"}
{"level":"info","message":"Workflow found: Signup Flow, status: ACTIVE","service":"workflow-backend","timestamp":"2026-08-11T17:25:48.103Z"}
{"level":"info","message":"Workflow already processed for idempotent key 1eeef1b6-cd2a-4c6c-812d-ae557048fe28","service":"workflow-backend","timestamp":"2026-08-11T17:25:48.143Z"}
{"level":"info","message":"Singup Workflow for email kiran.sadara6730@gmail.com executed successfully ","service":"workflow-backend","timestamp":"2026-08-11T17:25:48.143Z"}
{"level":"info","message":"Entered into the signup workflow execute controller","service":"workflow-backend","timestamp":"2026-08-11T17:25:48.147Z"}
{"level":"info","message":"Entered into signup workflow execution service for email kiran.sadara6730@gmail.com","service":"workflow-backend","timestamp":"2026-08-11T17:25:48.147Z"}
{"level":"info","message":"Workflow found: Signup Flow, status: ACTIVE","service":"workflow-backend","timestamp":"2026-08-11T17:25:48.227Z"}
{"level":"info","message":"Workflow already processed for idempotent key 1eeef1b6-cd2a-4c6c-812d-ae557048fe28","service":"workflow-backend","timestamp":"2026-08-11T17:25:48.306Z"}
{"level":"info","message":"Singup Workflow for email kiran.sadara6730@gmail.com executed successfully ","service":"workflow-backend","timestamp":"2026-08-11T17:25:48.309Z"}
{"level":"info","message":"Entered into the signup workflow execute controller","service":"workflow-backend","timestamp":"2026-08-11T17:25:48.315Z"}
{"level":"info","message":"Entered into signup workflow execution service for email kiran.sadara6730@gmail.com","service":"workflow-backend","timestamp":"2026-08-11T17:25:48.316Z"}
{"level":"info","message":"Workflow found: Signup Flow, status: ACTIVE","service":"workflow-backend","timestamp":"2026-08-11T17:25:48.353Z"}
{"level":"info","message":"Workflow already processed for idempotent key 1eeef1b6-cd2a-4c6c-812d-ae557048fe28","service":"workflow-backend","timestamp":"2026-08-11T17:25:48.392Z"}
{"level":"info","message":"Singup Workflow for email kiran.sadara6730@gmail.com executed successfully ","service":"workflow-backend","timestamp":"2026-08-11T17:25:48.392Z"}
{"level":"info","message":"Entered into the signup workflow execute controller","service":"workflow-backend","timestamp":"2026-08-11T17:25:48.396Z"}
{"level":"info","message":"Entered into signup workflow execution service for email kiran.sadara6730@gmail.com","service":"workflow-backend","timestamp":"2026-08-11T17:25:48.397Z"}
{"level":"info","message":"Workflow found: Signup Flow, status: ACTIVE","service":"workflow-backend","timestamp":"2026-08-11T17:25:48.436Z"}
{"level":"info","message":"Workflow already processed for idempotent key 1eeef1b6-cd2a-4c6c-812d-ae557048fe28","service":"workflow-backend","timestamp":"2026-08-11T17:25:48.598Z"}
{"level":"info","message":"Singup Workflow for email kiran.sadara6730@gmail.com executed successfully ","service":"workflow-backend","timestamp":"2026-08-11T17:25:48.599Z"}
{"level":"info","message":"Entered into the signup workflow execute controller","service":"workflow-backend","timestamp":"2026-08-11T17:25:48.605Z"}
{"level":"info","message":"Entered into signup workflow execution service for email kiran.sadara6730@gmail.com","service":"workflow-backend","timestamp":"2026-08-11T17:25:48.606Z"}
{"level":"info","message":"Workflow found: Signup Flow, status: ACTIVE","service":"workflow-backend","timestamp":"2026-08-11T17:25:48.653Z"}
{"level":"info","message":"Workflow already processed for idempotent key 1eeef1b6-cd2a-4c6c-812d-ae557048fe28","service":"workflow-backend","timestamp":"2026-08-11T17:25:48.695Z"}
{"level":"info","message":"Singup Workflow for email kiran.sadara6730@gmail.com executed successfully ","service":"workflow-backend","timestamp":"2026-08-11T17:25:48.696Z"}
{"level":"info","message":"Entered into the signup workflow execute controller","service":"workflow-backend","timestamp":"2026-08-11T17:25:48.699Z"}
{"level":"info","message":"Entered into signup workflow execution service for email kiran.sadara6730@gmail.com","service":"workflow-backend","timestamp":"2026-08-11T17:25:48.699Z"}
{"level":"info","message":"Workflow found: Signup Flow, status: ACTIVE","service":"workflow-backend","timestamp":"2026-08-11T17:25:48.760Z"}
{"level":"info","message":"Workflow already processed for idempotent key 1eeef1b6-cd2a-4c6c-812d-ae557048fe28","service":"workflow-backend","timestamp":"2026-08-11T17:25:48.819Z"}
{"level":"info","message":"Singup Workflow for email kiran.sadara6730@gmail.com executed successfully ","service":"workflow-backend","timestamp":"2026-08-11T17:25:48.820Z"}
{"level":"info","message":"Entered into the signup workflow execute controller","service":"workflow-backend","timestamp":"2026-08-11T17:25:48.823Z"}
{"level":"info","message":"Entered into signup workflow execution service for email kiran.sadara6730@gmail.com","service":"workflow-backend","timestamp":"2026-08-11T17:25:48.824Z"}
{"level":"info","message":"Workflow found: Signup Flow, status: ACTIVE","service":"workflow-backend","timestamp":"2026-08-11T17:25:48.934Z"}
{"level":"info","message":"Workflow already processed for idempotent key 1eeef1b6-cd2a-4c6c-812d-ae557048fe28","service":"workflow-backend","timestamp":"2026-08-11T17:25:48.991Z"}
{"level":"info","message":"Singup Workflow for email kiran.sadara6730@gmail.com executed successfully ","service":"workflow-backend","timestamp":"2026-08-11T17:25:48.992Z"}
{"level":"info","message":"Entered into the signup workflow execute controller","service":"workflow-backend","timestamp":"2026-08-11T17:25:48.996Z"}
{"level":"info","message":"Entered into signup workflow execution service for email kiran.sadara6730@gmail.com","service":"workflow-backend","timestamp":"2026-08-11T17:25:48.997Z"}
{"level":"info","message":"Workflow found: Signup Flow, status: ACTIVE","service":"workflow-backend","timestamp":"2026-08-11T17:25:49.042Z"}
{"level":"info","message":"Workflow already processed for idempotent key 1eeef1b6-cd2a-4c6c-812d-ae557048fe28","service":"workflow-backend","timestamp":"2026-08-11T17:25:49.085Z"}
{"level":"info","message":"Singup Workflow for email kiran.sadara6730@gmail.com executed successfully ","service":"workflow-backend","timestamp":"2026-08-11T17:25:49.086Z"}
{"level":"info","message":"Entered into the signup workflow execute controller","service":"workflow-backend","timestamp":"2026-08-11T17:25:49.089Z"}
{"level":"info","message":"Entered into signup workflow execution service for email kiran.sadara6730@gmail.com","service":"workflow-backend","timestamp":"2026-08-11T17:25:49.090Z"}
{"level":"info","message":"Workflow found: Signup Flow, status: ACTIVE","service":"workflow-backend","timestamp":"2026-08-11T17:25:49.135Z"}
{"level":"info","message":"Workflow already processed for idempotent key 1eeef1b6-cd2a-4c6c-812d-ae557048fe28","service":"workflow-backend","timestamp":"2026-08-11T17:25:49.260Z"}
{"level":"info","message":"Singup Workflow for email kiran.sadara6730@gmail.com executed successfully ","service":"workflow-backend","timestamp":"2026-08-11T17:25:49.261Z"}
{"level":"info","message":"Entered into the signup workflow execute controller","service":"workflow-backend","timestamp":"2026-08-11T17:25:49.266Z"}
{"level":"info","message":"Entered into signup workflow execution service for email kiran.sadara6730@gmail.com","service":"workflow-backend","timestamp":"2026-08-11T17:25:49.266Z"}
{"level":"info","message":"Workflow found: Signup Flow, status: ACTIVE","service":"workflow-backend","timestamp":"2026-08-11T17:25:49.305Z"}
{"level":"info","message":"Workflow already processed for idempotent key 1eeef1b6-cd2a-4c6c-812d-ae557048fe28","service":"workflow-backend","timestamp":"2026-08-11T17:25:49.348Z"}
{"level":"info","message":"Singup Workflow for email kiran.sadara6730@gmail.com executed successfully ","service":"workflow-backend","timestamp":"2026-08-11T17:25:49.349Z"}
{"level":"info","message":"Entered into the signup workflow execute controller","service":"workflow-backend","timestamp":"2026-08-11T17:25:49.352Z"}
{"level":"info","message":"Entered into signup workflow execution service for email kiran.sadara6730@gmail.com","service":"workflow-backend","timestamp":"2026-08-11T17:25:49.353Z"}
{"level":"info","message":"Workflow found: Signup Flow, status: ACTIVE","service":"workflow-backend","timestamp":"2026-08-11T17:25:49.414Z"}
{"level":"info","message":"Workflow already processed for idempotent key 1eeef1b6-cd2a-4c6c-812d-ae557048fe28","service":"workflow-backend","timestamp":"2026-08-11T17:25:49.477Z"}
{"level":"info","message":"Singup Workflow for email kiran.sadara6730@gmail.com executed successfully ","service":"workflow-backend","timestamp":"2026-08-11T17:25:49.477Z"}
{"level":"info","message":"Entered into the signup workflow execute controller","service":"workflow-backend","timestamp":"2026-08-11T17:25:49.481Z"}
{"level":"info","message":"Entered into signup workflow execution service for email kiran.sadara6730@gmail.com","service":"workflow-backend","timestamp":"2026-08-11T17:25:49.482Z"}
{"level":"info","message":"Workflow found: Signup Flow, status: ACTIVE","service":"workflow-backend","timestamp":"2026-08-11T17:25:49.539Z"}
{"level":"info","message":"Workflow already processed for idempotent key 1eeef1b6-cd2a-4c6c-812d-ae557048fe28","service":"workflow-backend","timestamp":"2026-08-11T17:25:49.584Z"}
{"level":"info","message":"Singup Workflow for email kiran.sadara6730@gmail.com executed successfully ","service":"workflow-backend","timestamp":"2026-08-11T17:25:49.584Z"}
{"level":"info","message":"Entered into the signup workflow execute controller","service":"workflow-backend","timestamp":"2026-08-11T17:25:49.588Z"}
{"level":"info","message":"Entered into signup workflow execution service for email kiran.sadara6730@gmail.com","service":"workflow-backend","timestamp":"2026-08-11T17:25:49.589Z"}
{"level":"info","message":"Workflow found: Signup Flow, status: ACTIVE","service":"workflow-backend","timestamp":"2026-08-11T17:25:49.691Z"}
{"level":"info","message":"Workflow already processed for idempotent key 1eeef1b6-cd2a-4c6c-812d-ae557048fe28","service":"workflow-backend","timestamp":"2026-08-11T17:25:49.760Z"}
{"level":"info","message":"Singup Workflow for email kiran.sadara6730@gmail.com executed successfully ","service":"workflow-backend","timestamp":"2026-08-11T17:25:49.760Z"}
{"level":"info","message":"Entered into the signup workflow execute controller","service":"workflow-backend","timestamp":"2026-08-11T17:25:49.766Z"}
{"level":"info","message":"Entered into signup workflow execution service for email kiran.sadara6730@gmail.com","service":"workflow-backend","timestamp":"2026-08-11T17:25:49.767Z"}
{"level":"info","message":"Workflow found: Signup Flow, status: ACTIVE","service":"workflow-backend","timestamp":"2026-08-11T17:25:49.817Z"}
{"level":"info","message":"Workflow already processed for idempotent key 1eeef1b6-cd2a-4c6c-812d-ae557048fe28","service":"workflow-backend","timestamp":"2026-08-11T17:25:49.859Z"}
{"level":"info","message":"Singup Workflow for email kiran.sadara6730@gmail.com executed successfully ","service":"workflow-backend","timestamp":"2026-08-11T17:25:49.860Z"}
{"level":"info","message":"Entered into the signup workflow execute controller","service":"workflow-backend","timestamp":"2026-08-11T17:25:49.864Z"}
{"level":"info","message":"Entered into signup workflow execution service for email kiran.sadara6730@gmail.com","service":"workflow-backend","timestamp":"2026-08-11T17:25:49.865Z"}
{"level":"info","message":"Workflow found: Signup Flow, status: ACTIVE","service":"workflow-backend","timestamp":"2026-08-11T17:25:49.903Z"}
{"level":"info","message":"Workflow already processed for idempotent key 1eeef1b6-cd2a-4c6c-812d-ae557048fe28","service":"workflow-backend","timestamp":"2026-08-11T17:25:50.021Z"}
{"level":"info","message":"Singup Workflow for email kiran.sadara6730@gmail.com executed successfully ","service":"workflow-backend","timestamp":"2026-08-11T17:25:50.022Z"}
{"level":"info","message":"Entered into the signup workflow execute controller","service":"workflow-backend","timestamp":"2026-08-11T17:25:50.026Z"}
{"level":"info","message":"Entered into signup workflow execution service for email kiran.sadara6730@gmail.com","service":"workflow-backend","timestamp":"2026-08-11T17:25:50.027Z"}
{"level":"info","message":"Workflow found: Signup Flow, status: ACTIVE","service":"workflow-backend","timestamp":"2026-08-11T17:25:50.070Z"}
{"level":"info","message":"Workflow already processed for idempotent key 1eeef1b6-cd2a-4c6c-812d-ae557048fe28","service":"workflow-backend","timestamp":"2026-08-11T17:25:50.121Z"}
{"level":"info","message":"Singup Workflow for email kiran.sadara6730@gmail.com executed successfully ","service":"workflow-backend","timestamp":"2026-08-11T17:25:50.122Z"}
{"level":"info","message":"Entered into the signup workflow execute controller","service":"workflow-backend","timestamp":"2026-08-11T17:25:50.126Z"}
{"level":"info","message":"Entered into signup workflow execution service for email kiran.sadara6730@gmail.com","service":"workflow-backend","timestamp":"2026-08-11T17:25:50.127Z"}
{"level":"info","message":"Workflow found: Signup Flow, status: ACTIVE","service":"workflow-backend","timestamp":"2026-08-11T17:25:50.188Z"}
{"level":"info","message":"Workflow already processed for idempotent key 1eeef1b6-cd2a-4c6c-812d-ae557048fe28","service":"workflow-backend","timestamp":"2026-08-11T17:25:50.236Z"}
{"level":"info","message":"Singup Workflow for email kiran.sadara6730@gmail.com executed successfully ","service":"workflow-backend","timestamp":"2026-08-11T17:25:50.237Z"}
{"level":"info","message":"Entered into the signup workflow execute controller","service":"workflow-backend","timestamp":"2026-08-11T17:25:50.242Z"}
{"level":"info","message":"Entered into signup workflow execution service for email kiran.sadara6730@gmail.com","service":"workflow-backend","timestamp":"2026-08-11T17:25:50.243Z"}
{"level":"info","message":"Workflow found: Signup Flow, status: ACTIVE","service":"workflow-backend","timestamp":"2026-08-11T17:25:50.282Z"}
{"level":"info","message":"Workflow already processed for idempotent key 1eeef1b6-cd2a-4c6c-812d-ae557048fe28","service":"workflow-backend","timestamp":"2026-08-11T17:25:50.350Z"}
{"level":"info","message":"Singup Workflow for email kiran.sadara6730@gmail.com executed successfully ","service":"workflow-backend","timestamp":"2026-08-11T17:25:50.351Z"}
{"level":"info","message":"Entered into the signup workflow execute controller","service":"workflow-backend","timestamp":"2026-08-11T17:25:50.357Z"}
{"level":"info","message":"Entered into signup workflow execution service for email kiran.sadara6730@gmail.com","service":"workflow-backend","timestamp":"2026-08-11T17:25:50.357Z"}
{"level":"info","message":"Workflow found: Signup Flow, status: ACTIVE","service":"workflow-backend","timestamp":"2026-08-11T17:25:50.445Z"}
{"level":"info","message":"Workflow already processed for idempotent key 1eeef1b6-cd2a-4c6c-812d-ae557048fe28","service":"workflow-backend","timestamp":"2026-08-11T17:25:51.216Z"}
{"level":"info","message":"Singup Workflow for email kiran.sadara6730@gmail.com executed successfully ","service":"workflow-backend","timestamp":"2026-08-11T17:25:51.216Z"}
{"level":"info","message":"Entered into the signup workflow execute controller","service":"workflow-backend","timestamp":"2026-08-11T17:25:51.219Z"}
{"level":"info","message":"Entered into signup workflow execution service for email kiran.sadara6730@gmail.com","service":"workflow-backend","timestamp":"2026-08-11T17:25:51.220Z"}
{"level":"info","message":"Workflow found: Signup Flow, status: ACTIVE","service":"workflow-backend","timestamp":"2026-08-11T17:25:51.258Z"}
{"level":"info","message":"Workflow already processed for idempotent key 1eeef1b6-cd2a-4c6c-812d-ae557048fe28","service":"workflow-backend","timestamp":"2026-08-11T17:25:51.330Z"}
{"level":"info","message":"Singup Workflow for email kiran.sadara6730@gmail.com executed successfully ","service":"workflow-backend","timestamp":"2026-08-11T17:25:51.330Z"}
{"level":"info","message":"Entered into the signup workflow execute controller","service":"workflow-backend","timestamp":"2026-08-11T17:25:51.334Z"}
{"level":"info","message":"Entered into signup workflow execution service for email kiran.sadara6730@gmail.com","service":"workflow-backend","timestamp":"2026-08-11T17:25:51.334Z"}
{"level":"info","message":"Workflow found: Signup Flow, status: ACTIVE","service":"workflow-backend","timestamp":"2026-08-11T17:25:51.748Z"}
{"level":"info","message":"Workflow already processed for idempotent key 1eeef1b6-cd2a-4c6c-812d-ae557048fe28","service":"workflow-backend","timestamp":"2026-08-11T17:25:51.806Z"}
{"level":"info","message":"Singup Workflow for email kiran.sadara6730@gmail.com executed successfully ","service":"workflow-backend","timestamp":"2026-08-11T17:25:51.806Z"}
{"level":"info","message":"Entered into the signup workflow execute controller","service":"workflow-backend","timestamp":"2026-08-11T17:25:51.809Z"}
{"level":"info","message":"Entered into signup workflow execution service for email kiran.sadara6730@gmail.com","service":"workflow-backend","timestamp":"2026-08-11T17:25:51.809Z"}
{"level":"info","message":"Workflow found: Signup Flow, status: ACTIVE","service":"workflow-backend","timestamp":"2026-08-11T17:25:51.847Z"}
{"level":"info","message":"Workflow already processed for idempotent key 1eeef1b6-cd2a-4c6c-812d-ae557048fe28","service":"workflow-backend","timestamp":"2026-08-11T17:25:51.932Z"}
{"level":"info","message":"Singup Workflow for email kiran.sadara6730@gmail.com executed successfully ","service":"workflow-backend","timestamp":"2026-08-11T17:25:51.932Z"}
{"level":"info","message":"Entered into the signup workflow execute controller","service":"workflow-backend","timestamp":"2026-08-11T17:25:51.935Z"}
{"level":"info","message":"Entered into signup workflow execution service for email kiran.sadara6730@gmail.com","service":"workflow-backend","timestamp":"2026-08-11T17:25:51.936Z"}
{"level":"info","message":"Workflow found: Signup Flow, status: ACTIVE","service":"workflow-backend","timestamp":"2026-08-11T17:25:51.981Z"}
{"level":"info","message":"Workflow already processed for idempotent key 1eeef1b6-cd2a-4c6c-812d-ae557048fe28","service":"workflow-backend","timestamp":"2026-08-11T17:25:55.754Z"}
{"level":"info","message":"Singup Workflow for email kiran.sadara6730@gmail.com executed successfully ","service":"workflow-backend","timestamp":"2026-08-11T17:25:55.755Z"}
{"level":"info","message":"Entered into the signup workflow execute controller","service":"workflow-backend","timestamp":"2026-08-11T17:25:55.761Z"}
{"level":"info","message":"Entered into signup workflow execution service for email kiran.sadara6730@gmail.com","service":"workflow-backend","timestamp":"2026-08-11T17:25:55.762Z"}
{"level":"info","message":"Workflow found: Signup Flow, status: ACTIVE","service":"workflow-backend","timestamp":"2026-08-11T17:25:55.977Z"}
{"level":"info","message":"Workflow already processed for idempotent key 1eeef1b6-cd2a-4c6c-812d-ae557048fe28","service":"workflow-backend","timestamp":"2026-08-11T17:25:57.521Z"}
{"level":"info","message":"Singup Workflow for email kiran.sadara6730@gmail.com executed successfully ","service":"workflow-backend","timestamp":"2026-08-11T17:25:57.522Z"}
{"level":"info","message":"Entered into the signup workflow execute controller","service":"workflow-backend","timestamp":"2026-08-11T17:25:57.526Z"}
{"level":"info","message":"Entered into signup workflow execution service for email kiran.sadara6730@gmail.com","service":"workflow-backend","timestamp":"2026-08-11T17:25:57.526Z"}
{"level":"info","message":"Workflow found: Signup Flow, status: ACTIVE","service":"workflow-backend","timestamp":"2026-08-11T17:25:57.686Z"}
{"level":"info","message":"Workflow already processed for idempotent key 1eeef1b6-cd2a-4c6c-812d-ae557048fe28","service":"workflow-backend","timestamp":"2026-08-11T17:26:00.553Z"}
{"level":"info","message":"Singup Workflow for email kiran.sadara6730@gmail.com executed successfully ","service":"workflow-backend","timestamp":"2026-08-11T17:26:00.554Z"}
{"level":"info","message":"Entered into the signup workflow execute controller","service":"workflow-backend","timestamp":"2026-08-11T17:26:00.557Z"}
{"level":"info","message":"Entered into signup workflow execution service for email kiran.sadara6730@gmail.com","service":"workflow-backend","timestamp":"2026-08-11T17:26:00.557Z"}
{"level":"info","message":"Workflow found: Signup Flow, status: ACTIVE","service":"workflow-backend","timestamp":"2026-08-11T17:26:00.603Z"}
{"level":"info","message":"Workflow already processed for idempotent key 1eeef1b6-cd2a-4c6c-812d-ae557048fe28","service":"workflow-backend","timestamp":"2026-08-11T17:26:00.843Z"}
{"level":"info","message":"Singup Workflow for email kiran.sadara6730@gmail.com executed successfully ","service":"workflow-backend","timestamp":"2026-08-11T17:26:00.844Z"}
{"level":"info","message":"Entered into the signup workflow execute controller","service":"workflow-backend","timestamp":"2026-08-11T17:26:00.849Z"}
{"level":"info","message":"Entered into signup workflow execution service for email kiran.sadara6730@gmail.com","service":"workflow-backend","timestamp":"2026-08-11T17:26:00.850Z"}
{"level":"info","message":"Workflow found: Signup Flow, status: ACTIVE","service":"workflow-backend","timestamp":"2026-08-11T17:26:01.781Z"}
{"level":"info","message":"Workflow already processed for idempotent key 1eeef1b6-cd2a-4c6c-812d-ae557048fe28","service":"workflow-backend","timestamp":"2026-08-11T17:26:03.682Z"}
{"level":"info","message":"Singup Workflow for email kiran.sadara6730@gmail.com executed successfully ","service":"workflow-backend","timestamp":"2026-08-11T17:26:03.683Z"}
{"level":"info","message":"Entered into the signup workflow execute controller","service":"workflow-backend","timestamp":"2026-08-11T17:26:03.685Z"}
{"level":"info","message":"Entered into signup workflow execution service for email kiran.sadara6730@gmail.com","service":"workflow-backend","timestamp":"2026-08-11T17:26:03.686Z"}
{"level":"info","message":"Workflow found: Signup Flow, status: ACTIVE","service":"workflow-backend","timestamp":"2026-08-11T17:26:03.856Z"}
{"level":"info","message":"Workflow already processed for idempotent key 1eeef1b6-cd2a-4c6c-812d-ae557048fe28","service":"workflow-backend","timestamp":"2026-08-11T17:26:04.408Z"}
{"level":"info","message":"Singup Workflow for email kiran.sadara6730@gmail.com executed successfully ","service":"workflow-backend","timestamp":"2026-08-11T17:26:04.409Z"}
{"level":"info","message":"Entered into the signup workflow execute controller","service":"workflow-backend","timestamp":"2026-08-11T17:26:04.414Z"}
{"level":"info","message":"Entered into signup workflow execution service for email kiran.sadara6730@gmail.com","service":"workflow-backend","timestamp":"2026-08-11T17:26:04.415Z"}
{"level":"info","message":"Workflow found: Signup Flow, status: ACTIVE","service":"workflow-backend","timestamp":"2026-08-11T17:26:04.454Z"}
{"level":"info","message":"Workflow already processed for idempotent key 1eeef1b6-cd2a-4c6c-812d-ae557048fe28","service":"workflow-backend","timestamp":"2026-08-11T17:26:04.529Z"}
{"level":"info","message":"Singup Workflow for email kiran.sadara6730@gmail.com executed successfully ","service":"workflow-backend","timestamp":"2026-08-11T17:26:04.530Z"}
{"level":"info","message":"Entered into the signup workflow execute controller","service":"workflow-backend","timestamp":"2026-08-11T17:26:04.532Z"}
{"level":"info","message":"Entered into signup workflow execution service for email kiran.sadara6730@gmail.com","service":"workflow-backend","timestamp":"2026-08-11T17:26:04.532Z"}
{"level":"info","message":"Workflow found: Signup Flow, status: ACTIVE","service":"workflow-backend","timestamp":"2026-08-11T17:26:04.600Z"}
{"level":"info","message":"Workflow already processed for idempotent key 1eeef1b6-cd2a-4c6c-812d-ae557048fe28","service":"workflow-backend","timestamp":"2026-08-11T17:26:04.983Z"}
{"level":"info","message":"Singup Workflow for email kiran.sadara6730@gmail.com executed successfully ","service":"workflow-backend","timestamp":"2026-08-11T17:26:04.984Z"}
{"level":"info","message":"Entered into the signup workflow execute controller","service":"workflow-backend","timestamp":"2026-08-11T17:26:04.990Z"}
{"level":"info","message":"Entered into signup workflow execution service for email kiran.sadara6730@gmail.com","service":"workflow-backend","timestamp":"2026-08-11T17:26:04.991Z"}
{"level":"info","message":"Workflow found: Signup Flow, status: ACTIVE","service":"workflow-backend","timestamp":"2026-08-11T17:26:05.055Z"}
{"level":"info","message":"Workflow already processed for idempotent key 1eeef1b6-cd2a-4c6c-812d-ae557048fe28","service":"workflow-backend","timestamp":"2026-08-11T17:26:05.551Z"}
{"level":"info","message":"Singup Workflow for email kiran.sadara6730@gmail.com executed successfully ","service":"workflow-backend","timestamp":"2026-08-11T17:26:05.551Z"}
{"level":"info","message":"Entered into the signup workflow execute controller","service":"workflow-backend","timestamp":"2026-08-11T17:26:05.556Z"}
{"level":"info","message":"Entered into signup workflow execution service for email kiran.sadara6730@gmail.com","service":"workflow-backend","timestamp":"2026-08-11T17:26:05.557Z"}
{"level":"info","message":"Workflow found: Signup Flow, status: ACTIVE","service":"workflow-backend","timestamp":"2026-08-11T17:26:05.609Z"}
{"level":"info","message":"Workflow already processed for idempotent key 1eeef1b6-cd2a-4c6c-812d-ae557048fe28","service":"workflow-backend","timestamp":"2026-08-11T17:26:05.683Z"}
{"level":"info","message":"Singup Workflow for email kiran.sadara6730@gmail.com executed successfully ","service":"workflow-backend","timestamp":"2026-08-11T17:26:05.684Z"}
{"level":"info","message":"Entered into the signup workflow execute controller","service":"workflow-backend","timestamp":"2026-08-11T17:26:05.686Z"}
{"level":"info","message":"Entered into signup workflow execution service for email kiran.sadara6730@gmail.com","service":"workflow-backend","timestamp":"2026-08-11T17:26:05.687Z"}
{"level":"info","message":"Workflow found: Signup Flow, status: ACTIVE","service":"workflow-backend","timestamp":"2026-08-11T17:26:05.723Z"}
{"level":"info","message":"Workflow already processed for idempotent key 1eeef1b6-cd2a-4c6c-812d-ae557048fe28","service":"workflow-backend","timestamp":"2026-08-11T17:26:05.761Z"}
{"level":"info","message":"Singup Workflow for email kiran.sadara6730@gmail.com executed successfully ","service":"workflow-backend","timestamp":"2026-08-11T17:26:05.761Z"}
{"level":"info","message":"Entered into the signup workflow execute controller","service":"workflow-backend","timestamp":"2026-08-11T17:26:05.765Z"}
{"level":"info","message":"Entered into signup workflow execution service for email kiran.sadara6730@gmail.com","service":"workflow-backend","timestamp":"2026-08-11T17:26:05.766Z"}
{"level":"info","message":"Workflow found: Signup Flow, status: ACTIVE","service":"workflow-backend","timestamp":"2026-08-11T17:26:05.808Z"}
{"level":"info","message":"Workflow already processed for idempotent key 1eeef1b6-cd2a-4c6c-812d-ae557048fe28","service":"workflow-backend","timestamp":"2026-08-11T17:26:05.852Z"}
{"level":"info","message":"Singup Workflow for email kiran.sadara6730@gmail.com executed successfully ","service":"workflow-backend","timestamp":"2026-08-11T17:26:05.853Z"}
{"level":"info","message":"Entered into the signup workflow execute controller","service":"workflow-backend","timestamp":"2026-08-11T17:26:05.856Z"}
{"level":"info","message":"Entered into signup workflow execution service for email kiran.sadara6730@gmail.com","service":"workflow-backend","timestamp":"2026-08-11T17:26:05.856Z"}
{"level":"info","message":"Workflow found: Signup Flow, status: ACTIVE","service":"workflow-backend","timestamp":"2026-08-11T17:26:05.893Z"}
{"level":"info","message":"Workflow already processed for idempotent key 1eeef1b6-cd2a-4c6c-812d-ae557048fe28","service":"workflow-backend","timestamp":"2026-08-11T17:26:05.958Z"}
{"level":"info","message":"Singup Workflow for email kiran.sadara6730@gmail.com executed successfully ","service":"workflow-backend","timestamp":"2026-08-11T17:26:05.958Z"}
{"level":"info","message":"Entered into the signup workflow execute controller","service":"workflow-backend","timestamp":"2026-08-11T17:26:05.961Z"}
{"level":"info","message":"Entered into signup workflow execution service for email kiran.sadara6730@gmail.com","service":"workflow-backend","timestamp":"2026-08-11T17:26:05.962Z"}
{"level":"info","message":"Workflow found: Signup Flow, status: ACTIVE","service":"workflow-backend","timestamp":"2026-08-11T17:26:06.017Z"}
{"level":"info","message":"Workflow already processed for idempotent key 1eeef1b6-cd2a-4c6c-812d-ae557048fe28","service":"workflow-backend","timestamp":"2026-08-11T17:26:06.062Z"}
{"level":"info","message":"Singup Workflow for email kiran.sadara6730@gmail.com executed successfully ","service":"workflow-backend","timestamp":"2026-08-11T17:26:06.063Z"}
{"level":"info","message":"Entered into the signup workflow execute controller","service":"workflow-backend","timestamp":"2026-08-11T17:26:06.068Z"}
{"level":"info","message":"Entered into signup workflow execution service for email kiran.sadara6730@gmail.com","service":"workflow-backend","timestamp":"2026-08-11T17:26:06.068Z"}
{"level":"info","message":"Workflow found: Signup Flow, status: ACTIVE","service":"workflow-backend","timestamp":"2026-08-11T17:26:06.103Z"}
{"level":"info","message":"Workflow already processed for idempotent key 1eeef1b6-cd2a-4c6c-812d-ae557048fe28","service":"workflow-backend","timestamp":"2026-08-11T17:26:06.157Z"}
{"level":"info","message":"Singup Workflow for email kiran.sadara6730@gmail.com executed successfully ","service":"workflow-backend","timestamp":"2026-08-11T17:26:06.157Z"}
{"level":"info","message":"Entered into the signup workflow execute controller","service":"workflow-backend","timestamp":"2026-08-11T17:26:06.161Z"}
{"level":"info","message":"Entered into signup workflow execution service for email kiran.sadara6730@gmail.com","service":"workflow-backend","timestamp":"2026-08-11T17:26:06.161Z"}
{"level":"info","message":"Workflow found: Signup Flow, status: ACTIVE","service":"workflow-backend","timestamp":"2026-08-11T17:26:06.200Z"}
{"level":"info","message":"Workflow already processed for idempotent key 1eeef1b6-cd2a-4c6c-812d-ae557048fe28","service":"workflow-backend","timestamp":"2026-08-11T17:26:06.248Z"}
{"level":"info","message":"Singup Workflow for email kiran.sadara6730@gmail.com executed successfully ","service":"workflow-backend","timestamp":"2026-08-11T17:26:06.248Z"}
{"level":"info","message":"Entered into the signup workflow execute controller","service":"workflow-backend","timestamp":"2026-08-11T17:26:06.251Z"}
{"level":"info","message":"Entered into signup workflow execution service for email kiran.sadara6730@gmail.com","service":"workflow-backend","timestamp":"2026-08-11T17:26:06.252Z"}
{"level":"info","message":"Workflow found: Signup Flow, status: ACTIVE","service":"workflow-backend","timestamp":"2026-08-11T17:26:06.289Z"}
{"level":"info","message":"Workflow already processed for idempotent key 1eeef1b6-cd2a-4c6c-812d-ae557048fe28","service":"workflow-backend","timestamp":"2026-08-11T17:26:06.337Z"}
{"level":"info","message":"Singup Workflow for email kiran.sadara6730@gmail.com executed successfully ","service":"workflow-backend","timestamp":"2026-08-11T17:26:06.337Z"}
{"level":"info","message":"Entered into the signup workflow execute controller","service":"workflow-backend","timestamp":"2026-08-11T17:26:06.340Z"}
{"level":"info","message":"Entered into signup workflow execution service for email kiran.sadara6730@gmail.com","service":"workflow-backend","timestamp":"2026-08-11T17:26:06.341Z"}
{"level":"info","message":"Workflow found: Signup Flow, status: ACTIVE","service":"workflow-backend","timestamp":"2026-08-11T17:26:06.380Z"}
{"level":"info","message":"Workflow already processed for idempotent key 1eeef1b6-cd2a-4c6c-812d-ae557048fe28","service":"workflow-backend","timestamp":"2026-08-11T17:26:06.415Z"}
{"level":"info","message":"Singup Workflow for email kiran.sadara6730@gmail.com executed successfully ","service":"workflow-backend","timestamp":"2026-08-11T17:26:06.416Z"}
{"level":"info","message":"Entered into the signup workflow execute controller","service":"workflow-backend","timestamp":"2026-08-11T17:26:06.419Z"}
{"level":"info","message":"Entered into signup workflow execution service for email kiran.sadara6730@gmail.com","service":"workflow-backend","timestamp":"2026-08-11T17:26:06.420Z"}
{"level":"info","message":"Workflow found: Signup Flow, status: ACTIVE","service":"workflow-backend","timestamp":"2026-08-11T17:26:06.458Z"}
{"level":"info","message":"Workflow already processed for idempotent key 1eeef1b6-cd2a-4c6c-812d-ae557048fe28","service":"workflow-backend","timestamp":"2026-08-11T17:26:06.499Z"}
{"level":"info","message":"Singup Workflow for email kiran.sadara6730@gmail.com executed successfully ","service":"workflow-backend","timestamp":"2026-08-11T17:26:06.499Z"}
{"level":"info","message":"Entered into the signup workflow execute controller","service":"workflow-backend","timestamp":"2026-08-11T17:26:06.504Z"}
{"level":"info","message":"Entered into signup workflow execution service for email kiran.sadara6730@gmail.com","service":"workflow-backend","timestamp":"2026-08-11T17:26:06.504Z"}
{"level":"info","message":"Workflow found: Signup Flow, status: ACTIVE","service":"workflow-backend","timestamp":"2026-08-11T17:26:06.555Z"}
{"level":"info","message":"Workflow already processed for idempotent key 1eeef1b6-cd2a-4c6c-812d-ae557048fe28","service":"workflow-backend","timestamp":"2026-08-11T17:26:06.610Z"}
{"level":"info","message":"Singup Workflow for email kiran.sadara6730@gmail.com executed successfully ","service":"workflow-backend","timestamp":"2026-08-11T17:26:06.610Z"}
{"level":"info","message":"Entered into the signup workflow execute controller","service":"workflow-backend","timestamp":"2026-08-11T17:26:06.614Z"}
{"level":"info","message":"Entered into signup workflow execution service for email kiran.sadara6730@gmail.com","service":"workflow-backend","timestamp":"2026-08-11T17:26:06.615Z"}
{"level":"info","message":"Workflow found: Signup Flow, status: ACTIVE","service":"workflow-backend","timestamp":"2026-08-11T17:26:06.650Z"}
{"level":"info","message":"Workflow already processed for idempotent key 1eeef1b6-cd2a-4c6c-812d-ae557048fe28","service":"workflow-backend","timestamp":"2026-08-11T17:26:06.685Z"}
{"level":"info","message":"Singup Workflow for email kiran.sadara6730@gmail.com executed successfully ","service":"workflow-backend","timestamp":"2026-08-11T17:26:06.686Z"}
{"level":"info","message":"Entered into the signup workflow execute controller","service":"workflow-backend","timestamp":"2026-08-11T17:26:06.690Z"}
{"level":"info","message":"Entered into signup workflow execution service for email kiran.sadara6730@gmail.com","service":"workflow-backend","timestamp":"2026-08-11T17:26:06.691Z"}
{"level":"info","message":"Workflow found: Signup Flow, status: ACTIVE","service":"workflow-backend","timestamp":"2026-08-11T17:26:06.739Z"}
{"level":"info","message":"Workflow already processed for idempotent key 1eeef1b6-cd2a-4c6c-812d-ae557048fe28","service":"workflow-backend","timestamp":"2026-08-11T17:26:06.779Z"}
{"level":"info","message":"Singup Workflow for email kiran.sadara6730@gmail.com executed successfully ","service":"workflow-backend","timestamp":"2026-08-11T17:26:06.779Z"}
{"level":"info","message":"Entered into the signup workflow execute controller","service":"workflow-backend","timestamp":"2026-08-11T17:26:06.786Z"}
{"level":"info","message":"Entered into signup workflow execution service for email kiran.sadara6730@gmail.com","service":"workflow-backend","timestamp":"2026-08-11T17:26:06.787Z"}
{"level":"info","message":"Workflow found: Signup Flow, status: ACTIVE","service":"workflow-backend","timestamp":"2026-08-11T17:26:06.848Z"}
{"level":"info","message":"Workflow already processed for idempotent key 1eeef1b6-cd2a-4c6c-812d-ae557048fe28","service":"workflow-backend","timestamp":"2026-08-11T17:26:06.909Z"}
{"level":"info","message":"Singup Workflow for email kiran.sadara6730@gmail.com executed successfully ","service":"workflow-backend","timestamp":"2026-08-11T17:26:06.910Z"}
{"level":"info","message":"Entered into the signup workflow execute controller","service":"workflow-backend","timestamp":"2026-08-11T17:26:06.916Z"}
{"level":"info","message":"Entered into signup workflow execution service for email kiran.sadara6730@gmail.com","service":"workflow-backend","timestamp":"2026-08-11T17:26:06.917Z"}
{"level":"info","message":"Workflow found: Signup Flow, status: ACTIVE","service":"workflow-backend","timestamp":"2026-08-11T17:26:06.965Z"}
{"level":"info","message":"Workflow already processed for idempotent key 1eeef1b6-cd2a-4c6c-812d-ae557048fe28","service":"workflow-backend","timestamp":"2026-08-11T17:26:07.006Z"}
{"level":"info","message":"Singup Workflow for email kiran.sadara6730@gmail.com executed successfully ","service":"workflow-backend","timestamp":"2026-08-11T17:26:07.007Z"}
{"level":"info","message":"Entered into the signup workflow execute controller","service":"workflow-backend","timestamp":"2026-08-11T17:26:07.010Z"}
{"level":"info","message":"Entered into signup workflow execution service for email kiran.sadara6730@gmail.com","service":"workflow-backend","timestamp":"2026-08-11T17:26:07.011Z"}
{"level":"info","message":"Workflow found: Signup Flow, status: ACTIVE","service":"workflow-backend","timestamp":"2026-08-11T17:26:07.049Z"}
{"level":"info","message":"Workflow already processed for idempotent key 1eeef1b6-cd2a-4c6c-812d-ae557048fe28","service":"workflow-backend","timestamp":"2026-08-11T17:26:07.098Z"}
{"level":"info","message":"Singup Workflow for email kiran.sadara6730@gmail.com executed successfully ","service":"workflow-backend","timestamp":"2026-08-11T17:26:07.098Z"}
{"level":"info","message":"Entered into the signup workflow execute controller","service":"workflow-backend","timestamp":"2026-08-11T17:26:07.101Z"}
{"level":"info","message":"Entered into signup workflow execution service for email kiran.sadara6730@gmail.com","service":"workflow-backend","timestamp":"2026-08-11T17:26:07.102Z"}
{"level":"info","message":"Workflow found: Signup Flow, status: ACTIVE","service":"workflow-backend","timestamp":"2026-08-11T17:26:07.143Z"}
{"level":"info","message":"Workflow already processed for idempotent key 1eeef1b6-cd2a-4c6c-812d-ae557048fe28","service":"workflow-backend","timestamp":"2026-08-11T17:26:07.195Z"}
{"level":"info","message":"Singup Workflow for email kiran.sadara6730@gmail.com executed successfully ","service":"workflow-backend","timestamp":"2026-08-11T17:26:07.195Z"}
{"level":"info","message":"Entered into the signup workflow execute controller","service":"workflow-backend","timestamp":"2026-08-11T17:26:07.199Z"}
{"level":"info","message":"Entered into signup workflow execution service for email kiran.sadara6730@gmail.com","service":"workflow-backend","timestamp":"2026-08-11T17:26:07.199Z"}
{"level":"info","message":"Workflow found: Signup Flow, status: ACTIVE","service":"workflow-backend","timestamp":"2026-08-11T17:26:07.387Z"}
{"level":"info","message":"Workflow already processed for idempotent key 1eeef1b6-cd2a-4c6c-812d-ae557048fe28","service":"workflow-backend","timestamp":"2026-08-11T17:26:07.423Z"}
{"level":"info","message":"Singup Workflow for email kiran.sadara6730@gmail.com executed successfully ","service":"workflow-backend","timestamp":"2026-08-11T17:26:07.423Z"}
{"level":"info","message":"Entered into the signup workflow execute controller","service":"workflow-backend","timestamp":"2026-08-11T17:26:07.426Z"}
{"level":"info","message":"Entered into signup workflow execution service for email kiran.sadara6730@gmail.com","service":"workflow-backend","timestamp":"2026-08-11T17:26:07.426Z"}
{"level":"info","message":"Workflow found: Signup Flow, status: ACTIVE","service":"workflow-backend","timestamp":"2026-08-11T17:26:07.465Z"}
{"level":"info","message":"Workflow already processed for idempotent key 1eeef1b6-cd2a-4c6c-812d-ae557048fe28","service":"workflow-backend","timestamp":"2026-08-11T17:26:07.549Z"}
{"level":"info","message":"Singup Workflow for email kiran.sadara6730@gmail.com executed successfully ","service":"workflow-backend","timestamp":"2026-08-11T17:26:07.550Z"}
{"level":"info","message":"Entered into the signup workflow execute controller","service":"workflow-backend","timestamp":"2026-08-11T17:26:07.553Z"}
{"level":"info","message":"Entered into signup workflow execution service for email kiran.sadara6730@gmail.com","service":"workflow-backend","timestamp":"2026-08-11T17:26:07.553Z"}
{"level":"info","message":"Workflow found: Signup Flow, status: ACTIVE","service":"workflow-backend","timestamp":"2026-08-11T17:26:07.593Z"}
{"level":"info","message":"Workflow already processed for idempotent key 1eeef1b6-cd2a-4c6c-812d-ae557048fe28","service":"workflow-backend","timestamp":"2026-08-11T17:26:08.286Z"}
{"level":"info","message":"Singup Workflow for email kiran.sadara6730@gmail.com executed successfully ","service":"workflow-backend","timestamp":"2026-08-11T17:26:08.286Z"}
{"level":"info","message":"Entered into the signup workflow execute controller","service":"workflow-backend","timestamp":"2026-08-11T17:26:08.289Z"}
{"level":"info","message":"Entered into signup workflow execution service for email kiran.sadara6730@gmail.com","service":"workflow-backend","timestamp":"2026-08-11T17:26:08.290Z"}
{"level":"info","message":"Workflow found: Signup Flow, status: ACTIVE","service":"workflow-backend","timestamp":"2026-08-11T17:26:08.327Z"}
{"level":"info","message":"Workflow already processed for idempotent key 1eeef1b6-cd2a-4c6c-812d-ae557048fe28","service":"workflow-backend","timestamp":"2026-08-11T17:26:09.148Z"}
{"level":"info","message":"Singup Workflow for email kiran.sadara6730@gmail.com executed successfully ","service":"workflow-backend","timestamp":"2026-08-11T17:26:09.148Z"}
{"level":"info","message":"Entered into the signup workflow execute controller","service":"workflow-backend","timestamp":"2026-08-11T17:26:09.151Z"}
{"level":"info","message":"Entered into signup workflow execution service for email kiran.sadara6730@gmail.com","service":"workflow-backend","timestamp":"2026-08-11T17:26:09.152Z"}
{"level":"info","message":"Workflow found: Signup Flow, status: ACTIVE","service":"workflow-backend","timestamp":"2026-08-11T17:26:09.215Z"}
{"level":"info","message":"Workflow already processed for idempotent key 1eeef1b6-cd2a-4c6c-812d-ae557048fe28","service":"workflow-backend","timestamp":"2026-08-11T17:26:09.326Z"}
{"level":"info","message":"Singup Workflow for email kiran.sadara6730@gmail.com executed successfully ","service":"workflow-backend","timestamp":"2026-08-11T17:26:09.327Z"}
{"level":"info","message":"Entered into the signup workflow execute controller","service":"workflow-backend","timestamp":"2026-08-11T17:26:09.330Z"}
{"level":"info","message":"Entered into signup workflow execution service for email kiran.sadara6730@gmail.com","service":"workflow-backend","timestamp":"2026-08-11T17:26:09.330Z"}
{"level":"info","message":"Workflow found: Signup Flow, status: ACTIVE","service":"workflow-backend","timestamp":"2026-08-11T17:26:09.379Z"}
{"level":"info","message":"Workflow already processed for idempotent key 1eeef1b6-cd2a-4c6c-812d-ae557048fe28","service":"workflow-backend","timestamp":"2026-08-11T17:26:09.427Z"}
{"level":"info","message":"Singup Workflow for email kiran.sadara6730@gmail.com executed successfully ","service":"workflow-backend","timestamp":"2026-08-11T17:26:09.428Z"}
{"level":"info","message":"Entered into the signup workflow execute controller","service":"workflow-backend","timestamp":"2026-08-11T17:26:09.432Z"}
{"level":"info","message":"Entered into signup workflow execution service for email kiran.sadara6730@gmail.com","service":"workflow-backend","timestamp":"2026-08-11T17:26:09.432Z"}
{"level":"info","message":"Workflow found: Signup Flow, status: ACTIVE","service":"workflow-backend","timestamp":"2026-08-11T17:26:09.476Z"}
{"level":"info","message":"Workflow already processed for idempotent key 1eeef1b6-cd2a-4c6c-812d-ae557048fe28","service":"workflow-backend","timestamp":"2026-08-11T17:26:09.602Z"}
{"level":"info","message":"Singup Workflow for email kiran.sadara6730@gmail.com executed successfully ","service":"workflow-backend","timestamp":"2026-08-11T17:26:09.603Z"}
{"level":"info","message":"Entered into the signup workflow execute controller","service":"workflow-backend","timestamp":"2026-08-11T17:26:09.607Z"}
{"level":"info","message":"Entered into signup workflow execution service for email kiran.sadara6730@gmail.com","service":"workflow-backend","timestamp":"2026-08-11T17:26:09.607Z"}
{"level":"info","message":"Workflow found: Signup Flow, status: ACTIVE","service":"workflow-backend","timestamp":"2026-08-11T17:26:09.756Z"}
{"level":"info","message":"Workflow already processed for idempotent key 1eeef1b6-cd2a-4c6c-812d-ae557048fe28","service":"workflow-backend","timestamp":"2026-08-11T17:26:09.805Z"}
{"level":"info","message":"Singup Workflow for email kiran.sadara6730@gmail.com executed successfully ","service":"workflow-backend","timestamp":"2026-08-11T17:26:09.805Z"}
{"level":"info","message":"Entered into the signup workflow execute controller","service":"workflow-backend","timestamp":"2026-08-11T17:26:09.809Z"}
{"level":"info","message":"Entered into signup workflow execution service for email kiran.sadara6730@gmail.com","service":"workflow-backend","timestamp":"2026-08-11T17:26:09.809Z"}
{"level":"info","message":"Workflow found: Signup Flow, status: ACTIVE","service":"workflow-backend","timestamp":"2026-08-11T17:26:09.846Z"}
{"level":"info","message":"Workflow already processed for idempotent key 1eeef1b6-cd2a-4c6c-812d-ae557048fe28","service":"workflow-backend","timestamp":"2026-08-11T17:26:09.901Z"}
{"level":"info","message":"Singup Workflow for email kiran.sadara6730@gmail.com executed successfully ","service":"workflow-backend","timestamp":"2026-08-11T17:26:09.902Z"}
{"level":"info","message":"Entered into the signup workflow execute controller","service":"workflow-backend","timestamp":"2026-08-11T17:26:09.905Z"}
{"level":"info","message":"Entered into signup workflow execution service for email kiran.sadara6730@gmail.com","service":"workflow-backend","timestamp":"2026-08-11T17:26:09.905Z"}
{"level":"info","message":"Workflow found: Signup Flow, status: ACTIVE","service":"workflow-backend","timestamp":"2026-08-11T17:26:09.967Z"}
{"level":"info","message":"Workflow already processed for idempotent key 1eeef1b6-cd2a-4c6c-812d-ae557048fe28","service":"workflow-backend","timestamp":"2026-08-11T17:26:10.131Z"}
{"level":"info","message":"Singup Workflow for email kiran.sadara6730@gmail.com executed successfully ","service":"workflow-backend","timestamp":"2026-08-11T17:26:10.132Z"}
{"level":"info","message":"Entered into the signup workflow execute controller","service":"workflow-backend","timestamp":"2026-08-11T17:26:10.137Z"}
{"level":"info","message":"Entered into signup workflow execution service for email kiran.sadara6730@gmail.com","service":"workflow-backend","timestamp":"2026-08-11T17:26:10.138Z"}
{"level":"info","message":"Workflow found: Signup Flow, status: ACTIVE","service":"workflow-backend","timestamp":"2026-08-11T17:26:10.175Z"}
{"level":"info","message":"Workflow already processed for idempotent key 1eeef1b6-cd2a-4c6c-812d-ae557048fe28","service":"workflow-backend","timestamp":"2026-08-11T17:26:10.229Z"}
{"level":"info","message":"Singup Workflow for email kiran.sadara6730@gmail.com executed successfully ","service":"workflow-backend","timestamp":"2026-08-11T17:26:10.229Z"}
{"level":"info","message":"Entered into the signup workflow execute controller","service":"workflow-backend","timestamp":"2026-08-11T17:26:10.233Z"}
{"level":"info","message":"Entered into signup workflow execution service for email kiran.sadara6730@gmail.com","service":"workflow-backend","timestamp":"2026-08-11T17:26:10.234Z"}
{"level":"info","message":"Workflow found: Signup Flow, status: ACTIVE","service":"workflow-backend","timestamp":"2026-08-11T17:26:10.379Z"}
{"level":"info","message":"Workflow already processed for idempotent key 1eeef1b6-cd2a-4c6c-812d-ae557048fe28","service":"workflow-backend","timestamp":"2026-08-11T17:26:10.438Z"}
{"level":"info","message":"Singup Workflow for email kiran.sadara6730@gmail.com executed successfully ","service":"workflow-backend","timestamp":"2026-08-11T17:26:10.439Z"}
{"level":"info","message":"Entered into the signup workflow execute controller","service":"workflow-backend","timestamp":"2026-08-11T17:26:10.445Z"}
{"level":"info","message":"Entered into signup workflow execution service for email kiran.sadara6730@gmail.com","service":"workflow-backend","timestamp":"2026-08-11T17:26:10.446Z"}
{"level":"info","message":"Workflow found: Signup Flow, status: ACTIVE","service":"workflow-backend","timestamp":"2026-08-11T17:26:10.487Z"}
{"level":"info","message":"Workflow already processed for idempotent key 1eeef1b6-cd2a-4c6c-812d-ae557048fe28","service":"workflow-backend","timestamp":"2026-08-11T17:26:10.523Z"}
{"level":"info","message":"Singup Workflow for email kiran.sadara6730@gmail.com executed successfully ","service":"workflow-backend","timestamp":"2026-08-11T17:26:10.523Z"}
{"level":"info","message":"Entered into the signup workflow execute controller","service":"workflow-backend","timestamp":"2026-08-11T17:26:10.526Z"}
{"level":"info","message":"Entered into signup workflow execution service for email kiran.sadara6730@gmail.com","service":"workflow-backend","timestamp":"2026-08-11T17:26:10.527Z"}
{"level":"info","message":"Workflow found: Signup Flow, status: ACTIVE","service":"workflow-backend","timestamp":"2026-08-11T17:26:10.565Z"}
{"level":"info","message":"Workflow already processed for idempotent key 1eeef1b6-cd2a-4c6c-812d-ae557048fe28","service":"workflow-backend","timestamp":"2026-08-11T17:26:10.620Z"}
{"level":"info","message":"Singup Workflow for email kiran.sadara6730@gmail.com executed successfully ","service":"workflow-backend","timestamp":"2026-08-11T17:26:10.621Z"}
{"level":"info","message":"Entered into the signup workflow execute controller","service":"workflow-backend","timestamp":"2026-08-11T17:26:10.624Z"}
{"level":"info","message":"Entered into signup workflow execution service for email kiran.sadara6730@gmail.com","service":"workflow-backend","timestamp":"2026-08-11T17:26:10.625Z"}
{"level":"info","message":"Workflow found: Signup Flow, status: ACTIVE","service":"workflow-backend","timestamp":"2026-08-11T17:26:10.671Z"}
{"level":"info","message":"Workflow already processed for idempotent key 1eeef1b6-cd2a-4c6c-812d-ae557048fe28","service":"workflow-backend","timestamp":"2026-08-11T17:26:10.713Z"}
{"level":"info","message":"Singup Workflow for email kiran.sadara6730@gmail.com executed successfully ","service":"workflow-backend","timestamp":"2026-08-11T17:26:10.713Z"}
{"level":"info","message":"Entered into the signup workflow execute controller","service":"workflow-backend","timestamp":"2026-08-11T17:26:10.720Z"}
{"level":"info","message":"Entered into signup workflow execution service for email kiran.sadara6730@gmail.com","service":"workflow-backend","timestamp":"2026-08-11T17:26:10.721Z"}
{"level":"info","message":"Workflow found: Signup Flow, status: ACTIVE","service":"workflow-backend","timestamp":"2026-08-11T17:26:10.756Z"}
{"level":"info","message":"Workflow already processed for idempotent key 1eeef1b6-cd2a-4c6c-812d-ae557048fe28","service":"workflow-backend","timestamp":"2026-08-11T17:26:10.793Z"}
{"level":"info","message":"Singup Workflow for email kiran.sadara6730@gmail.com executed successfully ","service":"workflow-backend","timestamp":"2026-08-11T17:26:10.793Z"}
{"level":"info","message":"Entered into the signup workflow execute controller","service":"workflow-backend","timestamp":"2026-08-11T17:26:10.796Z"}
{"level":"info","message":"Entered into signup workflow execution service for email kiran.sadara6730@gmail.com","service":"workflow-backend","timestamp":"2026-08-11T17:26:10.797Z"}
{"level":"info","message":"Workflow found: Signup Flow, status: ACTIVE","service":"workflow-backend","timestamp":"2026-08-11T17:26:10.836Z"}
{"level":"info","message":"Workflow already processed for idempotent key 1eeef1b6-cd2a-4c6c-812d-ae557048fe28","service":"workflow-backend","timestamp":"2026-08-11T17:26:10.873Z"}
{"level":"info","message":"Singup Workflow for email kiran.sadara6730@gmail.com executed successfully ","service":"workflow-backend","timestamp":"2026-08-11T17:26:10.873Z"}
{"level":"info","message":"Entered into the signup workflow execute controller","service":"workflow-backend","timestamp":"2026-08-11T17:26:10.876Z"}
{"level":"info","message":"Entered into signup workflow execution service for email kiran.sadara6730@gmail.com","service":"workflow-backend","timestamp":"2026-08-11T17:26:10.877Z"}
{"level":"info","message":"Workflow found: Signup Flow, status: ACTIVE","service":"workflow-backend","timestamp":"2026-08-11T17:26:10.920Z"}
{"level":"info","message":"Workflow already processed for idempotent key 1eeef1b6-cd2a-4c6c-812d-ae557048fe28","service":"workflow-backend","timestamp":"2026-08-11T17:26:10.959Z"}
{"level":"info","message":"Singup Workflow for email kiran.sadara6730@gmail.com executed successfully ","service":"workflow-backend","timestamp":"2026-08-11T17:26:10.960Z"}
{"level":"info","message":"Entered into the signup workflow execute controller","service":"workflow-backend","timestamp":"2026-08-11T17:26:10.963Z"}
{"level":"info","message":"Entered into signup workflow execution service for email kiran.sadara6730@gmail.com","service":"workflow-backend","timestamp":"2026-08-11T17:26:10.964Z"}
{"level":"info","message":"Workflow found: Signup Flow, status: ACTIVE","service":"workflow-backend","timestamp":"2026-08-11T17:26:11.012Z"}
{"level":"info","message":"Workflow already processed for idempotent key 1eeef1b6-cd2a-4c6c-812d-ae557048fe28","service":"workflow-backend","timestamp":"2026-08-11T17:26:11.047Z"}
{"level":"info","message":"Singup Workflow for email kiran.sadara6730@gmail.com executed successfully ","service":"workflow-backend","timestamp":"2026-08-11T17:26:11.048Z"}
{"level":"info","message":"Entered into the signup workflow execute controller","service":"workflow-backend","timestamp":"2026-08-11T17:26:11.051Z"}
{"level":"info","message":"Entered into signup workflow execution service for email kiran.sadara6730@gmail.com","service":"workflow-backend","timestamp":"2026-08-11T17:26:11.051Z"}
{"level":"info","message":"Workflow found: Signup Flow, status: ACTIVE","service":"workflow-backend","timestamp":"2026-08-11T17:26:11.103Z"}
{"level":"info","message":"Workflow already processed for idempotent key 1eeef1b6-cd2a-4c6c-812d-ae557048fe28","service":"workflow-backend","timestamp":"2026-08-11T17:26:11.155Z"}
{"level":"info","message":"Singup Workflow for email kiran.sadara6730@gmail.com executed successfully ","service":"workflow-backend","timestamp":"2026-08-11T17:26:11.155Z"}
{"level":"info","message":"Entered into the signup workflow execute controller","service":"workflow-backend","timestamp":"2026-08-11T17:26:11.158Z"}
{"level":"info","message":"Entered into signup workflow execution service for email kiran.sadara6730@gmail.com","service":"workflow-backend","timestamp":"2026-08-11T17:26:11.159Z"}
{"level":"info","message":"Workflow found: Signup Flow, status: ACTIVE","service":"workflow-backend","timestamp":"2026-08-11T17:26:11.217Z"}
{"level":"info","message":"Workflow already processed for idempotent key 1eeef1b6-cd2a-4c6c-812d-ae557048fe28","service":"workflow-backend","timestamp":"2026-08-11T17:26:11.269Z"}
{"level":"info","message":"Singup Workflow for email kiran.sadara6730@gmail.com executed successfully ","service":"workflow-backend","timestamp":"2026-08-11T17:26:11.269Z"}
{"level":"info","message":"Entered into the signup workflow execute controller","service":"workflow-backend","timestamp":"2026-08-11T17:26:11.272Z"}
{"level":"info","message":"Entered into signup workflow execution service for email kiran.sadara6730@gmail.com","service":"workflow-backend","timestamp":"2026-08-11T17:26:11.273Z"}
{"level":"info","message":"Workflow found: Signup Flow, status: ACTIVE","service":"workflow-backend","timestamp":"2026-08-11T17:26:11.316Z"}
{"level":"info","message":"Workflow already processed for idempotent key 1eeef1b6-cd2a-4c6c-812d-ae557048fe28","service":"workflow-backend","timestamp":"2026-08-11T17:26:11.379Z"}
{"level":"info","message":"Singup Workflow for email kiran.sadara6730@gmail.com executed successfully ","service":"workflow-backend","timestamp":"2026-08-11T17:26:11.380Z"}
{"level":"info","message":"Entered into the signup workflow execute controller","service":"workflow-backend","timestamp":"2026-08-11T17:26:11.384Z"}
{"level":"info","message":"Entered into signup workflow execution service for email kiran.sadara6730@gmail.com","service":"workflow-backend","timestamp":"2026-08-11T17:26:11.384Z"}
{"level":"info","message":"Workflow found: Signup Flow, status: ACTIVE","service":"workflow-backend","timestamp":"2026-08-11T17:26:11.434Z"}
{"level":"info","message":"Workflow already processed for idempotent key 1eeef1b6-cd2a-4c6c-812d-ae557048fe28","service":"workflow-backend","timestamp":"2026-08-11T17:26:11.484Z"}
{"level":"info","message":"Singup Workflow for email kiran.sadara6730@gmail.com executed successfully ","service":"workflow-backend","timestamp":"2026-08-11T17:26:11.484Z"}
{"level":"info","message":"Entered into the signup workflow execute controller","service":"workflow-backend","timestamp":"2026-08-11T17:26:11.487Z"}
{"level":"info","message":"Entered into signup workflow execution service for email kiran.sadara6730@gmail.com","service":"workflow-backend","timestamp":"2026-08-11T17:26:11.487Z"}
{"level":"info","message":"Workflow found: Signup Flow, status: ACTIVE","service":"workflow-backend","timestamp":"2026-08-11T17:26:11.528Z"}
{"level":"info","message":"Workflow already processed for idempotent key 1eeef1b6-cd2a-4c6c-812d-ae557048fe28","service":"workflow-backend","timestamp":"2026-08-11T17:26:11.611Z"}
{"level":"info","message":"Singup Workflow for email kiran.sadara6730@gmail.com executed successfully ","service":"workflow-backend","timestamp":"2026-08-11T17:26:11.612Z"}
{"level":"info","message":"Entered into the signup workflow execute controller","service":"workflow-backend","timestamp":"2026-08-11T17:26:11.617Z"}
{"level":"info","message":"Entered into signup workflow execution service for email kiran.sadara6730@gmail.com","service":"workflow-backend","timestamp":"2026-08-11T17:26:11.618Z"}
{"level":"info","message":"Workflow found: Signup Flow, status: ACTIVE","service":"workflow-backend","timestamp":"2026-08-11T17:26:11.671Z"}
{"level":"info","message":"Workflow already processed for idempotent key 1eeef1b6-cd2a-4c6c-812d-ae557048fe28","service":"workflow-backend","timestamp":"2026-08-11T17:26:11.716Z"}
{"level":"info","message":"Singup Workflow for email kiran.sadara6730@gmail.com executed successfully ","service":"workflow-backend","timestamp":"2026-08-11T17:26:11.716Z"}
{"level":"info","message":"Entered into the signup workflow execute controller","service":"workflow-backend","timestamp":"2026-08-11T17:26:11.721Z"}
{"level":"info","message":"Entered into signup workflow execution service for email kiran.sadara6730@gmail.com","service":"workflow-backend","timestamp":"2026-08-11T17:26:11.722Z"}
{"level":"info","message":"Workflow found: Signup Flow, status: ACTIVE","service":"workflow-backend","timestamp":"2026-08-11T17:26:11.759Z"}
{"level":"info","message":"Workflow already processed for idempotent key 1eeef1b6-cd2a-4c6c-812d-ae557048fe28","service":"workflow-backend","timestamp":"2026-08-11T17:26:11.850Z"}
{"level":"info","message":"Singup Workflow for email kiran.sadara6730@gmail.com executed successfully ","service":"workflow-backend","timestamp":"2026-08-11T17:26:11.850Z"}
{"level":"info","message":"Entered into the signup workflow execute controller","service":"workflow-backend","timestamp":"2026-08-11T17:26:11.853Z"}
{"level":"info","message":"Entered into signup workflow execution service for email kiran.sadara6730@gmail.com","service":"workflow-backend","timestamp":"2026-08-11T17:26:11.854Z"}
{"level":"info","message":"Workflow found: Signup Flow, status: ACTIVE","service":"workflow-backend","timestamp":"2026-08-11T17:26:11.910Z"}
{"level":"info","message":"Workflow already processed for idempotent key 1eeef1b6-cd2a-4c6c-812d-ae557048fe28","service":"workflow-backend","timestamp":"2026-08-11T17:26:11.946Z"}
{"level":"info","message":"Singup Workflow for email kiran.sadara6730@gmail.com executed successfully ","service":"workflow-backend","timestamp":"2026-08-11T17:26:11.946Z"}
{"level":"info","message":"Entered into the signup workflow execute controller","service":"workflow-backend","timestamp":"2026-08-11T17:26:11.950Z"}
{"level":"info","message":"Entered into signup workflow execution service for email kiran.sadara6730@gmail.com","service":"workflow-backend","timestamp":"2026-08-11T17:26:11.951Z"}
{"level":"info","message":"Workflow found: Signup Flow, status: ACTIVE","service":"workflow-backend","timestamp":"2026-08-11T17:26:11.994Z"}
{"level":"info","message":"Workflow already processed for idempotent key 1eeef1b6-cd2a-4c6c-812d-ae557048fe28","service":"workflow-backend","timestamp":"2026-08-11T17:26:12.055Z"}
{"level":"info","message":"Singup Workflow for email kiran.sadara6730@gmail.com executed successfully ","service":"workflow-backend","timestamp":"2026-08-11T17:26:12.055Z"}
{"level":"info","message":"Entered into the signup workflow execute controller","service":"workflow-backend","timestamp":"2026-08-11T17:26:12.058Z"}
{"level":"info","message":"Entered into signup workflow execution service for email kiran.sadara6730@gmail.com","service":"workflow-backend","timestamp":"2026-08-11T17:26:12.058Z"}
{"level":"info","message":"Workflow found: Signup Flow, status: ACTIVE","service":"workflow-backend","timestamp":"2026-08-11T17:26:12.097Z"}
{"level":"info","message":"Workflow already processed for idempotent key 1eeef1b6-cd2a-4c6c-812d-ae557048fe28","service":"workflow-backend","timestamp":"2026-08-11T17:26:12.166Z"}
{"level":"info","message":"Singup Workflow for email kiran.sadara6730@gmail.com executed successfully ","service":"workflow-backend","timestamp":"2026-08-11T17:26:12.166Z"}
{"level":"info","message":"Entered into the signup workflow execute controller","service":"workflow-backend","timestamp":"2026-08-11T17:26:12.169Z"}
{"level":"info","message":"Entered into signup workflow execution service for email kiran.sadara6730@gmail.com","service":"workflow-backend","timestamp":"2026-08-11T17:26:12.170Z"}
{"level":"info","message":"Workflow found: Signup Flow, status: ACTIVE","service":"workflow-backend","timestamp":"2026-08-11T17:26:12.203Z"}
{"level":"info","message":"Workflow already processed for idempotent key 1eeef1b6-cd2a-4c6c-812d-ae557048fe28","service":"workflow-backend","timestamp":"2026-08-11T17:26:12.252Z"}
{"level":"info","message":"Singup Workflow for email kiran.sadara6730@gmail.com executed successfully ","service":"workflow-backend","timestamp":"2026-08-11T17:26:12.252Z"}
{"level":"info","message":"Entered into the signup workflow execute controller","service":"workflow-backend","timestamp":"2026-08-11T17:26:12.255Z"}
{"level":"info","message":"Entered into signup workflow execution service for email kiran.sadara6730@gmail.com","service":"workflow-backend","timestamp":"2026-08-11T17:26:12.256Z"}
{"level":"info","message":"Workflow found: Signup Flow, status: ACTIVE","service":"workflow-backend","timestamp":"2026-08-11T17:26:12.295Z"}
{"level":"info","message":"Workflow already processed for idempotent key 1eeef1b6-cd2a-4c6c-812d-ae557048fe28","service":"workflow-backend","timestamp":"2026-08-11T17:26:12.338Z"}
{"level":"info","message":"Singup Workflow for email kiran.sadara6730@gmail.com executed successfully ","service":"workflow-backend","timestamp":"2026-08-11T17:26:12.338Z"}
{"level":"info","message":"Entered into the signup workflow execute controller","service":"workflow-backend","timestamp":"2026-08-11T17:26:12.341Z"}
{"level":"info","message":"Entered into signup workflow execution service for email kiran.sadara6730@gmail.com","service":"workflow-backend","timestamp":"2026-08-11T17:26:12.341Z"}
{"level":"info","message":"Workflow found: Signup Flow, status: ACTIVE","service":"workflow-backend","timestamp":"2026-08-11T17:26:12.395Z"}
{"level":"info","message":"Workflow already processed for idempotent key 1eeef1b6-cd2a-4c6c-812d-ae557048fe28","service":"workflow-backend","timestamp":"2026-08-11T17:26:12.430Z"}
{"level":"info","message":"Singup Workflow for email kiran.sadara6730@gmail.com executed successfully ","service":"workflow-backend","timestamp":"2026-08-11T17:26:12.430Z"}
{"level":"info","message":"Entered into the signup workflow execute controller","service":"workflow-backend","timestamp":"2026-08-11T17:26:12.434Z"}
{"level":"info","message":"Entered into signup workflow execution service for email kiran.sadara6730@gmail.com","service":"workflow-backend","timestamp":"2026-08-11T17:26:12.434Z"}
{"level":"info","message":"Workflow found: Signup Flow, status: ACTIVE","service":"workflow-backend","timestamp":"2026-08-11T17:26:12.467Z"}
{"level":"info","message":"Workflow already processed for idempotent key 1eeef1b6-cd2a-4c6c-812d-ae557048fe28","service":"workflow-backend","timestamp":"2026-08-11T17:26:12.522Z"}
{"level":"info","message":"Singup Workflow for email kiran.sadara6730@gmail.com executed successfully ","service":"workflow-backend","timestamp":"2026-08-11T17:26:12.522Z"}
{"level":"info","message":"Entered into the signup workflow execute controller","service":"workflow-backend","timestamp":"2026-08-11T17:26:12.525Z"}
{"level":"info","message":"Entered into signup workflow execution service for email kiran.sadara6730@gmail.com","service":"workflow-backend","timestamp":"2026-08-11T17:26:12.525Z"}
{"level":"info","message":"Workflow found: Signup Flow, status: ACTIVE","service":"workflow-backend","timestamp":"2026-08-11T17:26:12.561Z"}
{"level":"info","message":"Workflow already processed for idempotent key 1eeef1b6-cd2a-4c6c-812d-ae557048fe28","service":"workflow-backend","timestamp":"2026-08-11T17:26:12.603Z"}
{"level":"info","message":"Singup Workflow for email kiran.sadara6730@gmail.com executed successfully ","service":"workflow-backend","timestamp":"2026-08-11T17:26:12.604Z"}
{"level":"info","message":"Entered into the signup workflow execute controller","service":"workflow-backend","timestamp":"2026-08-11T17:26:12.607Z"}
{"level":"info","message":"Entered into signup workflow execution service for email kiran.sadara6730@gmail.com","service":"workflow-backend","timestamp":"2026-08-11T17:26:12.607Z"}
{"level":"info","message":"Workflow found: Signup Flow, status: ACTIVE","service":"workflow-backend","timestamp":"2026-08-11T17:26:12.646Z"}
{"level":"info","message":"Workflow already processed for idempotent key 1eeef1b6-cd2a-4c6c-812d-ae557048fe28","service":"workflow-backend","timestamp":"2026-08-11T17:26:12.680Z"}
{"level":"info","message":"Singup Workflow for email kiran.sadara6730@gmail.com executed successfully ","service":"workflow-backend","timestamp":"2026-08-11T17:26:12.681Z"}
{"level":"info","message":"Entered into the signup workflow execute controller","service":"workflow-backend","timestamp":"2026-08-11T17:26:12.685Z"}
{"level":"info","message":"Entered into signup workflow execution service for email kiran.sadara6730@gmail.com","service":"workflow-backend","timestamp":"2026-08-11T17:26:12.686Z"}
{"level":"info","message":"Workflow found: Signup Flow, status: ACTIVE","service":"workflow-backend","timestamp":"2026-08-11T17:26:12.752Z"}
{"level":"info","message":"Workflow already processed for idempotent key 1eeef1b6-cd2a-4c6c-812d-ae557048fe28","service":"workflow-backend","timestamp":"2026-08-11T17:26:12.790Z"}
{"level":"info","message":"Singup Workflow for email kiran.sadara6730@gmail.com executed successfully ","service":"workflow-backend","timestamp":"2026-08-11T17:26:12.790Z"}
{"level":"info","message":"Entered into the signup workflow execute controller","service":"workflow-backend","timestamp":"2026-08-11T17:26:12.793Z"}
{"level":"info","message":"Entered into signup workflow execution service for email kiran.sadara6730@gmail.com","service":"workflow-backend","timestamp":"2026-08-11T17:26:12.793Z"}
{"level":"info","message":"Workflow found: Signup Flow, status: ACTIVE","service":"workflow-backend","timestamp":"2026-08-11T17:26:12.831Z"}
{"level":"info","message":"Workflow already processed for idempotent key 1eeef1b6-cd2a-4c6c-812d-ae557048fe28","service":"workflow-backend","timestamp":"2026-08-11T17:26:12.866Z"}
{"level":"info","message":"Singup Workflow for email kiran.sadara6730@gmail.com executed successfully ","service":"workflow-backend","timestamp":"2026-08-11T17:26:12.867Z"}
{"level":"info","message":"Entered into the signup workflow execute controller","service":"workflow-backend","timestamp":"2026-08-11T17:26:12.870Z"}
{"level":"info","message":"Entered into signup workflow execution service for email kiran.sadara6730@gmail.com","service":"workflow-backend","timestamp":"2026-08-11T17:26:12.870Z"}
{"level":"info","message":"Workflow found: Signup Flow, status: ACTIVE","service":"workflow-backend","timestamp":"2026-08-11T17:26:12.912Z"}
{"level":"info","message":"Workflow already processed for idempotent key 1eeef1b6-cd2a-4c6c-812d-ae557048fe28","service":"workflow-backend","timestamp":"2026-08-11T17:26:12.964Z"}
{"level":"info","message":"Singup Workflow for email kiran.sadara6730@gmail.com executed successfully ","service":"workflow-backend","timestamp":"2026-08-11T17:26:12.964Z"}
{"level":"info","message":"Entered into the signup workflow execute controller","service":"workflow-backend","timestamp":"2026-08-11T17:26:12.967Z"}
{"level":"info","message":"Entered into signup workflow execution service for email kiran.sadara6730@gmail.com","service":"workflow-backend","timestamp":"2026-08-11T17:26:12.968Z"}
{"level":"info","message":"Workflow found: Signup Flow, status: ACTIVE","service":"workflow-backend","timestamp":"2026-08-11T17:26:13.017Z"}
{"level":"info","message":"Workflow already processed for idempotent key 1eeef1b6-cd2a-4c6c-812d-ae557048fe28","service":"workflow-backend","timestamp":"2026-08-11T17:26:13.074Z"}
{"level":"info","message":"Singup Workflow for email kiran.sadara6730@gmail.com executed successfully ","service":"workflow-backend","timestamp":"2026-08-11T17:26:13.074Z"}
{"level":"info","message":"Entered into the signup workflow execute controller","service":"workflow-backend","timestamp":"2026-08-11T17:26:13.079Z"}
{"level":"info","message":"Entered into signup workflow execution service for email kiran.sadara6730@gmail.com","service":"workflow-backend","timestamp":"2026-08-11T17:26:13.080Z"}
{"level":"info","message":"Workflow found: Signup Flow, status: ACTIVE","service":"workflow-backend","timestamp":"2026-08-11T17:26:13.115Z"}
{"level":"info","message":"Workflow already processed for idempotent key 1eeef1b6-cd2a-4c6c-812d-ae557048fe28","service":"workflow-backend","timestamp":"2026-08-11T17:26:13.150Z"}
{"level":"info","message":"Singup Workflow for email kiran.sadara6730@gmail.com executed successfully ","service":"workflow-backend","timestamp":"2026-08-11T17:26:13.150Z"}
{"level":"info","message":"Entered into the signup workflow execute controller","service":"workflow-backend","timestamp":"2026-08-11T17:26:13.153Z"}
{"level":"info","message":"Entered into signup workflow execution service for email kiran.sadara6730@gmail.com","service":"workflow-backend","timestamp":"2026-08-11T17:26:13.154Z"}
{"level":"info","message":"Workflow found: Signup Flow, status: ACTIVE","service":"workflow-backend","timestamp":"2026-08-11T17:26:13.198Z"}
{"level":"info","message":"Workflow already processed for idempotent key 1eeef1b6-cd2a-4c6c-812d-ae557048fe28","service":"workflow-backend","timestamp":"2026-08-11T17:26:13.247Z"}
{"level":"info","message":"Singup Workflow for email kiran.sadara6730@gmail.com executed successfully ","service":"workflow-backend","timestamp":"2026-08-11T17:26:13.248Z"}
{"level":"info","message":"Entered into the signup workflow execute controller","service":"workflow-backend","timestamp":"2026-08-11T17:26:13.254Z"}
{"level":"info","message":"Entered into signup workflow execution service for email kiran.sadara6730@gmail.com","service":"workflow-backend","timestamp":"2026-08-11T17:26:13.255Z"}
{"level":"info","message":"Workflow found: Signup Flow, status: ACTIVE","service":"workflow-backend","timestamp":"2026-08-11T17:26:13.294Z"}
{"level":"info","message":"Workflow already processed for idempotent key 1eeef1b6-cd2a-4c6c-812d-ae557048fe28","service":"workflow-backend","timestamp":"2026-08-11T17:26:13.349Z"}
{"level":"info","message":"Singup Workflow for email kiran.sadara6730@gmail.com executed successfully ","service":"workflow-backend","timestamp":"2026-08-11T17:26:13.350Z"}
{"level":"info","message":"Entered into the signup workflow execute controller","service":"workflow-backend","timestamp":"2026-08-11T17:26:13.356Z"}
{"level":"info","message":"Entered into signup workflow execution service for email kiran.sadara6730@gmail.com","service":"workflow-backend","timestamp":"2026-08-11T17:26:13.357Z"}
{"level":"info","message":"Workflow found: Signup Flow, status: ACTIVE","service":"workflow-backend","timestamp":"2026-08-11T17:26:13.403Z"}
{"level":"info","message":"Workflow already processed for idempotent key 1eeef1b6-cd2a-4c6c-812d-ae557048fe28","service":"workflow-backend","timestamp":"2026-08-11T17:26:13.456Z"}
{"level":"info","message":"Singup Workflow for email kiran.sadara6730@gmail.com executed successfully ","service":"workflow-backend","timestamp":"2026-08-11T17:26:13.456Z"}
{"level":"info","message":"Entered into the signup workflow execute controller","service":"workflow-backend","timestamp":"2026-08-11T17:26:13.459Z"}
{"level":"info","message":"Entered into signup workflow execution service for email kiran.sadara6730@gmail.com","service":"workflow-backend","timestamp":"2026-08-11T17:26:13.459Z"}
{"level":"info","message":"Workflow found: Signup Flow, status: ACTIVE","service":"workflow-backend","timestamp":"2026-08-11T17:26:13.495Z"}
{"level":"info","message":"Workflow already processed for idempotent key 1eeef1b6-cd2a-4c6c-812d-ae557048fe28","service":"workflow-backend","timestamp":"2026-08-11T17:26:13.536Z"}
{"level":"info","message":"Singup Workflow for email kiran.sadara6730@gmail.com executed successfully ","service":"workflow-backend","timestamp":"2026-08-11T17:26:13.536Z"}
{"level":"info","message":"Entered into the signup workflow execute controller","service":"workflow-backend","timestamp":"2026-08-11T17:26:13.539Z"}
{"level":"info","message":"Entered into signup workflow execution service for email kiran.sadara6730@gmail.com","service":"workflow-backend","timestamp":"2026-08-11T17:26:13.539Z"}
{"level":"info","message":"Workflow found: Signup Flow, status: ACTIVE","service":"workflow-backend","timestamp":"2026-08-11T17:26:13.576Z"}
{"level":"info","message":"Workflow already processed for idempotent key 1eeef1b6-cd2a-4c6c-812d-ae557048fe28","service":"workflow-backend","timestamp":"2026-08-11T17:26:13.612Z"}
{"level":"info","message":"Singup Workflow for email kiran.sadara6730@gmail.com executed successfully ","service":"workflow-backend","timestamp":"2026-08-11T17:26:13.612Z"}
{"level":"info","message":"Entered into the signup workflow execute controller","service":"workflow-backend","timestamp":"2026-08-11T17:26:13.616Z"}
{"level":"info","message":"Entered into signup workflow execution service for email kiran.sadara6730@gmail.com","service":"workflow-backend","timestamp":"2026-08-11T17:26:13.616Z"}
{"level":"info","message":"Workflow found: Signup Flow, status: ACTIVE","service":"workflow-backend","timestamp":"2026-08-11T17:26:13.653Z"}
{"level":"info","message":"Workflow already processed for idempotent key 1eeef1b6-cd2a-4c6c-812d-ae557048fe28","service":"workflow-backend","timestamp":"2026-08-11T17:26:13.715Z"}
{"level":"info","message":"Singup Workflow for email kiran.sadara6730@gmail.com executed successfully ","service":"workflow-backend","timestamp":"2026-08-11T17:26:13.716Z"}
{"level":"info","message":"Entered into the signup workflow execute controller","service":"workflow-backend","timestamp":"2026-08-11T17:26:13.720Z"}
{"level":"info","message":"Entered into signup workflow execution service for email kiran.sadara6730@gmail.com","service":"workflow-backend","timestamp":"2026-08-11T17:26:13.721Z"}
{"level":"info","message":"Workflow found: Signup Flow, status: ACTIVE","service":"workflow-backend","timestamp":"2026-08-11T17:26:13.758Z"}
{"level":"info","message":"Workflow already processed for idempotent key 1eeef1b6-cd2a-4c6c-812d-ae557048fe28","service":"workflow-backend","timestamp":"2026-08-11T17:26:13.804Z"}
{"level":"info","message":"Singup Workflow for email kiran.sadara6730@gmail.com executed successfully ","service":"workflow-backend","timestamp":"2026-08-11T17:26:13.804Z"}
{"level":"info","message":"Entered into the signup workflow execute controller","service":"workflow-backend","timestamp":"2026-08-11T17:26:13.809Z"}
{"level":"info","message":"Entered into signup workflow execution service for email kiran.sadara6730@gmail.com","service":"workflow-backend","timestamp":"2026-08-11T17:26:13.810Z"}
{"level":"info","message":"Workflow found: Signup Flow, status: ACTIVE","service":"workflow-backend","timestamp":"2026-08-11T17:26:13.854Z"}
{"level":"info","message":"Workflow already processed for idempotent key 1eeef1b6-cd2a-4c6c-812d-ae557048fe28","service":"workflow-backend","timestamp":"2026-08-11T17:26:13.892Z"}
{"level":"info","message":"Singup Workflow for email kiran.sadara6730@gmail.com executed successfully ","service":"workflow-backend","timestamp":"2026-08-11T17:26:13.892Z"}
{"level":"info","message":"Entered into the signup workflow execute controller","service":"workflow-backend","timestamp":"2026-08-11T17:26:13.899Z"}
{"level":"info","message":"Entered into signup workflow execution service for email kiran.sadara6730@gmail.com","service":"workflow-backend","timestamp":"2026-08-11T17:26:13.900Z"}
{"level":"info","message":"Workflow found: Signup Flow, status: ACTIVE","service":"workflow-backend","timestamp":"2026-08-11T17:26:13.950Z"}
{"level":"info","message":"Workflow already processed for idempotent key 1eeef1b6-cd2a-4c6c-812d-ae557048fe28","service":"workflow-backend","timestamp":"2026-08-11T17:26:13.987Z"}
{"level":"info","message":"Singup Workflow for email kiran.sadara6730@gmail.com executed successfully ","service":"workflow-backend","timestamp":"2026-08-11T17:26:13.988Z"}
{"level":"info","message":"Entered into the signup workflow execute controller","service":"workflow-backend","timestamp":"2026-08-11T17:26:13.991Z"}
{"level":"info","message":"Entered into signup workflow execution service for email kiran.sadara6730@gmail.com","service":"workflow-backend","timestamp":"2026-08-11T17:26:13.991Z"}
{"level":"info","message":"Workflow found: Signup Flow, status: ACTIVE","service":"workflow-backend","timestamp":"2026-08-11T17:26:14.035Z"}
{"level":"info","message":"Workflow already processed for idempotent key 1eeef1b6-cd2a-4c6c-812d-ae557048fe28","service":"workflow-backend","timestamp":"2026-08-11T17:26:14.122Z"}
{"level":"info","message":"Singup Workflow for email kiran.sadara6730@gmail.com executed successfully ","service":"workflow-backend","timestamp":"2026-08-11T17:26:14.123Z"}
{"level":"info","message":"Entered into the signup workflow execute controller","service":"workflow-backend","timestamp":"2026-08-11T17:26:14.126Z"}
{"level":"info","message":"Entered into signup workflow execution service for email kiran.sadara6730@gmail.com","service":"workflow-backend","timestamp":"2026-08-11T17:26:14.127Z"}
{"level":"info","message":"Workflow found: Signup Flow, status: ACTIVE","service":"workflow-backend","timestamp":"2026-08-11T17:26:14.204Z"}
{"level":"info","message":"Workflow already processed for idempotent key 1eeef1b6-cd2a-4c6c-812d-ae557048fe28","service":"workflow-backend","timestamp":"2026-08-11T17:26:14.241Z"}
{"level":"info","message":"Singup Workflow for email kiran.sadara6730@gmail.com executed successfully ","service":"workflow-backend","timestamp":"2026-08-11T17:26:14.241Z"}
{"level":"info","message":"Entered into the signup workflow execute controller","service":"workflow-backend","timestamp":"2026-08-11T17:26:14.246Z"}
{"level":"info","message":"Entered into signup workflow execution service for email kiran.sadara6730@gmail.com","service":"workflow-backend","timestamp":"2026-08-11T17:26:14.246Z"}
{"level":"info","message":"Workflow found: Signup Flow, status: ACTIVE","service":"workflow-backend","timestamp":"2026-08-11T17:26:14.290Z"}
{"level":"info","message":"Workflow already processed for idempotent key 1eeef1b6-cd2a-4c6c-812d-ae557048fe28","service":"workflow-backend","timestamp":"2026-08-11T17:26:14.342Z"}
{"level":"info","message":"Singup Workflow for email kiran.sadara6730@gmail.com executed successfully ","service":"workflow-backend","timestamp":"2026-08-11T17:26:14.342Z"}
{"level":"info","message":"Entered into the signup workflow execute controller","service":"workflow-backend","timestamp":"2026-08-11T17:26:14.347Z"}
{"level":"info","message":"Entered into signup workflow execution service for email kiran.sadara6730@gmail.com","service":"workflow-backend","timestamp":"2026-08-11T17:26:14.348Z"}
{"level":"info","message":"Workflow found: Signup Flow, status: ACTIVE","service":"workflow-backend","timestamp":"2026-08-11T17:26:14.391Z"}
{"level":"info","message":"Workflow already processed for idempotent key 1eeef1b6-cd2a-4c6c-812d-ae557048fe28","service":"workflow-backend","timestamp":"2026-08-11T17:26:14.430Z"}
{"level":"info","message":"Singup Workflow for email kiran.sadara6730@gmail.com executed successfully ","service":"workflow-backend","timestamp":"2026-08-11T17:26:14.430Z"}
{"level":"info","message":"Entered into the signup workflow execute controller","service":"workflow-backend","timestamp":"2026-08-11T17:26:14.434Z"}
{"level":"info","message":"Entered into signup workflow execution service for email kiran.sadara6730@gmail.com","service":"workflow-backend","timestamp":"2026-08-11T17:26:14.434Z"}
{"level":"info","message":"Workflow found: Signup Flow, status: ACTIVE","service":"workflow-backend","timestamp":"2026-08-11T17:26:14.478Z"}
{"level":"info","message":"Workflow already processed for idempotent key 1eeef1b6-cd2a-4c6c-812d-ae557048fe28","service":"workflow-backend","timestamp":"2026-08-11T17:26:14.520Z"}
{"level":"info","message":"Singup Workflow for email kiran.sadara6730@gmail.com executed successfully ","service":"workflow-backend","timestamp":"2026-08-11T17:26:14.520Z"}
{"level":"info","message":"Entered into the signup workflow execute controller","service":"workflow-backend","timestamp":"2026-08-11T17:26:14.523Z"}
{"level":"info","message":"Entered into signup workflow execution service for email kiran.sadara6730@gmail.com","service":"workflow-backend","timestamp":"2026-08-11T17:26:14.523Z"}
{"level":"info","message":"Workflow found: Signup Flow, status: ACTIVE","service":"workflow-backend","timestamp":"2026-08-11T17:26:14.566Z"}
{"level":"info","message":"Workflow already processed for idempotent key 1eeef1b6-cd2a-4c6c-812d-ae557048fe28","service":"workflow-backend","timestamp":"2026-08-11T17:26:14.608Z"}
{"level":"info","message":"Singup Workflow for email kiran.sadara6730@gmail.com executed successfully ","service":"workflow-backend","timestamp":"2026-08-11T17:26:14.608Z"}
{"level":"info","message":"Entered into the signup workflow execute controller","service":"workflow-backend","timestamp":"2026-08-11T17:26:14.611Z"}
{"level":"info","message":"Entered into signup workflow execution service for email kiran.sadara6730@gmail.com","service":"workflow-backend","timestamp":"2026-08-11T17:26:14.611Z"}
{"level":"info","message":"Workflow found: Signup Flow, status: ACTIVE","service":"workflow-backend","timestamp":"2026-08-11T17:26:14.707Z"}
{"level":"info","message":"Workflow already processed for idempotent key 1eeef1b6-cd2a-4c6c-812d-ae557048fe28","service":"workflow-backend","timestamp":"2026-08-11T17:26:14.746Z"}
{"level":"info","message":"Singup Workflow for email kiran.sadara6730@gmail.com executed successfully ","service":"workflow-backend","timestamp":"2026-08-11T17:26:14.746Z"}
{"level":"info","message":"Entered into the signup workflow execute controller","service":"workflow-backend","timestamp":"2026-08-11T17:26:14.749Z"}
{"level":"info","message":"Entered into signup workflow execution service for email kiran.sadara6730@gmail.com","service":"workflow-backend","timestamp":"2026-08-11T17:26:14.749Z"}
{"level":"info","message":"Workflow found: Signup Flow, status: ACTIVE","service":"workflow-backend","timestamp":"2026-08-11T17:26:14.794Z"}
{"level":"info","message":"Workflow already processed for idempotent key 1eeef1b6-cd2a-4c6c-812d-ae557048fe28","service":"workflow-backend","timestamp":"2026-08-11T17:26:14.845Z"}
{"level":"info","message":"Singup Workflow for email kiran.sadara6730@gmail.com executed successfully ","service":"workflow-backend","timestamp":"2026-08-11T17:26:14.846Z"}
{"level":"info","message":"Entered into the signup workflow execute controller","service":"workflow-backend","timestamp":"2026-08-11T17:26:14.850Z"}
{"level":"info","message":"Entered into signup workflow execution service for email kiran.sadara6730@gmail.com","service":"workflow-backend","timestamp":"2026-08-11T17:26:14.851Z"}
{"level":"info","message":"Workflow found: Signup Flow, status: ACTIVE","service":"workflow-backend","timestamp":"2026-08-11T17:26:14.887Z"}
{"level":"info","message":"Workflow already processed for idempotent key 1eeef1b6-cd2a-4c6c-812d-ae557048fe28","service":"workflow-backend","timestamp":"2026-08-11T17:26:14.930Z"}
{"level":"info","message":"Singup Workflow for email kiran.sadara6730@gmail.com executed successfully ","service":"workflow-backend","timestamp":"2026-08-11T17:26:14.930Z"}
{"level":"info","message":"Entered into the signup workflow execute controller","service":"workflow-backend","timestamp":"2026-08-11T17:26:14.933Z"}
{"level":"info","message":"Entered into signup workflow execution service for email kiran.sadara6730@gmail.com","service":"workflow-backend","timestamp":"2026-08-11T17:26:14.933Z"}
{"level":"info","message":"Workflow found: Signup Flow, status: ACTIVE","service":"workflow-backend","timestamp":"2026-08-11T17:26:14.972Z"}
{"level":"info","message":"Workflow already processed for idempotent key 1eeef1b6-cd2a-4c6c-812d-ae557048fe28","service":"workflow-backend","timestamp":"2026-08-11T17:26:15.011Z"}
{"level":"info","message":"Singup Workflow for email kiran.sadara6730@gmail.com executed successfully ","service":"workflow-backend","timestamp":"2026-08-11T17:26:15.011Z"}
{"level":"info","message":"Entered into the signup workflow execute controller","service":"workflow-backend","timestamp":"2026-08-11T17:26:15.016Z"}
{"level":"info","message":"Entered into signup workflow execution service for email kiran.sadara6730@gmail.com","service":"workflow-backend","timestamp":"2026-08-11T17:26:15.016Z"}
{"level":"info","message":"Workflow found: Signup Flow, status: ACTIVE","service":"workflow-backend","timestamp":"2026-08-11T17:26:15.054Z"}
{"level":"info","message":"Workflow already processed for idempotent key 1eeef1b6-cd2a-4c6c-812d-ae557048fe28","service":"workflow-backend","timestamp":"2026-08-11T17:26:15.133Z"}
{"level":"info","message":"Singup Workflow for email kiran.sadara6730@gmail.com executed successfully ","service":"workflow-backend","timestamp":"2026-08-11T17:26:15.134Z"}
{"level":"info","message":"Entered into the signup workflow execute controller","service":"workflow-backend","timestamp":"2026-08-11T17:26:15.137Z"}
{"level":"info","message":"Entered into signup workflow execution service for email kiran.sadara6730@gmail.com","service":"workflow-backend","timestamp":"2026-08-11T17:26:15.138Z"}
{"level":"info","message":"Workflow found: Signup Flow, status: ACTIVE","service":"workflow-backend","timestamp":"2026-08-11T17:26:15.240Z"}
{"level":"info","message":"Workflow already processed for idempotent key 1eeef1b6-cd2a-4c6c-812d-ae557048fe28","service":"workflow-backend","timestamp":"2026-08-11T17:26:15.435Z"}
{"level":"info","message":"Singup Workflow for email kiran.sadara6730@gmail.com executed successfully ","service":"workflow-backend","timestamp":"2026-08-11T17:26:15.435Z"}
{"level":"info","message":"Entered into the signup workflow execute controller","service":"workflow-backend","timestamp":"2026-08-11T17:26:15.441Z"}
{"level":"info","message":"Entered into signup workflow execution service for email kiran.sadara6730@gmail.com","service":"workflow-backend","timestamp":"2026-08-11T17:26:15.442Z"}
{"level":"info","message":"Workflow found: Signup Flow, status: ACTIVE","service":"workflow-backend","timestamp":"2026-08-11T17:26:15.502Z"}
{"level":"info","message":"Workflow already processed for idempotent key 1eeef1b6-cd2a-4c6c-812d-ae557048fe28","service":"workflow-backend","timestamp":"2026-08-11T17:26:15.592Z"}
{"level":"info","message":"Singup Workflow for email kiran.sadara6730@gmail.com executed successfully ","service":"workflow-backend","timestamp":"2026-08-11T17:26:15.593Z"}
{"level":"info","message":"Entered into the signup workflow execute controller","service":"workflow-backend","timestamp":"2026-08-11T17:26:15.596Z"}
{"level":"info","message":"Entered into signup workflow execution service for email kiran.sadara6730@gmail.com","service":"workflow-backend","timestamp":"2026-08-11T17:26:15.597Z"}
{"level":"info","message":"Workflow found: Signup Flow, status: ACTIVE","service":"workflow-backend","timestamp":"2026-08-11T17:26:15.641Z"}
{"level":"info","message":"Workflow already processed for idempotent key 1eeef1b6-cd2a-4c6c-812d-ae557048fe28","service":"workflow-backend","timestamp":"2026-08-11T17:26:15.685Z"}
{"level":"info","message":"Singup Workflow for email kiran.sadara6730@gmail.com executed successfully ","service":"workflow-backend","timestamp":"2026-08-11T17:26:15.685Z"}
{"level":"info","message":"Entered into the signup workflow execute controller","service":"workflow-backend","timestamp":"2026-08-11T17:26:15.688Z"}
{"level":"info","message":"Entered into signup workflow execution service for email kiran.sadara6730@gmail.com","service":"workflow-backend","timestamp":"2026-08-11T17:26:15.689Z"}
{"level":"info","message":"Workflow found: Signup Flow, status: ACTIVE","service":"workflow-backend","timestamp":"2026-08-11T17:26:15.746Z"}
{"level":"info","message":"Workflow already processed for idempotent key 1eeef1b6-cd2a-4c6c-812d-ae557048fe28","service":"workflow-backend","timestamp":"2026-08-11T17:26:16.113Z"}
{"level":"info","message":"Singup Workflow for email kiran.sadara6730@gmail.com executed successfully ","service":"workflow-backend","timestamp":"2026-08-11T17:26:16.114Z"}
{"level":"info","message":"Entered into the signup workflow execute controller","service":"workflow-backend","timestamp":"2026-08-11T17:26:16.117Z"}
{"level":"info","message":"Entered into signup workflow execution service for email kiran.sadara6730@gmail.com","service":"workflow-backend","timestamp":"2026-08-11T17:26:16.117Z"}
{"level":"info","message":"Workflow found: Signup Flow, status: ACTIVE","service":"workflow-backend","timestamp":"2026-08-11T17:26:16.205Z"}
{"level":"info","message":"Workflow already processed for idempotent key 1eeef1b6-cd2a-4c6c-812d-ae557048fe28","service":"workflow-backend","timestamp":"2026-08-11T17:26:16.261Z"}
{"level":"info","message":"Singup Workflow for email kiran.sadara6730@gmail.com executed successfully ","service":"workflow-backend","timestamp":"2026-08-11T17:26:16.262Z"}
{"level":"info","message":"Entered into the signup workflow execute controller","service":"workflow-backend","timestamp":"2026-08-11T17:26:16.265Z"}
{"level":"info","message":"Entered into signup workflow execution service for email kiran.sadara6730@gmail.com","service":"workflow-backend","timestamp":"2026-08-11T17:26:16.266Z"}
{"level":"info","message":"Workflow found: Signup Flow, status: ACTIVE","service":"workflow-backend","timestamp":"2026-08-11T17:26:16.308Z"}
{"level":"info","message":"Workflow already processed for idempotent key 1eeef1b6-cd2a-4c6c-812d-ae557048fe28","service":"workflow-backend","timestamp":"2026-08-11T17:26:16.350Z"}
{"level":"info","message":"Singup Workflow for email kiran.sadara6730@gmail.com executed successfully ","service":"workflow-backend","timestamp":"2026-08-11T17:26:16.350Z"}
{"level":"info","message":"Entered into the signup workflow execute controller","service":"workflow-backend","timestamp":"2026-08-11T17:26:16.353Z"}
{"level":"info","message":"Entered into signup workflow execution service for email kiran.sadara6730@gmail.com","service":"workflow-backend","timestamp":"2026-08-11T17:26:16.353Z"}
{"level":"info","message":"Workflow found: Signup Flow, status: ACTIVE","service":"workflow-backend","timestamp":"2026-08-11T17:26:16.394Z"}
{"level":"info","message":"Workflow already processed for idempotent key 1eeef1b6-cd2a-4c6c-812d-ae557048fe28","service":"workflow-backend","timestamp":"2026-08-11T17:26:16.435Z"}
{"level":"info","message":"Singup Workflow for email kiran.sadara6730@gmail.com executed successfully ","service":"workflow-backend","timestamp":"2026-08-11T17:26:16.435Z"}
{"level":"info","message":"Entered into the signup workflow execute controller","service":"workflow-backend","timestamp":"2026-08-11T17:26:16.438Z"}
{"level":"info","message":"Entered into signup workflow execution service for email kiran.sadara6730@gmail.com","service":"workflow-backend","timestamp":"2026-08-11T17:26:16.439Z"}
{"level":"info","message":"Workflow found: Signup Flow, status: ACTIVE","service":"workflow-backend","timestamp":"2026-08-11T17:26:16.511Z"}
{"level":"info","message":"Workflow already processed for idempotent key 1eeef1b6-cd2a-4c6c-812d-ae557048fe28","service":"workflow-backend","timestamp":"2026-08-11T17:26:16.547Z"}
{"level":"info","message":"Singup Workflow for email kiran.sadara6730@gmail.com executed successfully ","service":"workflow-backend","timestamp":"2026-08-11T17:26:16.548Z"}
{"level":"info","message":"Entered into the signup workflow execute controller","service":"workflow-backend","timestamp":"2026-08-11T17:26:16.551Z"}
{"level":"info","message":"Entered into signup workflow execution service for email kiran.sadara6730@gmail.com","service":"workflow-backend","timestamp":"2026-08-11T17:26:16.551Z"}
{"level":"info","message":"Workflow found: Signup Flow, status: ACTIVE","service":"workflow-backend","timestamp":"2026-08-11T17:26:16.590Z"}
{"level":"info","message":"Workflow already processed for idempotent key 1eeef1b6-cd2a-4c6c-812d-ae557048fe28","service":"workflow-backend","timestamp":"2026-08-11T17:26:16.665Z"}
{"level":"info","message":"Singup Workflow for email kiran.sadara6730@gmail.com executed successfully ","service":"workflow-backend","timestamp":"2026-08-11T17:26:16.665Z"}
{"level":"info","message":"Entered into the signup workflow execute controller","service":"workflow-backend","timestamp":"2026-08-11T17:26:16.668Z"}
{"level":"info","message":"Entered into signup workflow execution service for email kiran.sadara6730@gmail.com","service":"workflow-backend","timestamp":"2026-08-11T17:26:16.669Z"}
{"level":"info","message":"Workflow found: Signup Flow, status: ACTIVE","service":"workflow-backend","timestamp":"2026-08-11T17:26:16.704Z"}
{"level":"info","message":"Workflow already processed for idempotent key 1eeef1b6-cd2a-4c6c-812d-ae557048fe28","service":"workflow-backend","timestamp":"2026-08-11T17:26:16.743Z"}
{"level":"info","message":"Singup Workflow for email kiran.sadara6730@gmail.com executed successfully ","service":"workflow-backend","timestamp":"2026-08-11T17:26:16.744Z"}
{"level":"info","message":"Entered into the signup workflow execute controller","service":"workflow-backend","timestamp":"2026-08-11T17:26:16.747Z"}
{"level":"info","message":"Entered into signup workflow execution service for email kiran.sadara6730@gmail.com","service":"workflow-backend","timestamp":"2026-08-11T17:26:16.747Z"}
{"level":"info","message":"Workflow found: Signup Flow, status: ACTIVE","service":"workflow-backend","timestamp":"2026-08-11T17:26:16.783Z"}
{"level":"info","message":"Workflow already processed for idempotent key 1eeef1b6-cd2a-4c6c-812d-ae557048fe28","service":"workflow-backend","timestamp":"2026-08-11T17:26:16.837Z"}
{"level":"info","message":"Singup Workflow for email kiran.sadara6730@gmail.com executed successfully ","service":"workflow-backend","timestamp":"2026-08-11T17:26:16.838Z"}
{"level":"info","message":"Entered into the signup workflow execute controller","service":"workflow-backend","timestamp":"2026-08-11T17:26:16.841Z"}
{"level":"info","message":"Entered into signup workflow execution service for email kiran.sadara6730@gmail.com","service":"workflow-backend","timestamp":"2026-08-11T17:26:16.842Z"}
{"level":"info","message":"Workflow found: Signup Flow, status: ACTIVE","service":"workflow-backend","timestamp":"2026-08-11T17:26:16.881Z"}
{"level":"info","message":"Workflow already processed for idempotent key 1eeef1b6-cd2a-4c6c-812d-ae557048fe28","service":"workflow-backend","timestamp":"2026-08-11T17:26:16.962Z"}
{"level":"info","message":"Singup Workflow for email kiran.sadara6730@gmail.com executed successfully ","service":"workflow-backend","timestamp":"2026-08-11T17:26:16.963Z"}
{"level":"info","message":"Entered into the signup workflow execute controller","service":"workflow-backend","timestamp":"2026-08-11T17:26:16.968Z"}
{"level":"info","message":"Entered into signup workflow execution service for email kiran.sadara6730@gmail.com","service":"workflow-backend","timestamp":"2026-08-11T17:26:16.969Z"}
{"level":"info","message":"Workflow found: Signup Flow, status: ACTIVE","service":"workflow-backend","timestamp":"2026-08-11T17:26:17.010Z"}
{"level":"info","message":"Workflow already processed for idempotent key 1eeef1b6-cd2a-4c6c-812d-ae557048fe28","service":"workflow-backend","timestamp":"2026-08-11T17:26:17.060Z"}
{"level":"info","message":"Singup Workflow for email kiran.sadara6730@gmail.com executed successfully ","service":"workflow-backend","timestamp":"2026-08-11T17:26:17.060Z"}
{"level":"info","message":"Entered into the signup workflow execute controller","service":"workflow-backend","timestamp":"2026-08-11T17:26:17.066Z"}
{"level":"info","message":"Entered into signup workflow execution service for email kiran.sadara6730@gmail.com","service":"workflow-backend","timestamp":"2026-08-11T17:26:17.067Z"}
{"level":"info","message":"Workflow found: Signup Flow, status: ACTIVE","service":"workflow-backend","timestamp":"2026-08-11T17:26:17.151Z"}
{"level":"info","message":"Workflow already processed for idempotent key 1eeef1b6-cd2a-4c6c-812d-ae557048fe28","service":"workflow-backend","timestamp":"2026-08-11T17:26:17.216Z"}
{"level":"info","message":"Singup Workflow for email kiran.sadara6730@gmail.com executed successfully ","service":"workflow-backend","timestamp":"2026-08-11T17:26:17.216Z"}
{"level":"info","message":"Entered into the signup workflow execute controller","service":"workflow-backend","timestamp":"2026-08-11T17:26:17.219Z"}
{"level":"info","message":"Entered into signup workflow execution service for email kiran.sadara6730@gmail.com","service":"workflow-backend","timestamp":"2026-08-11T17:26:17.220Z"}
{"level":"info","message":"Workflow found: Signup Flow, status: ACTIVE","service":"workflow-backend","timestamp":"2026-08-11T17:26:17.260Z"}
{"level":"info","message":"Workflow already processed for idempotent key 1eeef1b6-cd2a-4c6c-812d-ae557048fe28","service":"workflow-backend","timestamp":"2026-08-11T17:26:17.297Z"}
{"level":"info","message":"Singup Workflow for email kiran.sadara6730@gmail.com executed successfully ","service":"workflow-backend","timestamp":"2026-08-11T17:26:17.297Z"}
{"level":"info","message":"Entered into the signup workflow execute controller","service":"workflow-backend","timestamp":"2026-08-11T17:26:17.300Z"}
{"level":"info","message":"Entered into signup workflow execution service for email kiran.sadara6730@gmail.com","service":"workflow-backend","timestamp":"2026-08-11T17:26:17.301Z"}
{"level":"info","message":"Workflow found: Signup Flow, status: ACTIVE","service":"workflow-backend","timestamp":"2026-08-11T17:26:17.348Z"}
{"level":"info","message":"Workflow already processed for idempotent key 1eeef1b6-cd2a-4c6c-812d-ae557048fe28","service":"workflow-backend","timestamp":"2026-08-11T17:26:17.390Z"}
{"level":"info","message":"Singup Workflow for email kiran.sadara6730@gmail.com executed successfully ","service":"workflow-backend","timestamp":"2026-08-11T17:26:17.391Z"}
{"level":"info","message":"Entered into the signup workflow execute controller","service":"workflow-backend","timestamp":"2026-08-11T17:26:17.394Z"}
{"level":"info","message":"Entered into signup workflow execution service for email kiran.sadara6730@gmail.com","service":"workflow-backend","timestamp":"2026-08-11T17:26:17.394Z"}
{"level":"info","message":"Workflow found: Signup Flow, status: ACTIVE","service":"workflow-backend","timestamp":"2026-08-11T17:26:17.476Z"}
{"level":"info","message":"Workflow already processed for idempotent key 1eeef1b6-cd2a-4c6c-812d-ae557048fe28","service":"workflow-backend","timestamp":"2026-08-11T17:26:17.529Z"}
{"level":"info","message":"Singup Workflow for email kiran.sadara6730@gmail.com executed successfully ","service":"workflow-backend","timestamp":"2026-08-11T17:26:17.529Z"}
{"level":"info","message":"Entered into the signup workflow execute controller","service":"workflow-backend","timestamp":"2026-08-11T17:26:17.532Z"}
{"level":"info","message":"Entered into signup workflow execution service for email kiran.sadara6730@gmail.com","service":"workflow-backend","timestamp":"2026-08-11T17:26:17.533Z"}
{"level":"info","message":"Workflow found: Signup Flow, status: ACTIVE","service":"workflow-backend","timestamp":"2026-08-11T17:26:17.590Z"}
{"level":"info","message":"Workflow already processed for idempotent key 1eeef1b6-cd2a-4c6c-812d-ae557048fe28","service":"workflow-backend","timestamp":"2026-08-11T17:26:17.687Z"}
{"level":"info","message":"Singup Workflow for email kiran.sadara6730@gmail.com executed successfully ","service":"workflow-backend","timestamp":"2026-08-11T17:26:17.688Z"}
{"level":"info","message":"Entered into the signup workflow execute controller","service":"workflow-backend","timestamp":"2026-08-11T17:26:17.690Z"}
{"level":"info","message":"Entered into signup workflow execution service for email kiran.sadara6730@gmail.com","service":"workflow-backend","timestamp":"2026-08-11T17:26:17.691Z"}
{"level":"info","message":"Workflow found: Signup Flow, status: ACTIVE","service":"workflow-backend","timestamp":"2026-08-11T17:26:17.781Z"}
{"level":"info","message":"Workflow already processed for idempotent key 1eeef1b6-cd2a-4c6c-812d-ae557048fe28","service":"workflow-backend","timestamp":"2026-08-11T17:26:17.903Z"}
{"level":"info","message":"Singup Workflow for email kiran.sadara6730@gmail.com executed successfully ","service":"workflow-backend","timestamp":"2026-08-11T17:26:17.904Z"}
{"level":"info","message":"Entered into the signup workflow execute controller","service":"workflow-backend","timestamp":"2026-08-11T17:26:17.907Z"}
{"level":"info","message":"Entered into signup workflow execution service for email kiran.sadara6730@gmail.com","service":"workflow-backend","timestamp":"2026-08-11T17:26:17.908Z"}
{"level":"info","message":"Workflow found: Signup Flow, status: ACTIVE","service":"workflow-backend","timestamp":"2026-08-11T17:26:18.034Z"}
{"level":"info","message":"Workflow already processed for idempotent key 1eeef1b6-cd2a-4c6c-812d-ae557048fe28","service":"workflow-backend","timestamp":"2026-08-11T17:26:18.087Z"}
{"level":"info","message":"Singup Workflow for email kiran.sadara6730@gmail.com executed successfully ","service":"workflow-backend","timestamp":"2026-08-11T17:26:18.088Z"}
{"level":"info","message":"Entered into the signup workflow execute controller","service":"workflow-backend","timestamp":"2026-08-11T17:26:18.091Z"}
{"level":"info","message":"Entered into signup workflow execution service for email kiran.sadara6730@gmail.com","service":"workflow-backend","timestamp":"2026-08-11T17:26:18.092Z"}
{"level":"info","message":"Workflow found: Signup Flow, status: ACTIVE","service":"workflow-backend","timestamp":"2026-08-11T17:26:18.153Z"}
{"level":"info","message":"Workflow already processed for idempotent key 1eeef1b6-cd2a-4c6c-812d-ae557048fe28","service":"workflow-backend","timestamp":"2026-08-11T17:26:18.212Z"}
{"level":"info","message":"Singup Workflow for email kiran.sadara6730@gmail.com executed successfully ","service":"workflow-backend","timestamp":"2026-08-11T17:26:18.213Z"}
{"level":"info","message":"Entered into the signup workflow execute controller","service":"workflow-backend","timestamp":"2026-08-11T17:26:18.217Z"}
{"level":"info","message":"Entered into signup workflow execution service for email kiran.sadara6730@gmail.com","service":"workflow-backend","timestamp":"2026-08-11T17:26:18.217Z"}
{"level":"info","message":"Workflow found: Signup Flow, status: ACTIVE","service":"workflow-backend","timestamp":"2026-08-11T17:26:18.279Z"}
{"level":"info","message":"Workflow already processed for idempotent key 1eeef1b6-cd2a-4c6c-812d-ae557048fe28","service":"workflow-backend","timestamp":"2026-08-11T17:26:18.368Z"}
{"level":"info","message":"Singup Workflow for email kiran.sadara6730@gmail.com executed successfully ","service":"workflow-backend","timestamp":"2026-08-11T17:26:18.368Z"}
{"level":"info","message":"Entered into the signup workflow execute controller","service":"workflow-backend","timestamp":"2026-08-11T17:26:18.372Z"}
{"level":"info","message":"Entered into signup workflow execution service for email kiran.sadara6730@gmail.com","service":"workflow-backend","timestamp":"2026-08-11T17:26:18.373Z"}
{"level":"info","message":"Workflow found: Signup Flow, status: ACTIVE","service":"workflow-backend","timestamp":"2026-08-11T17:26:18.414Z"}
{"level":"info","message":"Workflow already processed for idempotent key 1eeef1b6-cd2a-4c6c-812d-ae557048fe28","service":"workflow-backend","timestamp":"2026-08-11T17:26:18.484Z"}
{"level":"info","message":"Singup Workflow for email kiran.sadara6730@gmail.com executed successfully ","service":"workflow-backend","timestamp":"2026-08-11T17:26:18.484Z"}
{"level":"info","message":"Entered into the signup workflow execute controller","service":"workflow-backend","timestamp":"2026-08-11T17:26:18.487Z"}
{"level":"info","message":"Entered into signup workflow execution service for email kiran.sadara6730@gmail.com","service":"workflow-backend","timestamp":"2026-08-11T17:26:18.487Z"}
{"level":"info","message":"Workflow found: Signup Flow, status: ACTIVE","service":"workflow-backend","timestamp":"2026-08-11T17:26:18.524Z"}
{"level":"info","message":"Workflow already processed for idempotent key 1eeef1b6-cd2a-4c6c-812d-ae557048fe28","service":"workflow-backend","timestamp":"2026-08-11T17:26:18.572Z"}
{"level":"info","message":"Singup Workflow for email kiran.sadara6730@gmail.com executed successfully ","service":"workflow-backend","timestamp":"2026-08-11T17:26:18.573Z"}
{"level":"info","message":"Entered into the signup workflow execute controller","service":"workflow-backend","timestamp":"2026-08-11T17:26:18.576Z"}
{"level":"info","message":"Entered into signup workflow execution service for email kiran.sadara6730@gmail.com","service":"workflow-backend","timestamp":"2026-08-11T17:26:18.577Z"}
{"level":"info","message":"Workflow found: Signup Flow, status: ACTIVE","service":"workflow-backend","timestamp":"2026-08-11T17:26:18.659Z"}
{"level":"info","message":"Workflow already processed for idempotent key 1eeef1b6-cd2a-4c6c-812d-ae557048fe28","service":"workflow-backend","timestamp":"2026-08-11T17:26:18.718Z"}
{"level":"info","message":"Singup Workflow for email kiran.sadara6730@gmail.com executed successfully ","service":"workflow-backend","timestamp":"2026-08-11T17:26:18.719Z"}
{"level":"info","message":"Entered into the signup workflow execute controller","service":"workflow-backend","timestamp":"2026-08-11T17:26:18.721Z"}
{"level":"info","message":"Entered into signup workflow execution service for email kiran.sadara6730@gmail.com","service":"workflow-backend","timestamp":"2026-08-11T17:26:18.722Z"}
{"level":"info","message":"Workflow found: Signup Flow, status: ACTIVE","service":"workflow-backend","timestamp":"2026-08-11T17:26:18.767Z"}
{"level":"info","message":"Workflow already processed for idempotent key 1eeef1b6-cd2a-4c6c-812d-ae557048fe28","service":"workflow-backend","timestamp":"2026-08-11T17:26:18.807Z"}
{"level":"info","message":"Singup Workflow for email kiran.sadara6730@gmail.com executed successfully ","service":"workflow-backend","timestamp":"2026-08-11T17:26:18.807Z"}
{"level":"info","message":"Entered into the signup workflow execute controller","service":"workflow-backend","timestamp":"2026-08-11T17:26:18.811Z"}
{"level":"info","message":"Entered into signup workflow execution service for email kiran.sadara6730@gmail.com","service":"workflow-backend","timestamp":"2026-08-11T17:26:18.811Z"}
{"level":"info","message":"Workflow found: Signup Flow, status: ACTIVE","service":"workflow-backend","timestamp":"2026-08-11T17:26:18.851Z"}
{"level":"info","message":"Workflow already processed for idempotent key 1eeef1b6-cd2a-4c6c-812d-ae557048fe28","service":"workflow-backend","timestamp":"2026-08-11T17:26:18.893Z"}
{"level":"info","message":"Singup Workflow for email kiran.sadara6730@gmail.com executed successfully ","service":"workflow-backend","timestamp":"2026-08-11T17:26:18.894Z"}
{"level":"info","message":"Entered into the signup workflow execute controller","service":"workflow-backend","timestamp":"2026-08-11T17:26:18.897Z"}
{"level":"info","message":"Entered into signup workflow execution service for email kiran.sadara6730@gmail.com","service":"workflow-backend","timestamp":"2026-08-11T17:26:18.897Z"}
{"level":"info","message":"Workflow found: Signup Flow, status: ACTIVE","service":"workflow-backend","timestamp":"2026-08-11T17:26:18.932Z"}
{"level":"info","message":"Workflow already processed for idempotent key 1eeef1b6-cd2a-4c6c-812d-ae557048fe28","service":"workflow-backend","timestamp":"2026-08-11T17:26:18.974Z"}
{"level":"info","message":"Singup Workflow for email kiran.sadara6730@gmail.com executed successfully ","service":"workflow-backend","timestamp":"2026-08-11T17:26:18.974Z"}
{"level":"info","message":"Entered into the signup workflow execute controller","service":"workflow-backend","timestamp":"2026-08-11T17:26:18.979Z"}
{"level":"info","message":"Entered into signup workflow execution service for email kiran.sadara6730@gmail.com","service":"workflow-backend","timestamp":"2026-08-11T17:26:18.979Z"}
{"level":"info","message":"Workflow found: Signup Flow, status: ACTIVE","service":"workflow-backend","timestamp":"2026-08-11T17:26:19.041Z"}
{"level":"info","message":"Workflow already processed for idempotent key 1eeef1b6-cd2a-4c6c-812d-ae557048fe28","service":"workflow-backend","timestamp":"2026-08-11T17:26:19.154Z"}
{"level":"info","message":"Singup Workflow for email kiran.sadara6730@gmail.com executed successfully ","service":"workflow-backend","timestamp":"2026-08-11T17:26:19.155Z"}
{"level":"info","message":"Entered into the signup workflow execute controller","service":"workflow-backend","timestamp":"2026-08-11T17:26:19.159Z"}
{"level":"info","message":"Entered into signup workflow execution service for email kiran.sadara6730@gmail.com","service":"workflow-backend","timestamp":"2026-08-11T17:26:19.160Z"}
{"level":"info","message":"Workflow found: Signup Flow, status: ACTIVE","service":"workflow-backend","timestamp":"2026-08-11T17:26:19.199Z"}
{"level":"info","message":"Workflow already processed for idempotent key 1eeef1b6-cd2a-4c6c-812d-ae557048fe28","service":"workflow-backend","timestamp":"2026-08-11T17:26:19.244Z"}
{"level":"info","message":"Singup Workflow for email kiran.sadara6730@gmail.com executed successfully ","service":"workflow-backend","timestamp":"2026-08-11T17:26:19.245Z"}
{"level":"info","message":"Entered into the signup workflow execute controller","service":"workflow-backend","timestamp":"2026-08-11T17:26:19.248Z"}
{"level":"info","message":"Entered into signup workflow execution service for email kiran.sadara6730@gmail.com","service":"workflow-backend","timestamp":"2026-08-11T17:26:19.248Z"}
{"level":"info","message":"Workflow found: Signup Flow, status: ACTIVE","service":"workflow-backend","timestamp":"2026-08-11T17:26:19.283Z"}
{"level":"info","message":"Workflow already processed for idempotent key 1eeef1b6-cd2a-4c6c-812d-ae557048fe28","service":"workflow-backend","timestamp":"2026-08-11T17:26:19.322Z"}
{"level":"info","message":"Singup Workflow for email kiran.sadara6730@gmail.com executed successfully ","service":"workflow-backend","timestamp":"2026-08-11T17:26:19.322Z"}
{"level":"info","message":"Entered into the signup workflow execute controller","service":"workflow-backend","timestamp":"2026-08-11T17:26:19.328Z"}
{"level":"info","message":"Entered into signup workflow execution service for email kiran.sadara6730@gmail.com","service":"workflow-backend","timestamp":"2026-08-11T17:26:19.328Z"}
{"level":"info","message":"Workflow found: Signup Flow, status: ACTIVE","service":"workflow-backend","timestamp":"2026-08-11T17:26:19.364Z"}
{"level":"info","message":"Workflow already processed for idempotent key 1eeef1b6-cd2a-4c6c-812d-ae557048fe28","service":"workflow-backend","timestamp":"2026-08-11T17:26:19.406Z"}
{"level":"info","message":"Singup Workflow for email kiran.sadara6730@gmail.com executed successfully ","service":"workflow-backend","timestamp":"2026-08-11T17:26:19.407Z"}
{"level":"info","message":"Entered into the signup workflow execute controller","service":"workflow-backend","timestamp":"2026-08-11T17:26:19.411Z"}
{"level":"info","message":"Entered into signup workflow execution service for email kiran.sadara6730@gmail.com","service":"workflow-backend","timestamp":"2026-08-11T17:26:19.411Z"}
{"level":"info","message":"Workflow found: Signup Flow, status: ACTIVE","service":"workflow-backend","timestamp":"2026-08-11T17:26:19.456Z"}
{"level":"info","message":"Workflow already processed for idempotent key 1eeef1b6-cd2a-4c6c-812d-ae557048fe28","service":"workflow-backend","timestamp":"2026-08-11T17:26:19.489Z"}
{"level":"info","message":"Singup Workflow for email kiran.sadara6730@gmail.com executed successfully ","service":"workflow-backend","timestamp":"2026-08-11T17:26:19.489Z"}
{"level":"info","message":"Entered into the signup workflow execute controller","service":"workflow-backend","timestamp":"2026-08-11T17:26:19.492Z"}
{"level":"info","message":"Entered into signup workflow execution service for email kiran.sadara6730@gmail.com","service":"workflow-backend","timestamp":"2026-08-11T17:26:19.492Z"}
{"level":"info","message":"Workflow found: Signup Flow, status: ACTIVE","service":"workflow-backend","timestamp":"2026-08-11T17:26:19.532Z"}
{"level":"info","message":"Workflow already processed for idempotent key 1eeef1b6-cd2a-4c6c-812d-ae557048fe28","service":"workflow-backend","timestamp":"2026-08-11T17:26:19.569Z"}
{"level":"info","message":"Singup Workflow for email kiran.sadara6730@gmail.com executed successfully ","service":"workflow-backend","timestamp":"2026-08-11T17:26:19.569Z"}
{"level":"info","message":"Entered into the signup workflow execute controller","service":"workflow-backend","timestamp":"2026-08-11T17:26:19.572Z"}
{"level":"info","message":"Entered into signup workflow execution service for email kiran.sadara6730@gmail.com","service":"workflow-backend","timestamp":"2026-08-11T17:26:19.573Z"}
{"level":"info","message":"Workflow found: Signup Flow, status: ACTIVE","service":"workflow-backend","timestamp":"2026-08-11T17:26:19.613Z"}
{"level":"info","message":"Workflow already processed for idempotent key 1eeef1b6-cd2a-4c6c-812d-ae557048fe28","service":"workflow-backend","timestamp":"2026-08-11T17:26:19.647Z"}
{"level":"info","message":"Singup Workflow for email kiran.sadara6730@gmail.com executed successfully ","service":"workflow-backend","timestamp":"2026-08-11T17:26:19.648Z"}
{"level":"info","message":"Entered into the signup workflow execute controller","service":"workflow-backend","timestamp":"2026-08-11T17:26:19.650Z"}
{"level":"info","message":"Entered into signup workflow execution service for email kiran.sadara6730@gmail.com","service":"workflow-backend","timestamp":"2026-08-11T17:26:19.651Z"}
{"level":"info","message":"Workflow found: Signup Flow, status: ACTIVE","service":"workflow-backend","timestamp":"2026-08-11T17:26:19.687Z"}
{"level":"info","message":"Workflow already processed for idempotent key 1eeef1b6-cd2a-4c6c-812d-ae557048fe28","service":"workflow-backend","timestamp":"2026-08-11T17:26:19.745Z"}
{"level":"info","message":"Singup Workflow for email kiran.sadara6730@gmail.com executed successfully ","service":"workflow-backend","timestamp":"2026-08-11T17:26:19.746Z"}
{"level":"info","message":"Entered into the signup workflow execute controller","service":"workflow-backend","timestamp":"2026-08-11T17:26:19.748Z"}
{"level":"info","message":"Entered into signup workflow execution service for email kiran.sadara6730@gmail.com","service":"workflow-backend","timestamp":"2026-08-11T17:26:19.749Z"}
{"level":"info","message":"Workflow found: Signup Flow, status: ACTIVE","service":"workflow-backend","timestamp":"2026-08-11T17:26:19.794Z"}
{"level":"info","message":"Workflow already processed for idempotent key 1eeef1b6-cd2a-4c6c-812d-ae557048fe28","service":"workflow-backend","timestamp":"2026-08-11T17:26:19.835Z"}
{"level":"info","message":"Singup Workflow for email kiran.sadara6730@gmail.com executed successfully ","service":"workflow-backend","timestamp":"2026-08-11T17:26:19.835Z"}
{"level":"info","message":"Entered into the signup workflow execute controller","service":"workflow-backend","timestamp":"2026-08-11T17:26:19.839Z"}
{"level":"info","message":"Entered into signup workflow execution service for email kiran.sadara6730@gmail.com","service":"workflow-backend","timestamp":"2026-08-11T17:26:19.839Z"}
{"level":"info","message":"Workflow found: Signup Flow, status: ACTIVE","service":"workflow-backend","timestamp":"2026-08-11T17:26:19.878Z"}
{"level":"info","message":"Workflow already processed for idempotent key 1eeef1b6-cd2a-4c6c-812d-ae557048fe28","service":"workflow-backend","timestamp":"2026-08-11T17:26:19.916Z"}
{"level":"info","message":"Singup Workflow for email kiran.sadara6730@gmail.com executed successfully ","service":"workflow-backend","timestamp":"2026-08-11T17:26:19.916Z"}
{"level":"info","message":"Entered into the signup workflow execute controller","service":"workflow-backend","timestamp":"2026-08-11T17:26:19.919Z"}
{"level":"info","message":"Entered into signup workflow execution service for email kiran.sadara6730@gmail.com","service":"workflow-backend","timestamp":"2026-08-11T17:26:19.920Z"}
{"level":"info","message":"Workflow found: Signup Flow, status: ACTIVE","service":"workflow-backend","timestamp":"2026-08-11T17:26:19.959Z"}
{"level":"info","message":"Workflow already processed for idempotent key 1eeef1b6-cd2a-4c6c-812d-ae557048fe28","service":"workflow-backend","timestamp":"2026-08-11T17:26:19.994Z"}
{"level":"info","message":"Singup Workflow for email kiran.sadara6730@gmail.com executed successfully ","service":"workflow-backend","timestamp":"2026-08-11T17:26:19.995Z"}
{"level":"info","message":"Entered into the signup workflow execute controller","service":"workflow-backend","timestamp":"2026-08-11T17:26:20.001Z"}
{"level":"info","message":"Entered into signup workflow execution service for email kiran.sadara6730@gmail.com","service":"workflow-backend","timestamp":"2026-08-11T17:26:20.005Z"}
{"level":"info","message":"Workflow found: Signup Flow, status: ACTIVE","service":"workflow-backend","timestamp":"2026-08-11T17:26:20.041Z"}
{"level":"info","message":"Workflow already processed for idempotent key 1eeef1b6-cd2a-4c6c-812d-ae557048fe28","service":"workflow-backend","timestamp":"2026-08-11T17:26:20.089Z"}
{"level":"info","message":"Singup Workflow for email kiran.sadara6730@gmail.com executed successfully ","service":"workflow-backend","timestamp":"2026-08-11T17:26:20.109Z"}
{"level":"info","message":"Entered into the signup workflow execute controller","service":"workflow-backend","timestamp":"2026-08-11T17:26:20.119Z"}
{"level":"info","message":"Entered into signup workflow execution service for email kiran.sadara6730@gmail.com","service":"workflow-backend","timestamp":"2026-08-11T17:26:20.120Z"}
{"level":"info","message":"Workflow found: Signup Flow, status: ACTIVE","service":"workflow-backend","timestamp":"2026-08-11T17:26:20.177Z"}
{"level":"info","message":"Workflow already processed for idempotent key 1eeef1b6-cd2a-4c6c-812d-ae557048fe28","service":"workflow-backend","timestamp":"2026-08-11T17:26:20.214Z"}
{"level":"info","message":"Singup Workflow for email kiran.sadara6730@gmail.com executed successfully ","service":"workflow-backend","timestamp":"2026-08-11T17:26:20.215Z"}
{"level":"info","message":"Entered into the signup workflow execute controller","service":"workflow-backend","timestamp":"2026-08-11T17:26:20.218Z"}
{"level":"info","message":"Entered into signup workflow execution service for email kiran.sadara6730@gmail.com","service":"workflow-backend","timestamp":"2026-08-11T17:26:20.219Z"}
{"level":"info","message":"Workflow found: Signup Flow, status: ACTIVE","service":"workflow-backend","timestamp":"2026-08-11T17:26:20.259Z"}
{"level":"info","message":"Workflow already processed for idempotent key 1eeef1b6-cd2a-4c6c-812d-ae557048fe28","service":"workflow-backend","timestamp":"2026-08-11T17:26:20.301Z"}
{"level":"info","message":"Singup Workflow for email kiran.sadara6730@gmail.com executed successfully ","service":"workflow-backend","timestamp":"2026-08-11T17:26:20.301Z"}
{"level":"info","message":"Entered into the signup workflow execute controller","service":"workflow-backend","timestamp":"2026-08-11T17:26:20.308Z"}
{"level":"info","message":"Entered into signup workflow execution service for email kiran.sadara6730@gmail.com","service":"workflow-backend","timestamp":"2026-08-11T17:26:20.309Z"}
{"level":"info","message":"Workflow found: Signup Flow, status: ACTIVE","service":"workflow-backend","timestamp":"2026-08-11T17:26:20.363Z"}
{"level":"info","message":"Workflow already processed for idempotent key 1eeef1b6-cd2a-4c6c-812d-ae557048fe28","service":"workflow-backend","timestamp":"2026-08-11T17:26:20.405Z"}
{"level":"info","message":"Singup Workflow for email kiran.sadara6730@gmail.com executed successfully ","service":"workflow-backend","timestamp":"2026-08-11T17:26:20.406Z"}
{"level":"info","message":"Entered into the signup workflow execute controller","service":"workflow-backend","timestamp":"2026-08-11T17:26:20.412Z"}
{"level":"info","message":"Entered into signup workflow execution service for email kiran.sadara6730@gmail.com","service":"workflow-backend","timestamp":"2026-08-11T17:26:20.412Z"}
{"level":"info","message":"Workflow found: Signup Flow, status: ACTIVE","service":"workflow-backend","timestamp":"2026-08-11T17:26:20.452Z"}
{"level":"info","message":"Workflow already processed for idempotent key 1eeef1b6-cd2a-4c6c-812d-ae557048fe28","service":"workflow-backend","timestamp":"2026-08-11T17:26:20.498Z"}
{"level":"info","message":"Singup Workflow for email kiran.sadara6730@gmail.com executed successfully ","service":"workflow-backend","timestamp":"2026-08-11T17:26:20.499Z"}
{"level":"info","message":"Entered into the signup workflow execute controller","service":"workflow-backend","timestamp":"2026-08-11T17:26:20.504Z"}
{"level":"info","message":"Entered into signup workflow execution service for email kiran.sadara6730@gmail.com","service":"workflow-backend","timestamp":"2026-08-11T17:26:20.505Z"}
{"level":"info","message":"Workflow found: Signup Flow, status: ACTIVE","service":"workflow-backend","timestamp":"2026-08-11T17:26:20.547Z"}
{"level":"info","message":"Workflow already processed for idempotent key 1eeef1b6-cd2a-4c6c-812d-ae557048fe28","service":"workflow-backend","timestamp":"2026-08-11T17:26:20.604Z"}
{"level":"info","message":"Singup Workflow for email kiran.sadara6730@gmail.com executed successfully ","service":"workflow-backend","timestamp":"2026-08-11T17:26:20.605Z"}
{"level":"info","message":"Entered into the signup workflow execute controller","service":"workflow-backend","timestamp":"2026-08-11T17:26:20.610Z"}
{"level":"info","message":"Entered into signup workflow execution service for email kiran.sadara6730@gmail.com","service":"workflow-backend","timestamp":"2026-08-11T17:26:20.610Z"}
{"level":"info","message":"Workflow found: Signup Flow, status: ACTIVE","service":"workflow-backend","timestamp":"2026-08-11T17:26:20.675Z"}
{"level":"info","message":"Workflow already processed for idempotent key 1eeef1b6-cd2a-4c6c-812d-ae557048fe28","service":"workflow-backend","timestamp":"2026-08-11T17:26:20.728Z"}
{"level":"info","message":"Singup Workflow for email kiran.sadara6730@gmail.com executed successfully ","service":"workflow-backend","timestamp":"2026-08-11T17:26:20.728Z"}
{"level":"info","message":"Entered into the signup workflow execute controller","service":"workflow-backend","timestamp":"2026-08-11T17:26:20.733Z"}
{"level":"info","message":"Entered into signup workflow execution service for email kiran.sadara6730@gmail.com","service":"workflow-backend","timestamp":"2026-08-11T17:26:20.734Z"}
{"level":"info","message":"Workflow found: Signup Flow, status: ACTIVE","service":"workflow-backend","timestamp":"2026-08-11T17:26:20.782Z"}
{"level":"info","message":"Workflow already processed for idempotent key 1eeef1b6-cd2a-4c6c-812d-ae557048fe28","service":"workflow-backend","timestamp":"2026-08-11T17:26:20.817Z"}
{"level":"info","message":"Singup Workflow for email kiran.sadara6730@gmail.com executed successfully ","service":"workflow-backend","timestamp":"2026-08-11T17:26:20.818Z"}
{"level":"info","message":"Entered into the signup workflow execute controller","service":"workflow-backend","timestamp":"2026-08-11T17:26:20.824Z"}
{"level":"info","message":"Entered into signup workflow execution service for email kiran.sadara6730@gmail.com","service":"workflow-backend","timestamp":"2026-08-11T17:26:20.825Z"}
{"level":"info","message":"Workflow found: Signup Flow, status: ACTIVE","service":"workflow-backend","timestamp":"2026-08-11T17:26:20.890Z"}
{"level":"info","message":"Workflow already processed for idempotent key 1eeef1b6-cd2a-4c6c-812d-ae557048fe28","service":"workflow-backend","timestamp":"2026-08-11T17:26:20.930Z"}
{"level":"info","message":"Singup Workflow for email kiran.sadara6730@gmail.com executed successfully ","service":"workflow-backend","timestamp":"2026-08-11T17:26:20.931Z"}
{"level":"info","message":"Entered into the signup workflow execute controller","service":"workflow-backend","timestamp":"2026-08-11T17:26:20.936Z"}
{"level":"info","message":"Entered into signup workflow execution service for email kiran.sadara6730@gmail.com","service":"workflow-backend","timestamp":"2026-08-11T17:26:20.937Z"}
{"level":"info","message":"Workflow found: Signup Flow, status: ACTIVE","service":"workflow-backend","timestamp":"2026-08-11T17:26:20.992Z"}
{"level":"info","message":"Workflow already processed for idempotent key 1eeef1b6-cd2a-4c6c-812d-ae557048fe28","service":"workflow-backend","timestamp":"2026-08-11T17:26:21.033Z"}
{"level":"info","message":"Singup Workflow for email kiran.sadara6730@gmail.com executed successfully ","service":"workflow-backend","timestamp":"2026-08-11T17:26:21.034Z"}
{"level":"info","message":"Entered into the signup workflow execute controller","service":"workflow-backend","timestamp":"2026-08-11T17:26:21.036Z"}
{"level":"info","message":"Entered into signup workflow execution service for email kiran.sadara6730@gmail.com","service":"workflow-backend","timestamp":"2026-08-11T17:26:21.037Z"}
{"level":"info","message":"Workflow found: Signup Flow, status: ACTIVE","service":"workflow-backend","timestamp":"2026-08-11T17:26:21.081Z"}
{"level":"info","message":"Workflow already processed for idempotent key 1eeef1b6-cd2a-4c6c-812d-ae557048fe28","service":"workflow-backend","timestamp":"2026-08-11T17:26:21.122Z"}
{"level":"info","message":"Singup Workflow for email kiran.sadara6730@gmail.com executed successfully ","service":"workflow-backend","timestamp":"2026-08-11T17:26:21.123Z"}
{"level":"info","message":"Entered into the signup workflow execute controller","service":"workflow-backend","timestamp":"2026-08-11T17:26:21.127Z"}
{"level":"info","message":"Entered into signup workflow execution service for email kiran.sadara6730@gmail.com","service":"workflow-backend","timestamp":"2026-08-11T17:26:21.127Z"}
{"level":"info","message":"Workflow found: Signup Flow, status: ACTIVE","service":"workflow-backend","timestamp":"2026-08-11T17:26:21.193Z"}
{"level":"info","message":"Workflow already processed for idempotent key 1eeef1b6-cd2a-4c6c-812d-ae557048fe28","service":"workflow-backend","timestamp":"2026-08-11T17:26:21.239Z"}
{"level":"info","message":"Singup Workflow for email kiran.sadara6730@gmail.com executed successfully ","service":"workflow-backend","timestamp":"2026-08-11T17:26:21.239Z"}
{"level":"info","message":"Entered into the signup workflow execute controller","service":"workflow-backend","timestamp":"2026-08-11T17:26:21.244Z"}
{"level":"info","message":"Entered into signup workflow execution service for email kiran.sadara6730@gmail.com","service":"workflow-backend","timestamp":"2026-08-11T17:26:21.244Z"}
{"level":"info","message":"Workflow found: Signup Flow, status: ACTIVE","service":"workflow-backend","timestamp":"2026-08-11T17:26:21.286Z"}
{"level":"info","message":"Workflow already processed for idempotent key 1eeef1b6-cd2a-4c6c-812d-ae557048fe28","service":"workflow-backend","timestamp":"2026-08-11T17:26:21.366Z"}
{"level":"info","message":"Singup Workflow for email kiran.sadara6730@gmail.com executed successfully ","service":"workflow-backend","timestamp":"2026-08-11T17:26:21.366Z"}
{"level":"info","message":"Entered into the signup workflow execute controller","service":"workflow-backend","timestamp":"2026-08-11T17:26:21.371Z"}
{"level":"info","message":"Entered into signup workflow execution service for email kiran.sadara6730@gmail.com","service":"workflow-backend","timestamp":"2026-08-11T17:26:21.372Z"}
{"level":"info","message":"Workflow found: Signup Flow, status: ACTIVE","service":"workflow-backend","timestamp":"2026-08-11T17:26:21.449Z"}
{"level":"info","message":"Workflow already processed for idempotent key 1eeef1b6-cd2a-4c6c-812d-ae557048fe28","service":"workflow-backend","timestamp":"2026-08-11T17:26:21.493Z"}
{"level":"info","message":"Singup Workflow for email kiran.sadara6730@gmail.com executed successfully ","service":"workflow-backend","timestamp":"2026-08-11T17:26:21.494Z"}
{"level":"info","message":"Entered into the signup workflow execute controller","service":"workflow-backend","timestamp":"2026-08-11T17:26:21.498Z"}
{"level":"info","message":"Entered into signup workflow execution service for email kiran.sadara6730@gmail.com","service":"workflow-backend","timestamp":"2026-08-11T17:26:21.498Z"}
{"level":"info","message":"Workflow found: Signup Flow, status: ACTIVE","service":"workflow-backend","timestamp":"2026-08-11T17:26:21.543Z"}
{"level":"info","message":"Workflow already processed for idempotent key 1eeef1b6-cd2a-4c6c-812d-ae557048fe28","service":"workflow-backend","timestamp":"2026-08-11T17:26:21.647Z"}
{"level":"info","message":"Singup Workflow for email kiran.sadara6730@gmail.com executed successfully ","service":"workflow-backend","timestamp":"2026-08-11T17:26:21.647Z"}
{"level":"info","message":"Entered into the signup workflow execute controller","service":"workflow-backend","timestamp":"2026-08-11T17:26:21.653Z"}
{"level":"info","message":"Entered into signup workflow execution service for email kiran.sadara6730@gmail.com","service":"workflow-backend","timestamp":"2026-08-11T17:26:21.654Z"}
{"level":"info","message":"Workflow found: Signup Flow, status: ACTIVE","service":"workflow-backend","timestamp":"2026-08-11T17:26:21.704Z"}
{"level":"info","message":"Workflow already processed for idempotent key 1eeef1b6-cd2a-4c6c-812d-ae557048fe28","service":"workflow-backend","timestamp":"2026-08-11T17:26:21.764Z"}
{"level":"info","message":"Singup Workflow for email kiran.sadara6730@gmail.com executed successfully ","service":"workflow-backend","timestamp":"2026-08-11T17:26:21.764Z"}
{"level":"info","message":"Entered into the signup workflow execute controller","service":"workflow-backend","timestamp":"2026-08-11T17:26:21.770Z"}
{"level":"info","message":"Entered into signup workflow execution service for email kiran.sadara6730@gmail.com","service":"workflow-backend","timestamp":"2026-08-11T17:26:21.771Z"}
{"level":"info","message":"Workflow found: Signup Flow, status: ACTIVE","service":"workflow-backend","timestamp":"2026-08-11T17:26:21.809Z"}
{"level":"info","message":"Workflow already processed for idempotent key 1eeef1b6-cd2a-4c6c-812d-ae557048fe28","service":"workflow-backend","timestamp":"2026-08-11T17:26:21.901Z"}
{"level":"info","message":"Singup Workflow for email kiran.sadara6730@gmail.com executed successfully ","service":"workflow-backend","timestamp":"2026-08-11T17:26:21.902Z"}
{"level":"info","message":"Entered into the signup workflow execute controller","service":"workflow-backend","timestamp":"2026-08-11T17:26:21.907Z"}
{"level":"info","message":"Entered into signup workflow execution service for email kiran.sadara6730@gmail.com","service":"workflow-backend","timestamp":"2026-08-11T17:26:21.908Z"}
{"level":"info","message":"Workflow found: Signup Flow, status: ACTIVE","service":"workflow-backend","timestamp":"2026-08-11T17:26:21.946Z"}
{"level":"info","message":"Workflow already processed for idempotent key 1eeef1b6-cd2a-4c6c-812d-ae557048fe28","service":"workflow-backend","timestamp":"2026-08-11T17:26:21.989Z"}
{"level":"info","message":"Singup Workflow for email kiran.sadara6730@gmail.com executed successfully ","service":"workflow-backend","timestamp":"2026-08-11T17:26:21.990Z"}
{"level":"info","message":"Entered into the signup workflow execute controller","service":"workflow-backend","timestamp":"2026-08-11T17:26:21.994Z"}
{"level":"info","message":"Entered into signup workflow execution service for email kiran.sadara6730@gmail.com","service":"workflow-backend","timestamp":"2026-08-11T17:26:21.994Z"}
{"level":"info","message":"Workflow found: Signup Flow, status: ACTIVE","service":"workflow-backend","timestamp":"2026-08-11T17:26:22.060Z"}
{"level":"info","message":"Workflow already processed for idempotent key 1eeef1b6-cd2a-4c6c-812d-ae557048fe28","service":"workflow-backend","timestamp":"2026-08-11T17:26:22.158Z"}
{"level":"info","message":"Singup Workflow for email kiran.sadara6730@gmail.com executed successfully ","service":"workflow-backend","timestamp":"2026-08-11T17:26:22.165Z"}
{"level":"info","message":"Entered into the signup workflow execute controller","service":"workflow-backend","timestamp":"2026-08-11T17:26:22.176Z"}
{"level":"info","message":"Entered into signup workflow execution service for email kiran.sadara6730@gmail.com","service":"workflow-backend","timestamp":"2026-08-11T17:26:22.204Z"}
{"level":"info","message":"Workflow found: Signup Flow, status: ACTIVE","service":"workflow-backend","timestamp":"2026-08-11T17:26:22.305Z"}
{"level":"info","message":"Workflow already processed for idempotent key 1eeef1b6-cd2a-4c6c-812d-ae557048fe28","service":"workflow-backend","timestamp":"2026-08-11T17:26:22.350Z"}
{"level":"info","message":"Singup Workflow for email kiran.sadara6730@gmail.com executed successfully ","service":"workflow-backend","timestamp":"2026-08-11T17:26:22.350Z"}
{"level":"info","message":"Entered into the signup workflow execute controller","service":"workflow-backend","timestamp":"2026-08-11T17:26:22.356Z"}
{"level":"info","message":"Entered into signup workflow execution service for email kiran.sadara6730@gmail.com","service":"workflow-backend","timestamp":"2026-08-11T17:26:22.357Z"}
{"level":"info","message":"Workflow found: Signup Flow, status: ACTIVE","service":"workflow-backend","timestamp":"2026-08-11T17:26:22.440Z"}
{"level":"info","message":"Workflow already processed for idempotent key 1eeef1b6-cd2a-4c6c-812d-ae557048fe28","service":"workflow-backend","timestamp":"2026-08-11T17:26:22.477Z"}
{"level":"info","message":"Singup Workflow for email kiran.sadara6730@gmail.com executed successfully ","service":"workflow-backend","timestamp":"2026-08-11T17:26:22.477Z"}
{"level":"info","message":"Entered into the signup workflow execute controller","service":"workflow-backend","timestamp":"2026-08-11T17:26:22.481Z"}
{"level":"info","message":"Entered into signup workflow execution service for email kiran.sadara6730@gmail.com","service":"workflow-backend","timestamp":"2026-08-11T17:26:22.482Z"}
{"level":"info","message":"Workflow found: Signup Flow, status: ACTIVE","service":"workflow-backend","timestamp":"2026-08-11T17:26:22.520Z"}
{"level":"info","message":"Workflow already processed for idempotent key 1eeef1b6-cd2a-4c6c-812d-ae557048fe28","service":"workflow-backend","timestamp":"2026-08-11T17:26:22.560Z"}
{"level":"info","message":"Singup Workflow for email kiran.sadara6730@gmail.com executed successfully ","service":"workflow-backend","timestamp":"2026-08-11T17:26:22.561Z"}
{"level":"info","message":"Entered into the signup workflow execute controller","service":"workflow-backend","timestamp":"2026-08-11T17:26:22.566Z"}
{"level":"info","message":"Entered into signup workflow execution service for email kiran.sadara6730@gmail.com","service":"workflow-backend","timestamp":"2026-08-11T17:26:22.567Z"}
{"level":"info","message":"Workflow found: Signup Flow, status: ACTIVE","service":"workflow-backend","timestamp":"2026-08-11T17:26:22.617Z"}
{"level":"info","message":"Workflow already processed for idempotent key 1eeef1b6-cd2a-4c6c-812d-ae557048fe28","service":"workflow-backend","timestamp":"2026-08-11T17:26:22.653Z"}
{"level":"info","message":"Singup Workflow for email kiran.sadara6730@gmail.com executed successfully ","service":"workflow-backend","timestamp":"2026-08-11T17:26:22.654Z"}
{"level":"info","message":"Entered into the signup workflow execute controller","service":"workflow-backend","timestamp":"2026-08-11T17:26:22.656Z"}
{"level":"info","message":"Entered into signup workflow execution service for email kiran.sadara6730@gmail.com","service":"workflow-backend","timestamp":"2026-08-11T17:26:22.657Z"}
{"level":"info","message":"Workflow found: Signup Flow, status: ACTIVE","service":"workflow-backend","timestamp":"2026-08-11T17:26:22.734Z"}
{"level":"info","message":"Workflow already processed for idempotent key 1eeef1b6-cd2a-4c6c-812d-ae557048fe28","service":"workflow-backend","timestamp":"2026-08-11T17:26:22.774Z"}
{"level":"info","message":"Singup Workflow for email kiran.sadara6730@gmail.com executed successfully ","service":"workflow-backend","timestamp":"2026-08-11T17:26:22.774Z"}
{"level":"info","message":"Entered into the signup workflow execute controller","service":"workflow-backend","timestamp":"2026-08-11T17:26:22.777Z"}
{"level":"info","message":"Entered into signup workflow execution service for email kiran.sadara6730@gmail.com","service":"workflow-backend","timestamp":"2026-08-11T17:26:22.777Z"}
{"level":"info","message":"Workflow found: Signup Flow, status: ACTIVE","service":"workflow-backend","timestamp":"2026-08-11T17:26:22.811Z"}
{"level":"info","message":"Workflow already processed for idempotent key 1eeef1b6-cd2a-4c6c-812d-ae557048fe28","service":"workflow-backend","timestamp":"2026-08-11T17:26:22.846Z"}
{"level":"info","message":"Singup Workflow for email kiran.sadara6730@gmail.com executed successfully ","service":"workflow-backend","timestamp":"2026-08-11T17:26:22.847Z"}
{"level":"info","message":"Entered into the signup workflow execute controller","service":"workflow-backend","timestamp":"2026-08-11T17:26:22.851Z"}
{"level":"info","message":"Entered into signup workflow execution service for email kiran.sadara6730@gmail.com","service":"workflow-backend","timestamp":"2026-08-11T17:26:22.852Z"}
{"level":"info","message":"Workflow found: Signup Flow, status: ACTIVE","service":"workflow-backend","timestamp":"2026-08-11T17:26:22.912Z"}
{"level":"info","message":"Workflow already processed for idempotent key 1eeef1b6-cd2a-4c6c-812d-ae557048fe28","service":"workflow-backend","timestamp":"2026-08-11T17:26:22.951Z"}
{"level":"info","message":"Singup Workflow for email kiran.sadara6730@gmail.com executed successfully ","service":"workflow-backend","timestamp":"2026-08-11T17:26:22.951Z"}
{"level":"info","message":"Entered into the signup workflow execute controller","service":"workflow-backend","timestamp":"2026-08-11T17:26:22.955Z"}
{"level":"info","message":"Entered into signup workflow execution service for email kiran.sadara6730@gmail.com","service":"workflow-backend","timestamp":"2026-08-11T17:26:22.955Z"}
{"level":"info","message":"Workflow found: Signup Flow, status: ACTIVE","service":"workflow-backend","timestamp":"2026-08-11T17:26:22.994Z"}
{"level":"info","message":"Workflow already processed for idempotent key 1eeef1b6-cd2a-4c6c-812d-ae557048fe28","service":"workflow-backend","timestamp":"2026-08-11T17:26:23.030Z"}
{"level":"info","message":"Singup Workflow for email kiran.sadara6730@gmail.com executed successfully ","service":"workflow-backend","timestamp":"2026-08-11T17:26:23.030Z"}
{"level":"info","message":"Entered into the signup workflow execute controller","service":"workflow-backend","timestamp":"2026-08-11T17:26:23.034Z"}
{"level":"info","message":"Entered into signup workflow execution service for email kiran.sadara6730@gmail.com","service":"workflow-backend","timestamp":"2026-08-11T17:26:23.034Z"}
{"level":"info","message":"Workflow found: Signup Flow, status: ACTIVE","service":"workflow-backend","timestamp":"2026-08-11T17:26:23.071Z"}
{"level":"info","message":"Workflow already processed for idempotent key 1eeef1b6-cd2a-4c6c-812d-ae557048fe28","service":"workflow-backend","timestamp":"2026-08-11T17:26:23.106Z"}
{"level":"info","message":"Singup Workflow for email kiran.sadara6730@gmail.com executed successfully ","service":"workflow-backend","timestamp":"2026-08-11T17:26:23.107Z"}
{"level":"info","message":"Entered into the signup workflow execute controller","service":"workflow-backend","timestamp":"2026-08-11T17:26:23.112Z"}
{"level":"info","message":"Entered into signup workflow execution service for email kiran.sadara6730@gmail.com","service":"workflow-backend","timestamp":"2026-08-11T17:26:23.112Z"}
{"level":"info","message":"Workflow found: Signup Flow, status: ACTIVE","service":"workflow-backend","timestamp":"2026-08-11T17:26:23.155Z"}
{"level":"info","message":"Workflow already processed for idempotent key 1eeef1b6-cd2a-4c6c-812d-ae557048fe28","service":"workflow-backend","timestamp":"2026-08-11T17:26:23.208Z"}
{"level":"info","message":"Singup Workflow for email kiran.sadara6730@gmail.com executed successfully ","service":"workflow-backend","timestamp":"2026-08-11T17:26:23.209Z"}
{"level":"info","message":"Entered into the signup workflow execute controller","service":"workflow-backend","timestamp":"2026-08-11T17:26:23.212Z"}
{"level":"info","message":"Entered into signup workflow execution service for email kiran.sadara6730@gmail.com","service":"workflow-backend","timestamp":"2026-08-11T17:26:23.213Z"}
{"level":"info","message":"Workflow found: Signup Flow, status: ACTIVE","service":"workflow-backend","timestamp":"2026-08-11T17:26:23.254Z"}
{"level":"info","message":"Workflow already processed for idempotent key 1eeef1b6-cd2a-4c6c-812d-ae557048fe28","service":"workflow-backend","timestamp":"2026-08-11T17:26:23.298Z"}
{"level":"info","message":"Singup Workflow for email kiran.sadara6730@gmail.com executed successfully ","service":"workflow-backend","timestamp":"2026-08-11T17:26:23.298Z"}
{"level":"info","message":"Entered into the signup workflow execute controller","service":"workflow-backend","timestamp":"2026-08-11T17:26:23.302Z"}
{"level":"info","message":"Entered into signup workflow execution service for email kiran.sadara6730@gmail.com","service":"workflow-backend","timestamp":"2026-08-11T17:26:23.302Z"}
{"level":"info","message":"Workflow found: Signup Flow, status: ACTIVE","service":"workflow-backend","timestamp":"2026-08-11T17:26:23.350Z"}
{"level":"info","message":"Workflow already processed for idempotent key 1eeef1b6-cd2a-4c6c-812d-ae557048fe28","service":"workflow-backend","timestamp":"2026-08-11T17:26:23.396Z"}
{"level":"info","message":"Singup Workflow for email kiran.sadara6730@gmail.com executed successfully ","service":"workflow-backend","timestamp":"2026-08-11T17:26:23.397Z"}
{"level":"info","message":"Entered into the signup workflow execute controller","service":"workflow-backend","timestamp":"2026-08-11T17:26:23.402Z"}
{"level":"info","message":"Entered into signup workflow execution service for email kiran.sadara6730@gmail.com","service":"workflow-backend","timestamp":"2026-08-11T17:26:23.403Z"}
{"level":"info","message":"Workflow found: Signup Flow, status: ACTIVE","service":"workflow-backend","timestamp":"2026-08-11T17:26:23.452Z"}
{"level":"info","message":"Workflow already processed for idempotent key 1eeef1b6-cd2a-4c6c-812d-ae557048fe28","service":"workflow-backend","timestamp":"2026-08-11T17:26:23.564Z"}
{"level":"info","message":"Singup Workflow for email kiran.sadara6730@gmail.com executed successfully ","service":"workflow-backend","timestamp":"2026-08-11T17:26:23.564Z"}
{"level":"info","message":"Entered into the signup workflow execute controller","service":"workflow-backend","timestamp":"2026-08-11T17:26:23.570Z"}
{"level":"info","message":"Entered into signup workflow execution service for email kiran.sadara6730@gmail.com","service":"workflow-backend","timestamp":"2026-08-11T17:26:23.571Z"}
{"level":"info","message":"Workflow found: Signup Flow, status: ACTIVE","service":"workflow-backend","timestamp":"2026-08-11T17:26:23.610Z"}
{"level":"info","message":"Workflow already processed for idempotent key 1eeef1b6-cd2a-4c6c-812d-ae557048fe28","service":"workflow-backend","timestamp":"2026-08-11T17:26:23.652Z"}
{"level":"info","message":"Singup Workflow for email kiran.sadara6730@gmail.com executed successfully ","service":"workflow-backend","timestamp":"2026-08-11T17:26:23.652Z"}
{"level":"info","message":"Entered into the signup workflow execute controller","service":"workflow-backend","timestamp":"2026-08-11T17:26:23.655Z"}
{"level":"info","message":"Entered into signup workflow execution service for email kiran.sadara6730@gmail.com","service":"workflow-backend","timestamp":"2026-08-11T17:26:23.656Z"}
{"level":"info","message":"Workflow found: Signup Flow, status: ACTIVE","service":"workflow-backend","timestamp":"2026-08-11T17:26:23.697Z"}
{"level":"info","message":"Workflow already processed for idempotent key 1eeef1b6-cd2a-4c6c-812d-ae557048fe28","service":"workflow-backend","timestamp":"2026-08-11T17:26:23.750Z"}
{"level":"info","message":"Singup Workflow for email kiran.sadara6730@gmail.com executed successfully ","service":"workflow-backend","timestamp":"2026-08-11T17:26:23.751Z"}
{"level":"info","message":"Entered into the signup workflow execute controller","service":"workflow-backend","timestamp":"2026-08-11T17:26:23.754Z"}
{"level":"info","message":"Entered into signup workflow execution service for email kiran.sadara6730@gmail.com","service":"workflow-backend","timestamp":"2026-08-11T17:26:23.755Z"}
{"level":"info","message":"Workflow found: Signup Flow, status: ACTIVE","service":"workflow-backend","timestamp":"2026-08-11T17:26:23.793Z"}
{"level":"info","message":"Workflow already processed for idempotent key 1eeef1b6-cd2a-4c6c-812d-ae557048fe28","service":"workflow-backend","timestamp":"2026-08-11T17:26:23.837Z"}
{"level":"info","message":"Singup Workflow for email kiran.sadara6730@gmail.com executed successfully ","service":"workflow-backend","timestamp":"2026-08-11T17:26:23.837Z"}
{"level":"info","message":"Entered into the signup workflow execute controller","service":"workflow-backend","timestamp":"2026-08-11T17:26:23.840Z"}
{"level":"info","message":"Entered into signup workflow execution service for email kiran.sadara6730@gmail.com","service":"workflow-backend","timestamp":"2026-08-11T17:26:23.840Z"}
{"level":"info","message":"Workflow found: Signup Flow, status: ACTIVE","service":"workflow-backend","timestamp":"2026-08-11T17:26:23.938Z"}
{"level":"info","message":"Workflow already processed for idempotent key 1eeef1b6-cd2a-4c6c-812d-ae557048fe28","service":"workflow-backend","timestamp":"2026-08-11T17:26:24.009Z"}
{"level":"info","message":"Singup Workflow for email kiran.sadara6730@gmail.com executed successfully ","service":"workflow-backend","timestamp":"2026-08-11T17:26:24.010Z"}
{"level":"info","message":"Entered into the signup workflow execute controller","service":"workflow-backend","timestamp":"2026-08-11T17:26:24.015Z"}
{"level":"info","message":"Entered into signup workflow execution service for email kiran.sadara6730@gmail.com","service":"workflow-backend","timestamp":"2026-08-11T17:26:24.016Z"}
{"level":"info","message":"Workflow found: Signup Flow, status: ACTIVE","service":"workflow-backend","timestamp":"2026-08-11T17:26:24.087Z"}
{"level":"info","message":"Workflow already processed for idempotent key 1eeef1b6-cd2a-4c6c-812d-ae557048fe28","service":"workflow-backend","timestamp":"2026-08-11T17:26:24.156Z"}
{"level":"info","message":"Singup Workflow for email kiran.sadara6730@gmail.com executed successfully ","service":"workflow-backend","timestamp":"2026-08-11T17:26:24.164Z"}
{"level":"info","message":"Entered into the signup workflow execute controller","service":"workflow-backend","timestamp":"2026-08-11T17:26:24.175Z"}
{"level":"info","message":"Entered into signup workflow execution service for email kiran.sadara6730@gmail.com","service":"workflow-backend","timestamp":"2026-08-11T17:26:24.176Z"}
{"level":"info","message":"Workflow found: Signup Flow, status: ACTIVE","service":"workflow-backend","timestamp":"2026-08-11T17:26:24.231Z"}
{"level":"info","message":"Workflow already processed for idempotent key 1eeef1b6-cd2a-4c6c-812d-ae557048fe28","service":"workflow-backend","timestamp":"2026-08-11T17:26:24.281Z"}
{"level":"info","message":"Singup Workflow for email kiran.sadara6730@gmail.com executed successfully ","service":"workflow-backend","timestamp":"2026-08-11T17:26:24.282Z"}
{"level":"info","message":"Entered into the signup workflow execute controller","service":"workflow-backend","timestamp":"2026-08-11T17:26:24.284Z"}
{"level":"info","message":"Entered into signup workflow execution service for email kiran.sadara6730@gmail.com","service":"workflow-backend","timestamp":"2026-08-11T17:26:24.285Z"}
{"level":"info","message":"Workflow found: Signup Flow, status: ACTIVE","service":"workflow-backend","timestamp":"2026-08-11T17:26:24.358Z"}
{"level":"info","message":"Workflow already processed for idempotent key 1eeef1b6-cd2a-4c6c-812d-ae557048fe28","service":"workflow-backend","timestamp":"2026-08-11T17:26:24.404Z"}
{"level":"info","message":"Singup Workflow for email kiran.sadara6730@gmail.com executed successfully ","service":"workflow-backend","timestamp":"2026-08-11T17:26:24.405Z"}
{"level":"info","message":"Entered into the signup workflow execute controller","service":"workflow-backend","timestamp":"2026-08-11T17:26:24.411Z"}
{"level":"info","message":"Entered into signup workflow execution service for email kiran.sadara6730@gmail.com","service":"workflow-backend","timestamp":"2026-08-11T17:26:24.412Z"}
{"level":"info","message":"Workflow found: Signup Flow, status: ACTIVE","service":"workflow-backend","timestamp":"2026-08-11T17:26:24.481Z"}
{"level":"info","message":"Workflow already processed for idempotent key 1eeef1b6-cd2a-4c6c-812d-ae557048fe28","service":"workflow-backend","timestamp":"2026-08-11T17:26:24.567Z"}
{"level":"info","message":"Singup Workflow for email kiran.sadara6730@gmail.com executed successfully ","service":"workflow-backend","timestamp":"2026-08-11T17:26:24.567Z"}
{"level":"info","message":"Entered into the signup workflow execute controller","service":"workflow-backend","timestamp":"2026-08-11T17:26:24.573Z"}
{"level":"info","message":"Entered into signup workflow execution service for email kiran.sadara6730@gmail.com","service":"workflow-backend","timestamp":"2026-08-11T17:26:24.575Z"}
{"level":"info","message":"Workflow found: Signup Flow, status: ACTIVE","service":"workflow-backend","timestamp":"2026-08-11T17:26:24.663Z"}
{"level":"info","message":"Workflow already processed for idempotent key 1eeef1b6-cd2a-4c6c-812d-ae557048fe28","service":"workflow-backend","timestamp":"2026-08-11T17:26:25.052Z"}
{"level":"info","message":"Singup Workflow for email kiran.sadara6730@gmail.com executed successfully ","service":"workflow-backend","timestamp":"2026-08-11T17:26:25.053Z"}
{"level":"info","message":"Entered into the signup workflow execute controller","service":"workflow-backend","timestamp":"2026-08-11T17:26:25.057Z"}
{"level":"info","message":"Entered into signup workflow execution service for email kiran.sadara6730@gmail.com","service":"workflow-backend","timestamp":"2026-08-11T17:26:25.058Z"}
{"level":"info","message":"Workflow found: Signup Flow, status: ACTIVE","service":"workflow-backend","timestamp":"2026-08-11T17:26:25.196Z"}
{"level":"info","message":"Workflow already processed for idempotent key 1eeef1b6-cd2a-4c6c-812d-ae557048fe28","service":"workflow-backend","timestamp":"2026-08-11T17:26:25.301Z"}
{"level":"info","message":"Singup Workflow for email kiran.sadara6730@gmail.com executed successfully ","service":"workflow-backend","timestamp":"2026-08-11T17:26:25.302Z"}
{"level":"info","message":"Entered into the signup workflow execute controller","service":"workflow-backend","timestamp":"2026-08-11T17:26:25.307Z"}
{"level":"info","message":"Entered into signup workflow execution service for email kiran.sadara6730@gmail.com","service":"workflow-backend","timestamp":"2026-08-11T17:26:25.309Z"}
{"level":"info","message":"Workflow found: Signup Flow, status: ACTIVE","service":"workflow-backend","timestamp":"2026-08-11T17:26:25.400Z"}
{"level":"info","message":"Workflow already processed for idempotent key 1eeef1b6-cd2a-4c6c-812d-ae557048fe28","service":"workflow-backend","timestamp":"2026-08-11T17:26:25.488Z"}
{"level":"info","message":"Singup Workflow for email kiran.sadara6730@gmail.com executed successfully ","service":"workflow-backend","timestamp":"2026-08-11T17:26:25.488Z"}
{"level":"info","message":"Entered into the signup workflow execute controller","service":"workflow-backend","timestamp":"2026-08-11T17:26:25.493Z"}
{"level":"info","message":"Entered into signup workflow execution service for email kiran.sadara6730@gmail.com","service":"workflow-backend","timestamp":"2026-08-11T17:26:25.494Z"}
{"level":"info","message":"Workflow found: Signup Flow, status: ACTIVE","service":"workflow-backend","timestamp":"2026-08-11T17:26:25.659Z"}
{"level":"info","message":"Workflow already processed for idempotent key 1eeef1b6-cd2a-4c6c-812d-ae557048fe28","service":"workflow-backend","timestamp":"2026-08-11T17:26:25.762Z"}
{"level":"info","message":"Singup Workflow for email kiran.sadara6730@gmail.com executed successfully ","service":"workflow-backend","timestamp":"2026-08-11T17:26:25.763Z"}
{"level":"info","message":"Entered into the signup workflow execute controller","service":"workflow-backend","timestamp":"2026-08-11T17:26:25.768Z"}
{"level":"info","message":"Entered into signup workflow execution service for email kiran.sadara6730@gmail.com","service":"workflow-backend","timestamp":"2026-08-11T17:26:25.768Z"}
{"level":"info","message":"Workflow found: Signup Flow, status: ACTIVE","service":"workflow-backend","timestamp":"2026-08-11T17:26:25.817Z"}
{"level":"info","message":"Workflow already processed for idempotent key 1eeef1b6-cd2a-4c6c-812d-ae557048fe28","service":"workflow-backend","timestamp":"2026-08-11T17:26:25.892Z"}
{"level":"info","message":"Singup Workflow for email kiran.sadara6730@gmail.com executed successfully ","service":"workflow-backend","timestamp":"2026-08-11T17:26:25.892Z"}
{"level":"info","message":"Entered into the signup workflow execute controller","service":"workflow-backend","timestamp":"2026-08-11T17:26:25.897Z"}
{"level":"info","message":"Entered into signup workflow execution service for email kiran.sadara6730@gmail.com","service":"workflow-backend","timestamp":"2026-08-11T17:26:25.898Z"}
{"level":"info","message":"Workflow found: Signup Flow, status: ACTIVE","service":"workflow-backend","timestamp":"2026-08-11T17:26:26.060Z"}
{"level":"info","message":"Workflow already processed for idempotent key 1eeef1b6-cd2a-4c6c-812d-ae557048fe28","service":"workflow-backend","timestamp":"2026-08-11T17:26:26.101Z"}
{"level":"info","message":"Singup Workflow for email kiran.sadara6730@gmail.com executed successfully ","service":"workflow-backend","timestamp":"2026-08-11T17:26:26.102Z"}
{"level":"info","message":"Entered into the signup workflow execute controller","service":"workflow-backend","timestamp":"2026-08-11T17:26:26.105Z"}
{"level":"info","message":"Entered into signup workflow execution service for email kiran.sadara6730@gmail.com","service":"workflow-backend","timestamp":"2026-08-11T17:26:26.106Z"}
{"level":"info","message":"Workflow found: Signup Flow, status: ACTIVE","service":"workflow-backend","timestamp":"2026-08-11T17:26:26.154Z"}
{"level":"info","message":"Workflow already processed for idempotent key 1eeef1b6-cd2a-4c6c-812d-ae557048fe28","service":"workflow-backend","timestamp":"2026-08-11T17:26:26.229Z"}
{"level":"info","message":"Singup Workflow for email kiran.sadara6730@gmail.com executed successfully ","service":"workflow-backend","timestamp":"2026-08-11T17:26:26.229Z"}
{"level":"info","message":"Entered into the signup workflow execute controller","service":"workflow-backend","timestamp":"2026-08-11T17:26:26.232Z"}
{"level":"info","message":"Entered into signup workflow execution service for email kiran.sadara6730@gmail.com","service":"workflow-backend","timestamp":"2026-08-11T17:26:26.233Z"}
{"level":"info","message":"Workflow found: Signup Flow, status: ACTIVE","service":"workflow-backend","timestamp":"2026-08-11T17:26:26.276Z"}
{"level":"info","message":"Workflow already processed for idempotent key 1eeef1b6-cd2a-4c6c-812d-ae557048fe28","service":"workflow-backend","timestamp":"2026-08-11T17:26:26.345Z"}
{"level":"info","message":"Singup Workflow for email kiran.sadara6730@gmail.com executed successfully ","service":"workflow-backend","timestamp":"2026-08-11T17:26:26.345Z"}
{"level":"info","message":"Entered into the signup workflow execute controller","service":"workflow-backend","timestamp":"2026-08-11T17:26:26.350Z"}
{"level":"info","message":"Entered into signup workflow execution service for email kiran.sadara6730@gmail.com","service":"workflow-backend","timestamp":"2026-08-11T17:26:26.351Z"}
{"level":"info","message":"Workflow found: Signup Flow, status: ACTIVE","service":"workflow-backend","timestamp":"2026-08-11T17:26:26.419Z"}
{"level":"info","message":"Workflow already processed for idempotent key 1eeef1b6-cd2a-4c6c-812d-ae557048fe28","service":"workflow-backend","timestamp":"2026-08-11T17:26:26.554Z"}
{"level":"info","message":"Singup Workflow for email kiran.sadara6730@gmail.com executed successfully ","service":"workflow-backend","timestamp":"2026-08-11T17:26:26.555Z"}
{"level":"info","message":"Entered into the signup workflow execute controller","service":"workflow-backend","timestamp":"2026-08-11T17:26:26.560Z"}
{"level":"info","message":"Entered into signup workflow execution service for email kiran.sadara6730@gmail.com","service":"workflow-backend","timestamp":"2026-08-11T17:26:26.561Z"}
{"level":"info","message":"Workflow found: Signup Flow, status: ACTIVE","service":"workflow-backend","timestamp":"2026-08-11T17:26:26.630Z"}
{"level":"info","message":"Workflow already processed for idempotent key 1eeef1b6-cd2a-4c6c-812d-ae557048fe28","service":"workflow-backend","timestamp":"2026-08-11T17:26:26.682Z"}
{"level":"info","message":"Singup Workflow for email kiran.sadara6730@gmail.com executed successfully ","service":"workflow-backend","timestamp":"2026-08-11T17:26:26.683Z"}
{"level":"info","message":"Entered into the signup workflow execute controller","service":"workflow-backend","timestamp":"2026-08-11T17:26:26.689Z"}
{"level":"info","message":"Entered into signup workflow execution service for email kiran.sadara6730@gmail.com","service":"workflow-backend","timestamp":"2026-08-11T17:26:26.689Z"}
{"level":"info","message":"Workflow found: Signup Flow, status: ACTIVE","service":"workflow-backend","timestamp":"2026-08-11T17:26:26.727Z"}
{"level":"info","message":"Workflow already processed for idempotent key 1eeef1b6-cd2a-4c6c-812d-ae557048fe28","service":"workflow-backend","timestamp":"2026-08-11T17:26:26.763Z"}
{"level":"info","message":"Singup Workflow for email kiran.sadara6730@gmail.com executed successfully ","service":"workflow-backend","timestamp":"2026-08-11T17:26:26.763Z"}
{"level":"info","message":"Entered into the signup workflow execute controller","service":"workflow-backend","timestamp":"2026-08-11T17:26:26.767Z"}
{"level":"info","message":"Entered into signup workflow execution service for email kiran.sadara6730@gmail.com","service":"workflow-backend","timestamp":"2026-08-11T17:26:26.767Z"}
{"level":"info","message":"Workflow found: Signup Flow, status: ACTIVE","service":"workflow-backend","timestamp":"2026-08-11T17:26:26.813Z"}
{"level":"info","message":"Workflow already processed for idempotent key 1eeef1b6-cd2a-4c6c-812d-ae557048fe28","service":"workflow-backend","timestamp":"2026-08-11T17:26:26.853Z"}
{"level":"info","message":"Singup Workflow for email kiran.sadara6730@gmail.com executed successfully ","service":"workflow-backend","timestamp":"2026-08-11T17:26:26.854Z"}
{"level":"info","message":"Entered into the signup workflow execute controller","service":"workflow-backend","timestamp":"2026-08-11T17:26:26.858Z"}
{"level":"info","message":"Entered into signup workflow execution service for email kiran.sadara6730@gmail.com","service":"workflow-backend","timestamp":"2026-08-11T17:26:26.859Z"}
{"level":"info","message":"Workflow found: Signup Flow, status: ACTIVE","service":"workflow-backend","timestamp":"2026-08-11T17:26:26.895Z"}
{"level":"info","message":"Workflow already processed for idempotent key 1eeef1b6-cd2a-4c6c-812d-ae557048fe28","service":"workflow-backend","timestamp":"2026-08-11T17:26:26.944Z"}
{"level":"info","message":"Singup Workflow for email kiran.sadara6730@gmail.com executed successfully ","service":"workflow-backend","timestamp":"2026-08-11T17:26:26.945Z"}
{"level":"info","message":"Entered into the signup workflow execute controller","service":"workflow-backend","timestamp":"2026-08-11T17:26:26.950Z"}
{"level":"info","message":"Entered into signup workflow execution service for email kiran.sadara6730@gmail.com","service":"workflow-backend","timestamp":"2026-08-11T17:26:26.951Z"}
{"level":"info","message":"Workflow found: Signup Flow, status: ACTIVE","service":"workflow-backend","timestamp":"2026-08-11T17:26:27.007Z"}
{"level":"info","message":"Workflow already processed for idempotent key 1eeef1b6-cd2a-4c6c-812d-ae557048fe28","service":"workflow-backend","timestamp":"2026-08-11T17:26:27.155Z"}
{"level":"info","message":"Singup Workflow for email kiran.sadara6730@gmail.com executed successfully ","service":"workflow-backend","timestamp":"2026-08-11T17:26:27.155Z"}
{"level":"info","message":"Entered into the signup workflow execute controller","service":"workflow-backend","timestamp":"2026-08-11T17:26:27.159Z"}
{"level":"info","message":"Entered into signup workflow execution service for email kiran.sadara6730@gmail.com","service":"workflow-backend","timestamp":"2026-08-11T17:26:27.159Z"}
{"level":"info","message":"Workflow found: Signup Flow, status: ACTIVE","service":"workflow-backend","timestamp":"2026-08-11T17:26:27.215Z"}
{"level":"info","message":"Workflow already processed for idempotent key 1eeef1b6-cd2a-4c6c-812d-ae557048fe28","service":"workflow-backend","timestamp":"2026-08-11T17:26:27.287Z"}
{"level":"info","message":"Singup Workflow for email kiran.sadara6730@gmail.com executed successfully ","service":"workflow-backend","timestamp":"2026-08-11T17:26:27.287Z"}
{"level":"info","message":"Entered into the signup workflow execute controller","service":"workflow-backend","timestamp":"2026-08-11T17:26:27.291Z"}
{"level":"info","message":"Entered into signup workflow execution service for email kiran.sadara6730@gmail.com","service":"workflow-backend","timestamp":"2026-08-11T17:26:27.291Z"}
{"level":"info","message":"Workflow found: Signup Flow, status: ACTIVE","service":"workflow-backend","timestamp":"2026-08-11T17:26:27.331Z"}
{"level":"info","message":"Workflow already processed for idempotent key 1eeef1b6-cd2a-4c6c-812d-ae557048fe28","service":"workflow-backend","timestamp":"2026-08-11T17:26:27.381Z"}
{"level":"info","message":"Singup Workflow for email kiran.sadara6730@gmail.com executed successfully ","service":"workflow-backend","timestamp":"2026-08-11T17:26:27.381Z"}
{"level":"info","message":"Entered into the signup workflow execute controller","service":"workflow-backend","timestamp":"2026-08-11T17:26:27.384Z"}
{"level":"info","message":"Entered into signup workflow execution service for email kiran.sadara6730@gmail.com","service":"workflow-backend","timestamp":"2026-08-11T17:26:27.385Z"}
{"level":"info","message":"Workflow found: Signup Flow, status: ACTIVE","service":"workflow-backend","timestamp":"2026-08-11T17:26:27.436Z"}
{"level":"info","message":"Workflow already processed for idempotent key 1eeef1b6-cd2a-4c6c-812d-ae557048fe28","service":"workflow-backend","timestamp":"2026-08-11T17:26:27.576Z"}
{"level":"info","message":"Singup Workflow for email kiran.sadara6730@gmail.com executed successfully ","service":"workflow-backend","timestamp":"2026-08-11T17:26:27.576Z"}
{"level":"info","message":"Entered into the signup workflow execute controller","service":"workflow-backend","timestamp":"2026-08-11T17:26:27.579Z"}
{"level":"info","message":"Entered into signup workflow execution service for email kiran.sadara6730@gmail.com","service":"workflow-backend","timestamp":"2026-08-11T17:26:27.580Z"}
{"level":"info","message":"Workflow found: Signup Flow, status: ACTIVE","service":"workflow-backend","timestamp":"2026-08-11T17:26:27.728Z"}
{"level":"info","message":"Workflow already processed for idempotent key 1eeef1b6-cd2a-4c6c-812d-ae557048fe28","service":"workflow-backend","timestamp":"2026-08-11T17:26:27.798Z"}
{"level":"info","message":"Singup Workflow for email kiran.sadara6730@gmail.com executed successfully ","service":"workflow-backend","timestamp":"2026-08-11T17:26:27.813Z"}
{"level":"info","message":"Entered into the signup workflow execute controller","service":"workflow-backend","timestamp":"2026-08-11T17:26:27.816Z"}
{"level":"info","message":"Entered into signup workflow execution service for email kiran.sadara6730@gmail.com","service":"workflow-backend","timestamp":"2026-08-11T17:26:27.817Z"}
{"level":"info","message":"Workflow found: Signup Flow, status: ACTIVE","service":"workflow-backend","timestamp":"2026-08-11T17:26:27.876Z"}
{"level":"info","message":"Workflow already processed for idempotent key 1eeef1b6-cd2a-4c6c-812d-ae557048fe28","service":"workflow-backend","timestamp":"2026-08-11T17:26:27.944Z"}
{"level":"info","message":"Singup Workflow for email kiran.sadara6730@gmail.com executed successfully ","service":"workflow-backend","timestamp":"2026-08-11T17:26:27.944Z"}
{"level":"info","message":"Entered into the signup workflow execute controller","service":"workflow-backend","timestamp":"2026-08-11T17:26:27.947Z"}
{"level":"info","message":"Entered into signup workflow execution service for email kiran.sadara6730@gmail.com","service":"workflow-backend","timestamp":"2026-08-11T17:26:27.948Z"}
{"level":"info","message":"Workflow found: Signup Flow, status: ACTIVE","service":"workflow-backend","timestamp":"2026-08-11T17:26:28.079Z"}
{"level":"info","message":"Workflow already processed for idempotent key 1eeef1b6-cd2a-4c6c-812d-ae557048fe28","service":"workflow-backend","timestamp":"2026-08-11T17:26:28.221Z"}
{"level":"info","message":"Singup Workflow for email kiran.sadara6730@gmail.com executed successfully ","service":"workflow-backend","timestamp":"2026-08-11T17:26:28.221Z"}
{"level":"info","message":"Entered into the signup workflow execute controller","service":"workflow-backend","timestamp":"2026-08-11T17:26:28.227Z"}
{"level":"info","message":"Entered into signup workflow execution service for email kiran.sadara6730@gmail.com","service":"workflow-backend","timestamp":"2026-08-11T17:26:28.228Z"}
{"level":"info","message":"Workflow found: Signup Flow, status: ACTIVE","service":"workflow-backend","timestamp":"2026-08-11T17:26:28.541Z"}
{"level":"info","message":"Workflow already processed for idempotent key 1eeef1b6-cd2a-4c6c-812d-ae557048fe28","service":"workflow-backend","timestamp":"2026-08-11T17:26:29.493Z"}
{"level":"info","message":"Singup Workflow for email kiran.sadara6730@gmail.com executed successfully ","service":"workflow-backend","timestamp":"2026-08-11T17:26:29.494Z"}
{"level":"info","message":"Entered into the signup workflow execute controller","service":"workflow-backend","timestamp":"2026-08-11T17:26:29.499Z"}
{"level":"info","message":"Entered into signup workflow execution service for email kiran.sadara6730@gmail.com","service":"workflow-backend","timestamp":"2026-08-11T17:26:29.499Z"}
{"level":"info","message":"Workflow found: Signup Flow, status: ACTIVE","service":"workflow-backend","timestamp":"2026-08-11T17:26:30.034Z"}
{"level":"info","message":"Workflow already processed for idempotent key 1eeef1b6-cd2a-4c6c-812d-ae557048fe28","service":"workflow-backend","timestamp":"2026-08-11T17:26:30.098Z"}
{"level":"info","message":"Singup Workflow for email kiran.sadara6730@gmail.com executed successfully ","service":"workflow-backend","timestamp":"2026-08-11T17:26:30.099Z"}
{"level":"info","message":"Entered into the signup workflow execute controller","service":"workflow-backend","timestamp":"2026-08-11T17:26:30.103Z"}
{"level":"info","message":"Entered into signup workflow execution service for email kiran.sadara6730@gmail.com","service":"workflow-backend","timestamp":"2026-08-11T17:26:30.104Z"}
{"level":"info","message":"Workflow found: Signup Flow, status: ACTIVE","service":"workflow-backend","timestamp":"2026-08-11T17:26:30.171Z"}
{"level":"info","message":"Workflow already processed for idempotent key 1eeef1b6-cd2a-4c6c-812d-ae557048fe28","service":"workflow-backend","timestamp":"2026-08-11T17:26:30.248Z"}
{"level":"info","message":"Singup Workflow for email kiran.sadara6730@gmail.com executed successfully ","service":"workflow-backend","timestamp":"2026-08-11T17:26:30.248Z"}
{"level":"info","message":"Entered into the signup workflow execute controller","service":"workflow-backend","timestamp":"2026-08-11T17:26:30.251Z"}
{"level":"info","message":"Entered into signup workflow execution service for email kiran.sadara6730@gmail.com","service":"workflow-backend","timestamp":"2026-08-11T17:26:30.252Z"}
{"level":"info","message":"Workflow found: Signup Flow, status: ACTIVE","service":"workflow-backend","timestamp":"2026-08-11T17:26:30.297Z"}
{"level":"info","message":"Workflow already processed for idempotent key 1eeef1b6-cd2a-4c6c-812d-ae557048fe28","service":"workflow-backend","timestamp":"2026-08-11T17:26:31.072Z"}
{"level":"info","message":"Singup Workflow for email kiran.sadara6730@gmail.com executed successfully ","service":"workflow-backend","timestamp":"2026-08-11T17:26:31.073Z"}
{"level":"info","message":"Entered into the signup workflow execute controller","service":"workflow-backend","timestamp":"2026-08-11T17:26:31.079Z"}
{"level":"info","message":"Entered into signup workflow execution service for email kiran.sadara6730@gmail.com","service":"workflow-backend","timestamp":"2026-08-11T17:26:31.080Z"}
{"level":"info","message":"Workflow found: Signup Flow, status: ACTIVE","service":"workflow-backend","timestamp":"2026-08-11T17:26:31.116Z"}
{"level":"info","message":"Workflow already processed for idempotent key 1eeef1b6-cd2a-4c6c-812d-ae557048fe28","service":"workflow-backend","timestamp":"2026-08-11T17:26:31.153Z"}
{"level":"info","message":"Singup Workflow for email kiran.sadara6730@gmail.com executed successfully ","service":"workflow-backend","timestamp":"2026-08-11T17:26:31.153Z"}
{"level":"info","message":"Entered into the signup workflow execute controller","service":"workflow-backend","timestamp":"2026-08-11T17:26:31.157Z"}
{"level":"info","message":"Entered into signup workflow execution service for email kiran.sadara6730@gmail.com","service":"workflow-backend","timestamp":"2026-08-11T17:26:31.158Z"}
{"level":"info","message":"Workflow found: Signup Flow, status: ACTIVE","service":"workflow-backend","timestamp":"2026-08-11T17:26:31.196Z"}
{"level":"info","message":"Workflow already processed for idempotent key 1eeef1b6-cd2a-4c6c-812d-ae557048fe28","service":"workflow-backend","timestamp":"2026-08-11T17:26:31.241Z"}
{"level":"info","message":"Singup Workflow for email kiran.sadara6730@gmail.com executed successfully ","service":"workflow-backend","timestamp":"2026-08-11T17:26:31.242Z"}
{"level":"info","message":"Entered into the signup workflow execute controller","service":"workflow-backend","timestamp":"2026-08-11T17:26:31.247Z"}
{"level":"info","message":"Entered into signup workflow execution service for email kiran.sadara6730@gmail.com","service":"workflow-backend","timestamp":"2026-08-11T17:26:31.247Z"}
{"level":"info","message":"Workflow found: Signup Flow, status: ACTIVE","service":"workflow-backend","timestamp":"2026-08-11T17:26:31.283Z"}
{"level":"info","message":"Workflow already processed for idempotent key 1eeef1b6-cd2a-4c6c-812d-ae557048fe28","service":"workflow-backend","timestamp":"2026-08-11T17:26:31.322Z"}
{"level":"info","message":"Singup Workflow for email kiran.sadara6730@gmail.com executed successfully ","service":"workflow-backend","timestamp":"2026-08-11T17:26:31.322Z"}
{"level":"info","message":"Entered into the signup workflow execute controller","service":"workflow-backend","timestamp":"2026-08-11T17:26:31.326Z"}
{"level":"info","message":"Entered into signup workflow execution service for email kiran.sadara6730@gmail.com","service":"workflow-backend","timestamp":"2026-08-11T17:26:31.327Z"}
{"level":"info","message":"Workflow found: Signup Flow, status: ACTIVE","service":"workflow-backend","timestamp":"2026-08-11T17:26:31.373Z"}
{"level":"info","message":"Workflow already processed for idempotent key 1eeef1b6-cd2a-4c6c-812d-ae557048fe28","service":"workflow-backend","timestamp":"2026-08-11T17:26:31.420Z"}
{"level":"info","message":"Singup Workflow for email kiran.sadara6730@gmail.com executed successfully ","service":"workflow-backend","timestamp":"2026-08-11T17:26:31.420Z"}
{"level":"info","message":"Entered into the signup workflow execute controller","service":"workflow-backend","timestamp":"2026-08-11T17:26:31.425Z"}
{"level":"info","message":"Entered into signup workflow execution service for email kiran.sadara6730@gmail.com","service":"workflow-backend","timestamp":"2026-08-11T17:26:31.426Z"}
{"level":"info","message":"Workflow found: Signup Flow, status: ACTIVE","service":"workflow-backend","timestamp":"2026-08-11T17:26:31.480Z"}
{"level":"info","message":"Workflow already processed for idempotent key 1eeef1b6-cd2a-4c6c-812d-ae557048fe28","service":"workflow-backend","timestamp":"2026-08-11T17:26:31.619Z"}
{"level":"info","message":"Singup Workflow for email kiran.sadara6730@gmail.com executed successfully ","service":"workflow-backend","timestamp":"2026-08-11T17:26:31.619Z"}
{"level":"info","message":"Entered into the signup workflow execute controller","service":"workflow-backend","timestamp":"2026-08-11T17:26:31.623Z"}
{"level":"info","message":"Entered into signup workflow execution service for email kiran.sadara6730@gmail.com","service":"workflow-backend","timestamp":"2026-08-11T17:26:31.624Z"}
{"level":"info","message":"Workflow found: Signup Flow, status: ACTIVE","service":"workflow-backend","timestamp":"2026-08-11T17:26:31.660Z"}
{"level":"info","message":"Workflow already processed for idempotent key 1eeef1b6-cd2a-4c6c-812d-ae557048fe28","service":"workflow-backend","timestamp":"2026-08-11T17:26:31.699Z"}
{"level":"info","message":"Singup Workflow for email kiran.sadara6730@gmail.com executed successfully ","service":"workflow-backend","timestamp":"2026-08-11T17:26:31.700Z"}
{"level":"info","message":"Entered into the signup workflow execute controller","service":"workflow-backend","timestamp":"2026-08-11T17:26:31.702Z"}
{"level":"info","message":"Entered into signup workflow execution service for email kiran.sadara6730@gmail.com","service":"workflow-backend","timestamp":"2026-08-11T17:26:31.703Z"}
{"level":"info","message":"Workflow found: Signup Flow, status: ACTIVE","service":"workflow-backend","timestamp":"2026-08-11T17:26:31.761Z"}
{"level":"info","message":"Workflow already processed for idempotent key 1eeef1b6-cd2a-4c6c-812d-ae557048fe28","service":"workflow-backend","timestamp":"2026-08-11T17:26:31.843Z"}
{"level":"info","message":"Singup Workflow for email kiran.sadara6730@gmail.com executed successfully ","service":"workflow-backend","timestamp":"2026-08-11T17:26:31.844Z"}
{"level":"info","message":"Entered into the signup workflow execute controller","service":"workflow-backend","timestamp":"2026-08-11T17:26:31.847Z"}
{"level":"info","message":"Entered into signup workflow execution service for email kiran.sadara6730@gmail.com","service":"workflow-backend","timestamp":"2026-08-11T17:26:31.848Z"}
{"level":"info","message":"Workflow found: Signup Flow, status: ACTIVE","service":"workflow-backend","timestamp":"2026-08-11T17:26:32.663Z"}
{"level":"info","message":"Workflow already processed for idempotent key 1eeef1b6-cd2a-4c6c-812d-ae557048fe28","service":"workflow-backend","timestamp":"2026-08-11T17:26:34.030Z"}
{"level":"info","message":"Singup Workflow for email kiran.sadara6730@gmail.com executed successfully ","service":"workflow-backend","timestamp":"2026-08-11T17:26:34.031Z"}
{"level":"info","message":"Entered into the signup workflow execute controller","service":"workflow-backend","timestamp":"2026-08-11T17:26:34.035Z"}
{"level":"info","message":"Entered into signup workflow execution service for email kiran.sadara6730@gmail.com","service":"workflow-backend","timestamp":"2026-08-11T17:26:34.035Z"}
{"level":"info","message":"Workflow found: Signup Flow, status: ACTIVE","service":"workflow-backend","timestamp":"2026-08-11T17:26:35.342Z"}
{"level":"info","message":"Workflow already processed for idempotent key 1eeef1b6-cd2a-4c6c-812d-ae557048fe28","service":"workflow-backend","timestamp":"2026-08-11T17:26:35.387Z"}
{"level":"info","message":"Singup Workflow for email kiran.sadara6730@gmail.com executed successfully ","service":"workflow-backend","timestamp":"2026-08-11T17:26:35.388Z"}
{"level":"info","message":"Entered into the signup workflow execute controller","service":"workflow-backend","timestamp":"2026-08-11T17:26:35.393Z"}
{"level":"info","message":"Entered into signup workflow execution service for email kiran.sadara6730@gmail.com","service":"workflow-backend","timestamp":"2026-08-11T17:26:35.393Z"}
{"level":"info","message":"Workflow found: Signup Flow, status: ACTIVE","service":"workflow-backend","timestamp":"2026-08-11T17:26:35.738Z"}
{"level":"info","message":"Workflow already processed for idempotent key 1eeef1b6-cd2a-4c6c-812d-ae557048fe28","service":"workflow-backend","timestamp":"2026-08-11T17:26:36.239Z"}
{"level":"info","message":"Singup Workflow for email kiran.sadara6730@gmail.com executed successfully ","service":"workflow-backend","timestamp":"2026-08-11T17:26:36.239Z"}
{"level":"info","message":"Entered into the signup workflow execute controller","service":"workflow-backend","timestamp":"2026-08-11T17:26:36.243Z"}
{"level":"info","message":"Entered into signup workflow execution service for email kiran.sadara6730@gmail.com","service":"workflow-backend","timestamp":"2026-08-11T17:26:36.243Z"}
{"level":"info","message":"Workflow found: Signup Flow, status: ACTIVE","service":"workflow-backend","timestamp":"2026-08-11T17:26:36.939Z"}
{"level":"info","message":"Workflow already processed for idempotent key 1eeef1b6-cd2a-4c6c-812d-ae557048fe28","service":"workflow-backend","timestamp":"2026-08-11T17:26:37.043Z"}
{"level":"info","message":"Singup Workflow for email kiran.sadara6730@gmail.com executed successfully ","service":"workflow-backend","timestamp":"2026-08-11T17:26:37.044Z"}
{"level":"info","message":"Entered into the signup workflow execute controller","service":"workflow-backend","timestamp":"2026-08-11T17:26:37.047Z"}
{"level":"info","message":"Entered into signup workflow execution service for email kiran.sadara6730@gmail.com","service":"workflow-backend","timestamp":"2026-08-11T17:26:37.048Z"}
{"level":"info","message":"Workflow found: Signup Flow, status: ACTIVE","service":"workflow-backend","timestamp":"2026-08-11T17:26:37.430Z"}
{"level":"info","message":"Workflow already processed for idempotent key 1eeef1b6-cd2a-4c6c-812d-ae557048fe28","service":"workflow-backend","timestamp":"2026-08-11T17:26:37.500Z"}
{"level":"info","message":"Singup Workflow for email kiran.sadara6730@gmail.com executed successfully ","service":"workflow-backend","timestamp":"2026-08-11T17:26:37.500Z"}
{"level":"info","message":"Entered into the signup workflow execute controller","service":"workflow-backend","timestamp":"2026-08-11T17:26:37.505Z"}
{"level":"info","message":"Entered into signup workflow execution service for email kiran.sadara6730@gmail.com","service":"workflow-backend","timestamp":"2026-08-11T17:26:37.505Z"}
{"level":"info","message":"Workflow found: Signup Flow, status: ACTIVE","service":"workflow-backend","timestamp":"2026-08-11T17:26:37.610Z"}
{"level":"info","message":"Workflow already processed for idempotent key 1eeef1b6-cd2a-4c6c-812d-ae557048fe28","service":"workflow-backend","timestamp":"2026-08-11T17:26:37.709Z"}
{"level":"info","message":"Singup Workflow for email kiran.sadara6730@gmail.com executed successfully ","service":"workflow-backend","timestamp":"2026-08-11T17:26:37.710Z"}
{"level":"info","message":"Entered into the signup workflow execute controller","service":"workflow-backend","timestamp":"2026-08-11T17:26:37.713Z"}
{"level":"info","message":"Entered into signup workflow execution service for email kiran.sadara6730@gmail.com","service":"workflow-backend","timestamp":"2026-08-11T17:26:37.713Z"}
{"level":"info","message":"Workflow found: Signup Flow, status: ACTIVE","service":"workflow-backend","timestamp":"2026-08-11T17:26:37.874Z"}
{"level":"info","message":"Workflow already processed for idempotent key 1eeef1b6-cd2a-4c6c-812d-ae557048fe28","service":"workflow-backend","timestamp":"2026-08-11T17:26:37.992Z"}
{"level":"info","message":"Singup Workflow for email kiran.sadara6730@gmail.com executed successfully ","service":"workflow-backend","timestamp":"2026-08-11T17:26:37.992Z"}
{"level":"info","message":"Entered into the signup workflow execute controller","service":"workflow-backend","timestamp":"2026-08-11T17:26:37.995Z"}
{"level":"info","message":"Entered into signup workflow execution service for email kiran.sadara6730@gmail.com","service":"workflow-backend","timestamp":"2026-08-11T17:26:37.995Z"}
{"level":"info","message":"Workflow found: Signup Flow, status: ACTIVE","service":"workflow-backend","timestamp":"2026-08-11T17:26:38.197Z"}
{"level":"info","message":"Workflow already processed for idempotent key 1eeef1b6-cd2a-4c6c-812d-ae557048fe28","service":"workflow-backend","timestamp":"2026-08-11T17:26:41.086Z"}
{"level":"info","message":"Singup Workflow for email kiran.sadara6730@gmail.com executed successfully ","service":"workflow-backend","timestamp":"2026-08-11T17:26:41.087Z"}
{"level":"info","message":"Entered into the signup workflow execute controller","service":"workflow-backend","timestamp":"2026-08-11T17:26:41.093Z"}
{"level":"info","message":"Entered into signup workflow execution service for email kiran.sadara6730@gmail.com","service":"workflow-backend","timestamp":"2026-08-11T17:26:41.094Z"}
{"level":"info","message":"Workflow found: Signup Flow, status: ACTIVE","service":"workflow-backend","timestamp":"2026-08-11T17:26:41.270Z"}
{"level":"info","message":"Workflow already processed for idempotent key 1eeef1b6-cd2a-4c6c-812d-ae557048fe28","service":"workflow-backend","timestamp":"2026-08-11T17:26:41.420Z"}
{"level":"info","message":"Singup Workflow for email kiran.sadara6730@gmail.com executed successfully ","service":"workflow-backend","timestamp":"2026-08-11T17:26:41.421Z"}
{"level":"info","message":"Entered into the signup workflow execute controller","service":"workflow-backend","timestamp":"2026-08-11T17:26:41.427Z"}
{"level":"info","message":"Entered into signup workflow execution service for email kiran.sadara6730@gmail.com","service":"workflow-backend","timestamp":"2026-08-11T17:26:41.428Z"}
{"level":"info","message":"Workflow found: Signup Flow, status: ACTIVE","service":"workflow-backend","timestamp":"2026-08-11T17:26:41.622Z"}
{"level":"info","message":"Workflow already processed for idempotent key 1eeef1b6-cd2a-4c6c-812d-ae557048fe28","service":"workflow-backend","timestamp":"2026-08-11T17:26:41.888Z"}
{"level":"info","message":"Singup Workflow for email kiran.sadara6730@gmail.com executed successfully ","service":"workflow-backend","timestamp":"2026-08-11T17:26:41.889Z"}
{"level":"info","message":"Entered into the signup workflow execute controller","service":"workflow-backend","timestamp":"2026-08-11T17:26:41.895Z"}
{"level":"info","message":"Entered into signup workflow execution service for email kiran.sadara6730@gmail.com","service":"workflow-backend","timestamp":"2026-08-11T17:26:41.895Z"}
{"level":"info","message":"Workflow found: Signup Flow, status: ACTIVE","service":"workflow-backend","timestamp":"2026-08-11T17:26:42.939Z"}
{"level":"info","message":"Workflow already processed for idempotent key 1eeef1b6-cd2a-4c6c-812d-ae557048fe28","service":"workflow-backend","timestamp":"2026-08-11T17:26:43.031Z"}
{"level":"info","message":"Singup Workflow for email kiran.sadara6730@gmail.com executed successfully ","service":"workflow-backend","timestamp":"2026-08-11T17:26:43.031Z"}
{"level":"info","message":"Entered into the signup workflow execute controller","service":"workflow-backend","timestamp":"2026-08-11T17:26:43.035Z"}
{"level":"info","message":"Entered into signup workflow execution service for email kiran.sadara6730@gmail.com","service":"workflow-backend","timestamp":"2026-08-11T17:26:43.036Z"}
{"level":"info","message":"Workflow found: Signup Flow, status: ACTIVE","service":"workflow-backend","timestamp":"2026-08-11T17:26:43.162Z"}
{"level":"info","message":"Workflow already processed for idempotent key 1eeef1b6-cd2a-4c6c-812d-ae557048fe28","service":"workflow-backend","timestamp":"2026-08-11T17:26:43.762Z"}
{"level":"info","message":"Singup Workflow for email kiran.sadara6730@gmail.com executed successfully ","service":"workflow-backend","timestamp":"2026-08-11T17:26:43.762Z"}
{"level":"info","message":"Entered into the signup workflow execute controller","service":"workflow-backend","timestamp":"2026-08-11T17:26:43.766Z"}
{"level":"info","message":"Entered into signup workflow execution service for email kiran.sadara6730@gmail.com","service":"workflow-backend","timestamp":"2026-08-11T17:26:43.766Z"}
{"level":"info","message":"Workflow found: Signup Flow, status: ACTIVE","service":"workflow-backend","timestamp":"2026-08-11T17:26:44.206Z"}
{"level":"info","message":"Workflow already processed for idempotent key 1eeef1b6-cd2a-4c6c-812d-ae557048fe28","service":"workflow-backend","timestamp":"2026-08-11T17:26:44.890Z"}
{"level":"info","message":"Singup Workflow for email kiran.sadara6730@gmail.com executed successfully ","service":"workflow-backend","timestamp":"2026-08-11T17:26:44.890Z"}
{"level":"info","message":"Entered into the signup workflow execute controller","service":"workflow-backend","timestamp":"2026-08-11T17:26:44.897Z"}
{"level":"info","message":"Entered into signup workflow execution service for email kiran.sadara6730@gmail.com","service":"workflow-backend","timestamp":"2026-08-11T17:26:44.898Z"}
{"level":"info","message":"Workflow found: Signup Flow, status: ACTIVE","service":"workflow-backend","timestamp":"2026-08-11T17:26:44.991Z"}
{"level":"info","message":"Workflow already processed for idempotent key 1eeef1b6-cd2a-4c6c-812d-ae557048fe28","service":"workflow-backend","timestamp":"2026-08-11T17:26:45.058Z"}
{"level":"info","message":"Singup Workflow for email kiran.sadara6730@gmail.com executed successfully ","service":"workflow-backend","timestamp":"2026-08-11T17:26:45.059Z"}
{"level":"info","message":"Entered into the signup workflow execute controller","service":"workflow-backend","timestamp":"2026-08-11T17:26:45.061Z"}
{"level":"info","message":"Entered into signup workflow execution service for email kiran.sadara6730@gmail.com","service":"workflow-backend","timestamp":"2026-08-11T17:26:45.061Z"}
{"level":"info","message":"Workflow found: Signup Flow, status: ACTIVE","service":"workflow-backend","timestamp":"2026-08-11T17:26:45.104Z"}
{"level":"info","message":"Workflow already processed for idempotent key 1eeef1b6-cd2a-4c6c-812d-ae557048fe28","service":"workflow-backend","timestamp":"2026-08-11T17:26:45.250Z"}
{"level":"info","message":"Singup Workflow for email kiran.sadara6730@gmail.com executed successfully ","service":"workflow-backend","timestamp":"2026-08-11T17:26:45.250Z"}
{"level":"info","message":"Entered into the signup workflow execute controller","service":"workflow-backend","timestamp":"2026-08-11T17:26:45.255Z"}
{"level":"info","message":"Entered into signup workflow execution service for email kiran.sadara6730@gmail.com","service":"workflow-backend","timestamp":"2026-08-11T17:26:45.255Z"}
{"level":"info","message":"Workflow found: Signup Flow, status: ACTIVE","service":"workflow-backend","timestamp":"2026-08-11T17:26:45.349Z"}
{"level":"info","message":"Workflow already processed for idempotent key 1eeef1b6-cd2a-4c6c-812d-ae557048fe28","service":"workflow-backend","timestamp":"2026-08-11T17:26:45.407Z"}
{"level":"info","message":"Singup Workflow for email kiran.sadara6730@gmail.com executed successfully ","service":"workflow-backend","timestamp":"2026-08-11T17:26:45.408Z"}
{"level":"info","message":"Entered into the signup workflow execute controller","service":"workflow-backend","timestamp":"2026-08-11T17:26:45.412Z"}
{"level":"info","message":"Entered into signup workflow execution service for email kiran.sadara6730@gmail.com","service":"workflow-backend","timestamp":"2026-08-11T17:26:45.413Z"}
{"level":"info","message":"Workflow found: Signup Flow, status: ACTIVE","service":"workflow-backend","timestamp":"2026-08-11T17:26:45.465Z"}
{"level":"info","message":"Workflow already processed for idempotent key 1eeef1b6-cd2a-4c6c-812d-ae557048fe28","service":"workflow-backend","timestamp":"2026-08-11T17:26:45.516Z"}
{"level":"info","message":"Singup Workflow for email kiran.sadara6730@gmail.com executed successfully ","service":"workflow-backend","timestamp":"2026-08-11T17:26:45.517Z"}
{"level":"info","message":"Entered into the signup workflow execute controller","service":"workflow-backend","timestamp":"2026-08-11T17:26:45.521Z"}
{"level":"info","message":"Entered into signup workflow execution service for email kiran.sadara6730@gmail.com","service":"workflow-backend","timestamp":"2026-08-11T17:26:45.522Z"}
{"level":"info","message":"Workflow found: Signup Flow, status: ACTIVE","service":"workflow-backend","timestamp":"2026-08-11T17:26:45.592Z"}
{"level":"info","message":"Workflow already processed for idempotent key 1eeef1b6-cd2a-4c6c-812d-ae557048fe28","service":"workflow-backend","timestamp":"2026-08-11T17:26:45.651Z"}
{"level":"info","message":"Singup Workflow for email kiran.sadara6730@gmail.com executed successfully ","service":"workflow-backend","timestamp":"2026-08-11T17:26:45.651Z"}
{"level":"info","message":"Entered into the signup workflow execute controller","service":"workflow-backend","timestamp":"2026-08-11T17:26:45.655Z"}
{"level":"info","message":"Entered into signup workflow execution service for email kiran.sadara6730@gmail.com","service":"workflow-backend","timestamp":"2026-08-11T17:26:45.655Z"}
{"level":"info","message":"Workflow found: Signup Flow, status: ACTIVE","service":"workflow-backend","timestamp":"2026-08-11T17:26:45.732Z"}
{"level":"info","message":"Workflow already processed for idempotent key 1eeef1b6-cd2a-4c6c-812d-ae557048fe28","service":"workflow-backend","timestamp":"2026-08-11T17:26:45.905Z"}
{"level":"info","message":"Singup Workflow for email kiran.sadara6730@gmail.com executed successfully ","service":"workflow-backend","timestamp":"2026-08-11T17:26:45.905Z"}
{"level":"info","message":"Entered into the signup workflow execute controller","service":"workflow-backend","timestamp":"2026-08-11T17:26:45.911Z"}
{"level":"info","message":"Entered into signup workflow execution service for email kiran.sadara6730@gmail.com","service":"workflow-backend","timestamp":"2026-08-11T17:26:45.912Z"}
{"level":"info","message":"Workflow found: Signup Flow, status: ACTIVE","service":"workflow-backend","timestamp":"2026-08-11T17:26:46.257Z"}
{"level":"info","message":"Workflow already processed for idempotent key 1eeef1b6-cd2a-4c6c-812d-ae557048fe28","service":"workflow-backend","timestamp":"2026-08-11T17:26:46.541Z"}
{"level":"info","message":"Singup Workflow for email kiran.sadara6730@gmail.com executed successfully ","service":"workflow-backend","timestamp":"2026-08-11T17:26:46.541Z"}
{"level":"info","message":"Entered into the signup workflow execute controller","service":"workflow-backend","timestamp":"2026-08-11T17:26:46.547Z"}
{"level":"info","message":"Entered into signup workflow execution service for email kiran.sadara6730@gmail.com","service":"workflow-backend","timestamp":"2026-08-11T17:26:46.548Z"}
{"level":"info","message":"Workflow found: Signup Flow, status: ACTIVE","service":"workflow-backend","timestamp":"2026-08-11T17:26:46.604Z"}
{"level":"info","message":"Workflow already processed for idempotent key 1eeef1b6-cd2a-4c6c-812d-ae557048fe28","service":"workflow-backend","timestamp":"2026-08-11T17:26:46.682Z"}
{"level":"info","message":"Singup Workflow for email kiran.sadara6730@gmail.com executed successfully ","service":"workflow-backend","timestamp":"2026-08-11T17:26:46.683Z"}
{"level":"info","message":"Entered into the signup workflow execute controller","service":"workflow-backend","timestamp":"2026-08-11T17:26:46.686Z"}
{"level":"info","message":"Entered into signup workflow execution service for email kiran.sadara6730@gmail.com","service":"workflow-backend","timestamp":"2026-08-11T17:26:46.687Z"}
{"level":"info","message":"Workflow found: Signup Flow, status: ACTIVE","service":"workflow-backend","timestamp":"2026-08-11T17:26:46.781Z"}
{"level":"info","message":"Workflow already processed for idempotent key 1eeef1b6-cd2a-4c6c-812d-ae557048fe28","service":"workflow-backend","timestamp":"2026-08-11T17:26:46.832Z"}
{"level":"info","message":"Singup Workflow for email kiran.sadara6730@gmail.com executed successfully ","service":"workflow-backend","timestamp":"2026-08-11T17:26:46.833Z"}
{"level":"info","message":"Entered into the signup workflow execute controller","service":"workflow-backend","timestamp":"2026-08-11T17:26:46.838Z"}
{"level":"info","message":"Entered into signup workflow execution service for email kiran.sadara6730@gmail.com","service":"workflow-backend","timestamp":"2026-08-11T17:26:46.838Z"}
{"level":"info","message":"Workflow found: Signup Flow, status: ACTIVE","service":"workflow-backend","timestamp":"2026-08-11T17:26:46.885Z"}
{"level":"info","message":"Workflow already processed for idempotent key 1eeef1b6-cd2a-4c6c-812d-ae557048fe28","service":"workflow-backend","timestamp":"2026-08-11T17:26:46.972Z"}
{"level":"info","message":"Singup Workflow for email kiran.sadara6730@gmail.com executed successfully ","service":"workflow-backend","timestamp":"2026-08-11T17:26:46.972Z"}
{"level":"info","message":"Entered into the signup workflow execute controller","service":"workflow-backend","timestamp":"2026-08-11T17:26:46.976Z"}
{"level":"info","message":"Entered into signup workflow execution service for email kiran.sadara6730@gmail.com","service":"workflow-backend","timestamp":"2026-08-11T17:26:46.977Z"}
{"level":"info","message":"Workflow found: Signup Flow, status: ACTIVE","service":"workflow-backend","timestamp":"2026-08-11T17:26:47.567Z"}
{"level":"info","message":"Workflow already processed for idempotent key 1eeef1b6-cd2a-4c6c-812d-ae557048fe28","service":"workflow-backend","timestamp":"2026-08-11T17:26:47.623Z"}
{"level":"info","message":"Singup Workflow for email kiran.sadara6730@gmail.com executed successfully ","service":"workflow-backend","timestamp":"2026-08-11T17:26:47.623Z"}
{"level":"info","message":"Entered into the signup workflow execute controller","service":"workflow-backend","timestamp":"2026-08-11T17:26:47.628Z"}
{"level":"info","message":"Entered into signup workflow execution service for email kiran.sadara6730@gmail.com","service":"workflow-backend","timestamp":"2026-08-11T17:26:47.629Z"}
{"level":"info","message":"Workflow found: Signup Flow, status: ACTIVE","service":"workflow-backend","timestamp":"2026-08-11T17:26:47.693Z"}
{"level":"info","message":"Workflow already processed for idempotent key 1eeef1b6-cd2a-4c6c-812d-ae557048fe28","service":"workflow-backend","timestamp":"2026-08-11T17:26:47.750Z"}
{"level":"info","message":"Singup Workflow for email kiran.sadara6730@gmail.com executed successfully ","service":"workflow-backend","timestamp":"2026-08-11T17:26:47.751Z"}
{"level":"info","message":"Entered into the signup workflow execute controller","service":"workflow-backend","timestamp":"2026-08-11T17:26:47.757Z"}
{"level":"info","message":"Entered into signup workflow execution service for email kiran.sadara6730@gmail.com","service":"workflow-backend","timestamp":"2026-08-11T17:26:47.758Z"}
{"level":"info","message":"Workflow found: Signup Flow, status: ACTIVE","service":"workflow-backend","timestamp":"2026-08-11T17:26:47.858Z"}
{"level":"info","message":"Workflow already processed for idempotent key 1eeef1b6-cd2a-4c6c-812d-ae557048fe28","service":"workflow-backend","timestamp":"2026-08-11T17:26:47.904Z"}
{"level":"info","message":"Singup Workflow for email kiran.sadara6730@gmail.com executed successfully ","service":"workflow-backend","timestamp":"2026-08-11T17:26:47.904Z"}
{"level":"info","message":"Entered into the signup workflow execute controller","service":"workflow-backend","timestamp":"2026-08-11T17:26:47.908Z"}
{"level":"info","message":"Entered into signup workflow execution service for email kiran.sadara6730@gmail.com","service":"workflow-backend","timestamp":"2026-08-11T17:26:47.908Z"}
{"level":"info","message":"Workflow found: Signup Flow, status: ACTIVE","service":"workflow-backend","timestamp":"2026-08-11T17:26:47.997Z"}
{"level":"info","message":"Workflow already processed for idempotent key 1eeef1b6-cd2a-4c6c-812d-ae557048fe28","service":"workflow-backend","timestamp":"2026-08-11T17:26:48.153Z"}
{"level":"info","message":"Singup Workflow for email kiran.sadara6730@gmail.com executed successfully ","service":"workflow-backend","timestamp":"2026-08-11T17:26:48.154Z"}
{"level":"info","message":"Entered into the signup workflow execute controller","service":"workflow-backend","timestamp":"2026-08-11T17:26:48.159Z"}
{"level":"info","message":"Entered into signup workflow execution service for email kiran.sadara6730@gmail.com","service":"workflow-backend","timestamp":"2026-08-11T17:26:48.160Z"}
{"level":"info","message":"Workflow found: Signup Flow, status: ACTIVE","service":"workflow-backend","timestamp":"2026-08-11T17:26:48.588Z"}
{"level":"info","message":"Workflow already processed for idempotent key 1eeef1b6-cd2a-4c6c-812d-ae557048fe28","service":"workflow-backend","timestamp":"2026-08-11T17:26:48.657Z"}
{"level":"info","message":"Singup Workflow for email kiran.sadara6730@gmail.com executed successfully ","service":"workflow-backend","timestamp":"2026-08-11T17:26:48.657Z"}
{"level":"info","message":"Entered into the signup workflow execute controller","service":"workflow-backend","timestamp":"2026-08-11T17:26:48.663Z"}
{"level":"info","message":"Entered into signup workflow execution service for email kiran.sadara6730@gmail.com","service":"workflow-backend","timestamp":"2026-08-11T17:26:48.664Z"}
{"level":"info","message":"Workflow found: Signup Flow, status: ACTIVE","service":"workflow-backend","timestamp":"2026-08-11T17:26:48.734Z"}
{"level":"info","message":"Workflow already processed for idempotent key 1eeef1b6-cd2a-4c6c-812d-ae557048fe28","service":"workflow-backend","timestamp":"2026-08-11T17:26:48.817Z"}
{"level":"info","message":"Singup Workflow for email kiran.sadara6730@gmail.com executed successfully ","service":"workflow-backend","timestamp":"2026-08-11T17:26:48.818Z"}
{"level":"info","message":"Entered into the signup workflow execute controller","service":"workflow-backend","timestamp":"2026-08-11T17:26:48.820Z"}
{"level":"info","message":"Entered into signup workflow execution service for email kiran.sadara6730@gmail.com","service":"workflow-backend","timestamp":"2026-08-11T17:26:48.821Z"}
{"level":"info","message":"Workflow found: Signup Flow, status: ACTIVE","service":"workflow-backend","timestamp":"2026-08-11T17:26:48.866Z"}
{"level":"info","message":"Workflow already processed for idempotent key 1eeef1b6-cd2a-4c6c-812d-ae557048fe28","service":"workflow-backend","timestamp":"2026-08-11T17:26:48.940Z"}
{"level":"info","message":"Singup Workflow for email kiran.sadara6730@gmail.com executed successfully ","service":"workflow-backend","timestamp":"2026-08-11T17:26:48.940Z"}
{"level":"info","message":"Entered into the signup workflow execute controller","service":"workflow-backend","timestamp":"2026-08-11T17:26:48.946Z"}
{"level":"info","message":"Entered into signup workflow execution service for email kiran.sadara6730@gmail.com","service":"workflow-backend","timestamp":"2026-08-11T17:26:48.947Z"}
{"level":"info","message":"Workflow found: Signup Flow, status: ACTIVE","service":"workflow-backend","timestamp":"2026-08-11T17:26:48.985Z"}
{"level":"info","message":"Workflow already processed for idempotent key 1eeef1b6-cd2a-4c6c-812d-ae557048fe28","service":"workflow-backend","timestamp":"2026-08-11T17:26:49.025Z"}
{"level":"info","message":"Singup Workflow for email kiran.sadara6730@gmail.com executed successfully ","service":"workflow-backend","timestamp":"2026-08-11T17:26:49.026Z"}
{"level":"info","message":"Entered into the signup workflow execute controller","service":"workflow-backend","timestamp":"2026-08-11T17:26:49.030Z"}
{"level":"info","message":"Entered into signup workflow execution service for email kiran.sadara6730@gmail.com","service":"workflow-backend","timestamp":"2026-08-11T17:26:49.031Z"}
{"level":"info","message":"Workflow found: Signup Flow, status: ACTIVE","service":"workflow-backend","timestamp":"2026-08-11T17:26:49.068Z"}
{"level":"info","message":"Workflow already processed for idempotent key 1eeef1b6-cd2a-4c6c-812d-ae557048fe28","service":"workflow-backend","timestamp":"2026-08-11T17:26:49.120Z"}
{"level":"info","message":"Singup Workflow for email kiran.sadara6730@gmail.com executed successfully ","service":"workflow-backend","timestamp":"2026-08-11T17:26:49.121Z"}
{"level":"info","message":"Entered into the signup workflow execute controller","service":"workflow-backend","timestamp":"2026-08-11T17:26:49.126Z"}
{"level":"info","message":"Entered into signup workflow execution service for email kiran.sadara6730@gmail.com","service":"workflow-backend","timestamp":"2026-08-11T17:26:49.127Z"}
{"level":"info","message":"Workflow found: Signup Flow, status: ACTIVE","service":"workflow-backend","timestamp":"2026-08-11T17:26:49.215Z"}
{"level":"info","message":"Workflow already processed for idempotent key 1eeef1b6-cd2a-4c6c-812d-ae557048fe28","service":"workflow-backend","timestamp":"2026-08-11T17:26:49.260Z"}
{"level":"info","message":"Singup Workflow for email kiran.sadara6730@gmail.com executed successfully ","service":"workflow-backend","timestamp":"2026-08-11T17:26:49.261Z"}
{"level":"info","message":"Entered into the signup workflow execute controller","service":"workflow-backend","timestamp":"2026-08-11T17:26:49.267Z"}
{"level":"info","message":"Entered into signup workflow execution service for email kiran.sadara6730@gmail.com","service":"workflow-backend","timestamp":"2026-08-11T17:26:49.268Z"}
{"level":"info","message":"Workflow found: Signup Flow, status: ACTIVE","service":"workflow-backend","timestamp":"2026-08-11T17:26:49.307Z"}
{"level":"info","message":"Workflow already processed for idempotent key 1eeef1b6-cd2a-4c6c-812d-ae557048fe28","service":"workflow-backend","timestamp":"2026-08-11T17:26:49.344Z"}
{"level":"info","message":"Singup Workflow for email kiran.sadara6730@gmail.com executed successfully ","service":"workflow-backend","timestamp":"2026-08-11T17:26:49.344Z"}
{"level":"info","message":"Entered into the signup workflow execute controller","service":"workflow-backend","timestamp":"2026-08-11T17:26:49.348Z"}
{"level":"info","message":"Entered into signup workflow execution service for email kiran.sadara6730@gmail.com","service":"workflow-backend","timestamp":"2026-08-11T17:26:49.349Z"}
{"level":"info","message":"Workflow found: Signup Flow, status: ACTIVE","service":"workflow-backend","timestamp":"2026-08-11T17:26:49.391Z"}
{"level":"info","message":"Workflow already processed for idempotent key 1eeef1b6-cd2a-4c6c-812d-ae557048fe28","service":"workflow-backend","timestamp":"2026-08-11T17:26:49.436Z"}
{"level":"info","message":"Singup Workflow for email kiran.sadara6730@gmail.com executed successfully ","service":"workflow-backend","timestamp":"2026-08-11T17:26:49.436Z"}
{"level":"info","message":"Entered into the signup workflow execute controller","service":"workflow-backend","timestamp":"2026-08-11T17:26:49.443Z"}
{"level":"info","message":"Entered into signup workflow execution service for email kiran.sadara6730@gmail.com","service":"workflow-backend","timestamp":"2026-08-11T17:26:49.445Z"}
{"level":"info","message":"Workflow found: Signup Flow, status: ACTIVE","service":"workflow-backend","timestamp":"2026-08-11T17:26:49.483Z"}
{"level":"info","message":"Workflow already processed for idempotent key 1eeef1b6-cd2a-4c6c-812d-ae557048fe28","service":"workflow-backend","timestamp":"2026-08-11T17:26:49.521Z"}
{"level":"info","message":"Singup Workflow for email kiran.sadara6730@gmail.com executed successfully ","service":"workflow-backend","timestamp":"2026-08-11T17:26:49.530Z"}
{"level":"info","message":"Entered into the signup workflow execute controller","service":"workflow-backend","timestamp":"2026-08-11T17:26:49.542Z"}
{"level":"info","message":"Entered into signup workflow execution service for email kiran.sadara6730@gmail.com","service":"workflow-backend","timestamp":"2026-08-11T17:26:49.543Z"}
{"level":"info","message":"Workflow found: Signup Flow, status: ACTIVE","service":"workflow-backend","timestamp":"2026-08-11T17:26:49.584Z"}
{"level":"info","message":"Workflow already processed for idempotent key 1eeef1b6-cd2a-4c6c-812d-ae557048fe28","service":"workflow-backend","timestamp":"2026-08-11T17:26:49.645Z"}
{"level":"info","message":"Singup Workflow for email kiran.sadara6730@gmail.com executed successfully ","service":"workflow-backend","timestamp":"2026-08-11T17:26:49.645Z"}
{"level":"info","message":"Entered into the signup workflow execute controller","service":"workflow-backend","timestamp":"2026-08-11T17:26:49.650Z"}
{"level":"info","message":"Entered into signup workflow execution service for email kiran.sadara6730@gmail.com","service":"workflow-backend","timestamp":"2026-08-11T17:26:49.651Z"}
{"level":"info","message":"Workflow found: Signup Flow, status: ACTIVE","service":"workflow-backend","timestamp":"2026-08-11T17:26:49.721Z"}
{"level":"info","message":"Workflow already processed for idempotent key 1eeef1b6-cd2a-4c6c-812d-ae557048fe28","service":"workflow-backend","timestamp":"2026-08-11T17:26:49.769Z"}
{"level":"info","message":"Singup Workflow for email kiran.sadara6730@gmail.com executed successfully ","service":"workflow-backend","timestamp":"2026-08-11T17:26:49.770Z"}
{"level":"info","message":"Entered into the signup workflow execute controller","service":"workflow-backend","timestamp":"2026-08-11T17:26:49.777Z"}
{"level":"info","message":"Entered into signup workflow execution service for email kiran.sadara6730@gmail.com","service":"workflow-backend","timestamp":"2026-08-11T17:26:49.778Z"}
{"level":"info","message":"Workflow found: Signup Flow, status: ACTIVE","service":"workflow-backend","timestamp":"2026-08-11T17:26:49.868Z"}
{"level":"info","message":"Workflow already processed for idempotent key 1eeef1b6-cd2a-4c6c-812d-ae557048fe28","service":"workflow-backend","timestamp":"2026-08-11T17:26:49.929Z"}
{"level":"info","message":"Singup Workflow for email kiran.sadara6730@gmail.com executed successfully ","service":"workflow-backend","timestamp":"2026-08-11T17:26:49.930Z"}
{"level":"info","message":"Entered into the signup workflow execute controller","service":"workflow-backend","timestamp":"2026-08-11T17:26:49.934Z"}
{"level":"info","message":"Entered into signup workflow execution service for email kiran.sadara6730@gmail.com","service":"workflow-backend","timestamp":"2026-08-11T17:26:49.935Z"}
{"level":"info","message":"Workflow found: Signup Flow, status: ACTIVE","service":"workflow-backend","timestamp":"2026-08-11T17:26:50.309Z"}
{"level":"info","message":"Workflow already processed for idempotent key 1eeef1b6-cd2a-4c6c-812d-ae557048fe28","service":"workflow-backend","timestamp":"2026-08-11T17:26:50.372Z"}
{"level":"info","message":"Singup Workflow for email kiran.sadara6730@gmail.com executed successfully ","service":"workflow-backend","timestamp":"2026-08-11T17:26:50.373Z"}
{"level":"info","message":"Entered into the signup workflow execute controller","service":"workflow-backend","timestamp":"2026-08-11T17:26:50.377Z"}
{"level":"info","message":"Entered into signup workflow execution service for email kiran.sadara6730@gmail.com","service":"workflow-backend","timestamp":"2026-08-11T17:26:50.378Z"}
{"level":"info","message":"Workflow found: Signup Flow, status: ACTIVE","service":"workflow-backend","timestamp":"2026-08-11T17:26:51.115Z"}
{"level":"info","message":"Workflow already processed for idempotent key 1eeef1b6-cd2a-4c6c-812d-ae557048fe28","service":"workflow-backend","timestamp":"2026-08-11T17:26:51.167Z"}
{"level":"info","message":"Singup Workflow for email kiran.sadara6730@gmail.com executed successfully ","service":"workflow-backend","timestamp":"2026-08-11T17:26:51.168Z"}
{"level":"info","message":"Entered into the signup workflow execute controller","service":"workflow-backend","timestamp":"2026-08-11T17:26:51.172Z"}
{"level":"info","message":"Entered into signup workflow execution service for email kiran.sadara6730@gmail.com","service":"workflow-backend","timestamp":"2026-08-11T17:26:51.173Z"}
{"level":"info","message":"Workflow found: Signup Flow, status: ACTIVE","service":"workflow-backend","timestamp":"2026-08-11T17:26:51.854Z"}
{"level":"info","message":"Workflow already processed for idempotent key 1eeef1b6-cd2a-4c6c-812d-ae557048fe28","service":"workflow-backend","timestamp":"2026-08-11T17:26:51.903Z"}
{"level":"info","message":"Singup Workflow for email kiran.sadara6730@gmail.com executed successfully ","service":"workflow-backend","timestamp":"2026-08-11T17:26:51.903Z"}
{"level":"info","message":"Entered into the signup workflow execute controller","service":"workflow-backend","timestamp":"2026-08-11T17:26:51.906Z"}
{"level":"info","message":"Entered into signup workflow execution service for email kiran.sadara6730@gmail.com","service":"workflow-backend","timestamp":"2026-08-11T17:26:51.907Z"}
{"level":"info","message":"Workflow found: Signup Flow, status: ACTIVE","service":"workflow-backend","timestamp":"2026-08-11T17:26:51.969Z"}
{"level":"info","message":"Workflow already processed for idempotent key 1eeef1b6-cd2a-4c6c-812d-ae557048fe28","service":"workflow-backend","timestamp":"2026-08-11T17:26:52.103Z"}
{"level":"info","message":"Singup Workflow for email kiran.sadara6730@gmail.com executed successfully ","service":"workflow-backend","timestamp":"2026-08-11T17:26:52.103Z"}
{"level":"info","message":"Entered into the signup workflow execute controller","service":"workflow-backend","timestamp":"2026-08-11T17:26:52.109Z"}
{"level":"info","message":"Entered into signup workflow execution service for email kiran.sadara6730@gmail.com","service":"workflow-backend","timestamp":"2026-08-11T17:26:52.110Z"}
{"level":"info","message":"Workflow found: Signup Flow, status: ACTIVE","service":"workflow-backend","timestamp":"2026-08-11T17:26:52.160Z"}
{"level":"info","message":"Workflow already processed for idempotent key 1eeef1b6-cd2a-4c6c-812d-ae557048fe28","service":"workflow-backend","timestamp":"2026-08-11T17:26:52.339Z"}
{"level":"info","message":"Singup Workflow for email kiran.sadara6730@gmail.com executed successfully ","service":"workflow-backend","timestamp":"2026-08-11T17:26:52.339Z"}
{"level":"info","message":"Entered into the signup workflow execute controller","service":"workflow-backend","timestamp":"2026-08-11T17:26:52.345Z"}
{"level":"info","message":"Entered into signup workflow execution service for email kiran.sadara6730@gmail.com","service":"workflow-backend","timestamp":"2026-08-11T17:26:52.346Z"}
{"level":"info","message":"Workflow found: Signup Flow, status: ACTIVE","service":"workflow-backend","timestamp":"2026-08-11T17:26:52.751Z"}
{"level":"info","message":"Workflow already processed for idempotent key 1eeef1b6-cd2a-4c6c-812d-ae557048fe28","service":"workflow-backend","timestamp":"2026-08-11T17:26:52.820Z"}
{"level":"info","message":"Singup Workflow for email kiran.sadara6730@gmail.com executed successfully ","service":"workflow-backend","timestamp":"2026-08-11T17:26:52.820Z"}
{"level":"info","message":"Entered into the signup workflow execute controller","service":"workflow-backend","timestamp":"2026-08-11T17:26:52.823Z"}
{"level":"info","message":"Entered into signup workflow execution service for email kiran.sadara6730@gmail.com","service":"workflow-backend","timestamp":"2026-08-11T17:26:52.824Z"}
{"level":"info","message":"Workflow found: Signup Flow, status: ACTIVE","service":"workflow-backend","timestamp":"2026-08-11T17:26:54.144Z"}
{"level":"info","message":"Workflow already processed for idempotent key 1eeef1b6-cd2a-4c6c-812d-ae557048fe28","service":"workflow-backend","timestamp":"2026-08-11T17:26:54.539Z"}
{"level":"info","message":"Singup Workflow for email kiran.sadara6730@gmail.com executed successfully ","service":"workflow-backend","timestamp":"2026-08-11T17:26:54.539Z"}
{"level":"info","message":"Entered into the signup workflow execute controller","service":"workflow-backend","timestamp":"2026-08-11T17:26:54.543Z"}
{"level":"info","message":"Entered into signup workflow execution service for email kiran.sadara6730@gmail.com","service":"workflow-backend","timestamp":"2026-08-11T17:26:54.543Z"}
{"level":"info","message":"Workflow found: Signup Flow, status: ACTIVE","service":"workflow-backend","timestamp":"2026-08-11T17:26:54.618Z"}
{"level":"info","message":"Workflow already processed for idempotent key 1eeef1b6-cd2a-4c6c-812d-ae557048fe28","service":"workflow-backend","timestamp":"2026-08-11T17:26:54.671Z"}
{"level":"info","message":"Singup Workflow for email kiran.sadara6730@gmail.com executed successfully ","service":"workflow-backend","timestamp":"2026-08-11T17:26:54.672Z"}
{"level":"info","message":"Entered into the signup workflow execute controller","service":"workflow-backend","timestamp":"2026-08-11T17:26:54.675Z"}
{"level":"info","message":"Entered into signup workflow execution service for email kiran.sadara6730@gmail.com","service":"workflow-backend","timestamp":"2026-08-11T17:26:54.675Z"}
{"level":"info","message":"Workflow found: Signup Flow, status: ACTIVE","service":"workflow-backend","timestamp":"2026-08-11T17:26:54.716Z"}
{"level":"info","message":"Workflow already processed for idempotent key 1eeef1b6-cd2a-4c6c-812d-ae557048fe28","service":"workflow-backend","timestamp":"2026-08-11T17:26:54.765Z"}
{"level":"info","message":"Singup Workflow for email kiran.sadara6730@gmail.com executed successfully ","service":"workflow-backend","timestamp":"2026-08-11T17:26:54.765Z"}
{"level":"info","message":"Entered into the signup workflow execute controller","service":"workflow-backend","timestamp":"2026-08-11T17:26:54.768Z"}
{"level":"info","message":"Entered into signup workflow execution service for email kiran.sadara6730@gmail.com","service":"workflow-backend","timestamp":"2026-08-11T17:26:54.769Z"}
{"level":"info","message":"Workflow found: Signup Flow, status: ACTIVE","service":"workflow-backend","timestamp":"2026-08-11T17:26:54.804Z"}
{"level":"info","message":"Workflow already processed for idempotent key 1eeef1b6-cd2a-4c6c-812d-ae557048fe28","service":"workflow-backend","timestamp":"2026-08-11T17:26:54.843Z"}
{"level":"info","message":"Singup Workflow for email kiran.sadara6730@gmail.com executed successfully ","service":"workflow-backend","timestamp":"2026-08-11T17:26:54.844Z"}
{"level":"info","message":"Entered into the signup workflow execute controller","service":"workflow-backend","timestamp":"2026-08-11T17:26:54.847Z"}
{"level":"info","message":"Entered into signup workflow execution service for email kiran.sadara6730@gmail.com","service":"workflow-backend","timestamp":"2026-08-11T17:26:54.847Z"}
{"level":"info","message":"Workflow found: Signup Flow, status: ACTIVE","service":"workflow-backend","timestamp":"2026-08-11T17:26:54.894Z"}
{"level":"info","message":"Workflow already processed for idempotent key 1eeef1b6-cd2a-4c6c-812d-ae557048fe28","service":"workflow-backend","timestamp":"2026-08-11T17:26:54.944Z"}
{"level":"info","message":"Singup Workflow for email kiran.sadara6730@gmail.com executed successfully ","service":"workflow-backend","timestamp":"2026-08-11T17:26:54.944Z"}
{"level":"info","message":"Entered into the signup workflow execute controller","service":"workflow-backend","timestamp":"2026-08-11T17:26:54.948Z"}
{"level":"info","message":"Entered into signup workflow execution service for email kiran.sadara6730@gmail.com","service":"workflow-backend","timestamp":"2026-08-11T17:26:54.949Z"}
{"level":"info","message":"Workflow found: Signup Flow, status: ACTIVE","service":"workflow-backend","timestamp":"2026-08-11T17:26:55.003Z"}
{"level":"info","message":"Workflow already processed for idempotent key 1eeef1b6-cd2a-4c6c-812d-ae557048fe28","service":"workflow-backend","timestamp":"2026-08-11T17:26:55.041Z"}
{"level":"info","message":"Singup Workflow for email kiran.sadara6730@gmail.com executed successfully ","service":"workflow-backend","timestamp":"2026-08-11T17:26:55.042Z"}
{"level":"info","message":"Entered into the signup workflow execute controller","service":"workflow-backend","timestamp":"2026-08-11T17:26:55.045Z"}
{"level":"info","message":"Entered into signup workflow execution service for email kiran.sadara6730@gmail.com","service":"workflow-backend","timestamp":"2026-08-11T17:26:55.045Z"}
{"level":"info","message":"Workflow found: Signup Flow, status: ACTIVE","service":"workflow-backend","timestamp":"2026-08-11T17:26:55.178Z"}
{"level":"info","message":"Workflow already processed for idempotent key 1eeef1b6-cd2a-4c6c-812d-ae557048fe28","service":"workflow-backend","timestamp":"2026-08-11T17:26:55.214Z"}
{"level":"info","message":"Singup Workflow for email kiran.sadara6730@gmail.com executed successfully ","service":"workflow-backend","timestamp":"2026-08-11T17:26:55.215Z"}
{"level":"info","message":"Entered into the signup workflow execute controller","service":"workflow-backend","timestamp":"2026-08-11T17:26:55.218Z"}
{"level":"info","message":"Entered into signup workflow execution service for email kiran.sadara6730@gmail.com","service":"workflow-backend","timestamp":"2026-08-11T17:26:55.218Z"}
{"level":"info","message":"Workflow found: Signup Flow, status: ACTIVE","service":"workflow-backend","timestamp":"2026-08-11T17:26:55.269Z"}
{"level":"info","message":"Workflow already processed for idempotent key 1eeef1b6-cd2a-4c6c-812d-ae557048fe28","service":"workflow-backend","timestamp":"2026-08-11T17:26:55.348Z"}
{"level":"info","message":"Singup Workflow for email kiran.sadara6730@gmail.com executed successfully ","service":"workflow-backend","timestamp":"2026-08-11T17:26:55.349Z"}
{"level":"info","message":"Entered into the signup workflow execute controller","service":"workflow-backend","timestamp":"2026-08-11T17:26:55.354Z"}
{"level":"info","message":"Entered into signup workflow execution service for email kiran.sadara6730@gmail.com","service":"workflow-backend","timestamp":"2026-08-11T17:26:55.354Z"}
{"level":"info","message":"Workflow found: Signup Flow, status: ACTIVE","service":"workflow-backend","timestamp":"2026-08-11T17:26:56.120Z"}
{"level":"info","message":"Workflow already processed for idempotent key 1eeef1b6-cd2a-4c6c-812d-ae557048fe28","service":"workflow-backend","timestamp":"2026-08-11T17:26:56.168Z"}
{"level":"info","message":"Singup Workflow for email kiran.sadara6730@gmail.com executed successfully ","service":"workflow-backend","timestamp":"2026-08-11T17:26:56.168Z"}
{"level":"info","message":"Entered into the signup workflow execute controller","service":"workflow-backend","timestamp":"2026-08-11T17:26:56.172Z"}
{"level":"info","message":"Entered into signup workflow execution service for email kiran.sadara6730@gmail.com","service":"workflow-backend","timestamp":"2026-08-11T17:26:56.173Z"}
{"level":"info","message":"Workflow found: Signup Flow, status: ACTIVE","service":"workflow-backend","timestamp":"2026-08-11T17:26:56.217Z"}
{"level":"info","message":"Workflow already processed for idempotent key 1eeef1b6-cd2a-4c6c-812d-ae557048fe28","service":"workflow-backend","timestamp":"2026-08-11T17:26:56.262Z"}
{"level":"info","message":"Singup Workflow for email kiran.sadara6730@gmail.com executed successfully ","service":"workflow-backend","timestamp":"2026-08-11T17:26:56.262Z"}
{"level":"info","message":"Entered into the signup workflow execute controller","service":"workflow-backend","timestamp":"2026-08-11T17:26:56.267Z"}
{"level":"info","message":"Entered into signup workflow execution service for email kiran.sadara6730@gmail.com","service":"workflow-backend","timestamp":"2026-08-11T17:26:56.267Z"}
{"level":"info","message":"Workflow found: Signup Flow, status: ACTIVE","service":"workflow-backend","timestamp":"2026-08-11T17:26:56.356Z"}
{"level":"info","message":"Workflow already processed for idempotent key 1eeef1b6-cd2a-4c6c-812d-ae557048fe28","service":"workflow-backend","timestamp":"2026-08-11T17:26:56.394Z"}
{"level":"info","message":"Singup Workflow for email kiran.sadara6730@gmail.com executed successfully ","service":"workflow-backend","timestamp":"2026-08-11T17:26:56.395Z"}
{"level":"info","message":"Entered into the signup workflow execute controller","service":"workflow-backend","timestamp":"2026-08-11T17:26:56.402Z"}
{"level":"info","message":"Entered into signup workflow execution service for email kiran.sadara6730@gmail.com","service":"workflow-backend","timestamp":"2026-08-11T17:26:56.403Z"}
{"level":"info","message":"Workflow found: Signup Flow, status: ACTIVE","service":"workflow-backend","timestamp":"2026-08-11T17:26:56.436Z"}
{"level":"info","message":"Workflow already processed for idempotent key 1eeef1b6-cd2a-4c6c-812d-ae557048fe28","service":"workflow-backend","timestamp":"2026-08-11T17:26:56.475Z"}
{"level":"info","message":"Singup Workflow for email kiran.sadara6730@gmail.com executed successfully ","service":"workflow-backend","timestamp":"2026-08-11T17:26:56.475Z"}
{"level":"info","message":"Entered into the signup workflow execute controller","service":"workflow-backend","timestamp":"2026-08-11T17:26:56.481Z"}
{"level":"info","message":"Entered into signup workflow execution service for email kiran.sadara6730@gmail.com","service":"workflow-backend","timestamp":"2026-08-11T17:26:56.482Z"}
{"level":"info","message":"Workflow found: Signup Flow, status: ACTIVE","service":"workflow-backend","timestamp":"2026-08-11T17:26:56.519Z"}
{"level":"info","message":"Workflow already processed for idempotent key 1eeef1b6-cd2a-4c6c-812d-ae557048fe28","service":"workflow-backend","timestamp":"2026-08-11T17:26:56.556Z"}
{"level":"info","message":"Singup Workflow for email kiran.sadara6730@gmail.com executed successfully ","service":"workflow-backend","timestamp":"2026-08-11T17:26:56.557Z"}
{"level":"info","message":"Entered into the signup workflow execute controller","service":"workflow-backend","timestamp":"2026-08-11T17:26:56.561Z"}
{"level":"info","message":"Entered into signup workflow execution service for email kiran.sadara6730@gmail.com","service":"workflow-backend","timestamp":"2026-08-11T17:26:56.562Z"}
{"level":"info","message":"Workflow found: Signup Flow, status: ACTIVE","service":"workflow-backend","timestamp":"2026-08-11T17:26:56.615Z"}
{"level":"info","message":"Workflow already processed for idempotent key 1eeef1b6-cd2a-4c6c-812d-ae557048fe28","service":"workflow-backend","timestamp":"2026-08-11T17:26:56.686Z"}
{"level":"info","message":"Singup Workflow for email kiran.sadara6730@gmail.com executed successfully ","service":"workflow-backend","timestamp":"2026-08-11T17:26:56.687Z"}
{"level":"info","message":"Entered into the signup workflow execute controller","service":"workflow-backend","timestamp":"2026-08-11T17:26:56.694Z"}
{"level":"info","message":"Entered into signup workflow execution service for email kiran.sadara6730@gmail.com","service":"workflow-backend","timestamp":"2026-08-11T17:26:56.698Z"}
{"level":"info","message":"Workflow found: Signup Flow, status: ACTIVE","service":"workflow-backend","timestamp":"2026-08-11T17:26:56.740Z"}
{"level":"info","message":"Workflow already processed for idempotent key 1eeef1b6-cd2a-4c6c-812d-ae557048fe28","service":"workflow-backend","timestamp":"2026-08-11T17:26:56.786Z"}
{"level":"info","message":"Singup Workflow for email kiran.sadara6730@gmail.com executed successfully ","service":"workflow-backend","timestamp":"2026-08-11T17:26:56.787Z"}
{"level":"info","message":"Entered into the signup workflow execute controller","service":"workflow-backend","timestamp":"2026-08-11T17:26:56.791Z"}
{"level":"info","message":"Entered into signup workflow execution service for email kiran.sadara6730@gmail.com","service":"workflow-backend","timestamp":"2026-08-11T17:26:56.792Z"}
{"level":"info","message":"Workflow found: Signup Flow, status: ACTIVE","service":"workflow-backend","timestamp":"2026-08-11T17:26:56.829Z"}
{"level":"info","message":"Workflow already processed for idempotent key 1eeef1b6-cd2a-4c6c-812d-ae557048fe28","service":"workflow-backend","timestamp":"2026-08-11T17:26:56.869Z"}
{"level":"info","message":"Singup Workflow for email kiran.sadara6730@gmail.com executed successfully ","service":"workflow-backend","timestamp":"2026-08-11T17:26:56.870Z"}
{"level":"info","message":"Entered into the signup workflow execute controller","service":"workflow-backend","timestamp":"2026-08-11T17:26:56.875Z"}
{"level":"info","message":"Entered into signup workflow execution service for email kiran.sadara6730@gmail.com","service":"workflow-backend","timestamp":"2026-08-11T17:26:56.876Z"}
{"level":"info","message":"Workflow found: Signup Flow, status: ACTIVE","service":"workflow-backend","timestamp":"2026-08-11T17:26:56.919Z"}
{"level":"info","message":"Workflow already processed for idempotent key 1eeef1b6-cd2a-4c6c-812d-ae557048fe28","service":"workflow-backend","timestamp":"2026-08-11T17:26:56.968Z"}
{"level":"info","message":"Singup Workflow for email kiran.sadara6730@gmail.com executed successfully ","service":"workflow-backend","timestamp":"2026-08-11T17:26:56.968Z"}
{"level":"info","message":"Entered into the signup workflow execute controller","service":"workflow-backend","timestamp":"2026-08-11T17:26:56.971Z"}
{"level":"info","message":"Entered into signup workflow execution service for email kiran.sadara6730@gmail.com","service":"workflow-backend","timestamp":"2026-08-11T17:26:56.972Z"}
{"level":"info","message":"Workflow found: Signup Flow, status: ACTIVE","service":"workflow-backend","timestamp":"2026-08-11T17:26:57.008Z"}
{"level":"info","message":"Workflow already processed for idempotent key 1eeef1b6-cd2a-4c6c-812d-ae557048fe28","service":"workflow-backend","timestamp":"2026-08-11T17:26:57.075Z"}
{"level":"info","message":"Singup Workflow for email kiran.sadara6730@gmail.com executed successfully ","service":"workflow-backend","timestamp":"2026-08-11T17:26:57.075Z"}
{"level":"info","message":"Entered into the signup workflow execute controller","service":"workflow-backend","timestamp":"2026-08-11T17:26:57.078Z"}
{"level":"info","message":"Entered into signup workflow execution service for email kiran.sadara6730@gmail.com","service":"workflow-backend","timestamp":"2026-08-11T17:26:57.078Z"}
{"level":"info","message":"Workflow found: Signup Flow, status: ACTIVE","service":"workflow-backend","timestamp":"2026-08-11T17:26:57.124Z"}
{"level":"info","message":"Workflow already processed for idempotent key 1eeef1b6-cd2a-4c6c-812d-ae557048fe28","service":"workflow-backend","timestamp":"2026-08-11T17:26:57.188Z"}
{"level":"info","message":"Singup Workflow for email kiran.sadara6730@gmail.com executed successfully ","service":"workflow-backend","timestamp":"2026-08-11T17:26:57.188Z"}
{"level":"info","message":"Entered into the signup workflow execute controller","service":"workflow-backend","timestamp":"2026-08-11T17:26:57.191Z"}
{"level":"info","message":"Entered into signup workflow execution service for email kiran.sadara6730@gmail.com","service":"workflow-backend","timestamp":"2026-08-11T17:26:57.192Z"}
{"level":"info","message":"Workflow found: Signup Flow, status: ACTIVE","service":"workflow-backend","timestamp":"2026-08-11T17:26:57.239Z"}
{"level":"info","message":"Workflow already processed for idempotent key 1eeef1b6-cd2a-4c6c-812d-ae557048fe28","service":"workflow-backend","timestamp":"2026-08-11T17:26:57.325Z"}
{"level":"info","message":"Singup Workflow for email kiran.sadara6730@gmail.com executed successfully ","service":"workflow-backend","timestamp":"2026-08-11T17:26:57.325Z"}
{"level":"info","message":"Entered into the signup workflow execute controller","service":"workflow-backend","timestamp":"2026-08-11T17:26:57.329Z"}
{"level":"info","message":"Entered into signup workflow execution service for email kiran.sadara6730@gmail.com","service":"workflow-backend","timestamp":"2026-08-11T17:26:57.329Z"}
{"level":"info","message":"Workflow found: Signup Flow, status: ACTIVE","service":"workflow-backend","timestamp":"2026-08-11T17:26:57.378Z"}
{"level":"info","message":"Workflow already processed for idempotent key 1eeef1b6-cd2a-4c6c-812d-ae557048fe28","service":"workflow-backend","timestamp":"2026-08-11T17:26:57.417Z"}
{"level":"info","message":"Singup Workflow for email kiran.sadara6730@gmail.com executed successfully ","service":"workflow-backend","timestamp":"2026-08-11T17:26:57.418Z"}
{"level":"info","message":"Entered into the signup workflow execute controller","service":"workflow-backend","timestamp":"2026-08-11T17:26:57.420Z"}
{"level":"info","message":"Entered into signup workflow execution service for email kiran.sadara6730@gmail.com","service":"workflow-backend","timestamp":"2026-08-11T17:26:57.421Z"}
{"level":"info","message":"Workflow found: Signup Flow, status: ACTIVE","service":"workflow-backend","timestamp":"2026-08-11T17:26:57.456Z"}
{"level":"info","message":"Workflow already processed for idempotent key 1eeef1b6-cd2a-4c6c-812d-ae557048fe28","service":"workflow-backend","timestamp":"2026-08-11T17:26:57.523Z"}
{"level":"info","message":"Singup Workflow for email kiran.sadara6730@gmail.com executed successfully ","service":"workflow-backend","timestamp":"2026-08-11T17:26:57.523Z"}
{"level":"info","message":"Entered into the signup workflow execute controller","service":"workflow-backend","timestamp":"2026-08-11T17:26:57.527Z"}
{"level":"info","message":"Entered into signup workflow execution service for email kiran.sadara6730@gmail.com","service":"workflow-backend","timestamp":"2026-08-11T17:26:57.527Z"}
{"level":"info","message":"Workflow found: Signup Flow, status: ACTIVE","service":"workflow-backend","timestamp":"2026-08-11T17:26:57.566Z"}
{"level":"info","message":"Workflow already processed for idempotent key 1eeef1b6-cd2a-4c6c-812d-ae557048fe28","service":"workflow-backend","timestamp":"2026-08-11T17:26:57.609Z"}
{"level":"info","message":"Singup Workflow for email kiran.sadara6730@gmail.com executed successfully ","service":"workflow-backend","timestamp":"2026-08-11T17:26:57.610Z"}
{"level":"info","message":"Entered into the signup workflow execute controller","service":"workflow-backend","timestamp":"2026-08-11T17:26:57.613Z"}
{"level":"info","message":"Entered into signup workflow execution service for email kiran.sadara6730@gmail.com","service":"workflow-backend","timestamp":"2026-08-11T17:26:57.614Z"}
{"level":"info","message":"Workflow found: Signup Flow, status: ACTIVE","service":"workflow-backend","timestamp":"2026-08-11T17:26:57.692Z"}
{"level":"info","message":"Workflow already processed for idempotent key 1eeef1b6-cd2a-4c6c-812d-ae557048fe28","service":"workflow-backend","timestamp":"2026-08-11T17:26:57.740Z"}
{"level":"info","message":"Singup Workflow for email kiran.sadara6730@gmail.com executed successfully ","service":"workflow-backend","timestamp":"2026-08-11T17:26:57.740Z"}
{"level":"info","message":"Entered into the signup workflow execute controller","service":"workflow-backend","timestamp":"2026-08-11T17:26:57.743Z"}
{"level":"info","message":"Entered into signup workflow execution service for email kiran.sadara6730@gmail.com","service":"workflow-backend","timestamp":"2026-08-11T17:26:57.743Z"}
{"level":"info","message":"Workflow found: Signup Flow, status: ACTIVE","service":"workflow-backend","timestamp":"2026-08-11T17:26:57.796Z"}
{"level":"info","message":"Workflow already processed for idempotent key 1eeef1b6-cd2a-4c6c-812d-ae557048fe28","service":"workflow-backend","timestamp":"2026-08-11T17:26:57.866Z"}
{"level":"info","message":"Singup Workflow for email kiran.sadara6730@gmail.com executed successfully ","service":"workflow-backend","timestamp":"2026-08-11T17:26:57.866Z"}
{"level":"info","message":"Entered into the signup workflow execute controller","service":"workflow-backend","timestamp":"2026-08-11T17:26:57.869Z"}
{"level":"info","message":"Entered into signup workflow execution service for email kiran.sadara6730@gmail.com","service":"workflow-backend","timestamp":"2026-08-11T17:26:57.870Z"}
{"level":"info","message":"Workflow found: Signup Flow, status: ACTIVE","service":"workflow-backend","timestamp":"2026-08-11T17:26:57.910Z"}
{"level":"info","message":"Workflow already processed for idempotent key 1eeef1b6-cd2a-4c6c-812d-ae557048fe28","service":"workflow-backend","timestamp":"2026-08-11T17:26:57.951Z"}
{"level":"info","message":"Singup Workflow for email kiran.sadara6730@gmail.com executed successfully ","service":"workflow-backend","timestamp":"2026-08-11T17:26:57.951Z"}
{"level":"info","message":"Entered into the signup workflow execute controller","service":"workflow-backend","timestamp":"2026-08-11T17:26:57.953Z"}
{"level":"info","message":"Entered into signup workflow execution service for email kiran.sadara6730@gmail.com","service":"workflow-backend","timestamp":"2026-08-11T17:26:57.954Z"}
{"level":"info","message":"Workflow found: Signup Flow, status: ACTIVE","service":"workflow-backend","timestamp":"2026-08-11T17:26:57.993Z"}
{"level":"info","message":"Workflow already processed for idempotent key 1eeef1b6-cd2a-4c6c-812d-ae557048fe28","service":"workflow-backend","timestamp":"2026-08-11T17:26:58.039Z"}
{"level":"info","message":"Singup Workflow for email kiran.sadara6730@gmail.com executed successfully ","service":"workflow-backend","timestamp":"2026-08-11T17:26:58.040Z"}
{"level":"info","message":"Entered into the signup workflow execute controller","service":"workflow-backend","timestamp":"2026-08-11T17:26:58.043Z"}
{"level":"info","message":"Entered into signup workflow execution service for email kiran.sadara6730@gmail.com","service":"workflow-backend","timestamp":"2026-08-11T17:26:58.043Z"}
{"level":"info","message":"Workflow found: Signup Flow, status: ACTIVE","service":"workflow-backend","timestamp":"2026-08-11T17:26:58.102Z"}
{"level":"info","message":"Workflow already processed for idempotent key 1eeef1b6-cd2a-4c6c-812d-ae557048fe28","service":"workflow-backend","timestamp":"2026-08-11T17:26:58.146Z"}
{"level":"info","message":"Singup Workflow for email kiran.sadara6730@gmail.com executed successfully ","service":"workflow-backend","timestamp":"2026-08-11T17:26:58.147Z"}
{"level":"info","message":"Entered into the signup workflow execute controller","service":"workflow-backend","timestamp":"2026-08-11T17:26:58.150Z"}
{"level":"info","message":"Entered into signup workflow execution service for email kiran.sadara6730@gmail.com","service":"workflow-backend","timestamp":"2026-08-11T17:26:58.151Z"}
{"level":"info","message":"Workflow found: Signup Flow, status: ACTIVE","service":"workflow-backend","timestamp":"2026-08-11T17:26:58.191Z"}
{"level":"info","message":"Workflow already processed for idempotent key 1eeef1b6-cd2a-4c6c-812d-ae557048fe28","service":"workflow-backend","timestamp":"2026-08-11T17:26:58.237Z"}
{"level":"info","message":"Singup Workflow for email kiran.sadara6730@gmail.com executed successfully ","service":"workflow-backend","timestamp":"2026-08-11T17:26:58.237Z"}
{"level":"info","message":"Entered into the signup workflow execute controller","service":"workflow-backend","timestamp":"2026-08-11T17:26:58.241Z"}
{"level":"info","message":"Entered into signup workflow execution service for email kiran.sadara6730@gmail.com","service":"workflow-backend","timestamp":"2026-08-11T17:26:58.241Z"}
{"level":"info","message":"Workflow found: Signup Flow, status: ACTIVE","service":"workflow-backend","timestamp":"2026-08-11T17:26:58.277Z"}
{"level":"info","message":"Workflow already processed for idempotent key 1eeef1b6-cd2a-4c6c-812d-ae557048fe28","service":"workflow-backend","timestamp":"2026-08-11T17:26:58.320Z"}
{"level":"info","message":"Singup Workflow for email kiran.sadara6730@gmail.com executed successfully ","service":"workflow-backend","timestamp":"2026-08-11T17:26:58.320Z"}
{"level":"info","message":"Entered into the signup workflow execute controller","service":"workflow-backend","timestamp":"2026-08-11T17:26:58.322Z"}
{"level":"info","message":"Entered into signup workflow execution service for email kiran.sadara6730@gmail.com","service":"workflow-backend","timestamp":"2026-08-11T17:26:58.323Z"}
{"level":"info","message":"Workflow found: Signup Flow, status: ACTIVE","service":"workflow-backend","timestamp":"2026-08-11T17:26:58.365Z"}
{"level":"info","message":"Workflow already processed for idempotent key 1eeef1b6-cd2a-4c6c-812d-ae557048fe28","service":"workflow-backend","timestamp":"2026-08-11T17:26:58.401Z"}
{"level":"info","message":"Singup Workflow for email kiran.sadara6730@gmail.com executed successfully ","service":"workflow-backend","timestamp":"2026-08-11T17:26:58.401Z"}
{"level":"info","message":"Entered into the signup workflow execute controller","service":"workflow-backend","timestamp":"2026-08-11T17:26:58.405Z"}
{"level":"info","message":"Entered into signup workflow execution service for email kiran.sadara6730@gmail.com","service":"workflow-backend","timestamp":"2026-08-11T17:26:58.405Z"}
{"level":"info","message":"Workflow found: Signup Flow, status: ACTIVE","service":"workflow-backend","timestamp":"2026-08-11T17:26:58.489Z"}
{"level":"info","message":"Workflow already processed for idempotent key 1eeef1b6-cd2a-4c6c-812d-ae557048fe28","service":"workflow-backend","timestamp":"2026-08-11T17:26:58.558Z"}
{"level":"info","message":"Singup Workflow for email kiran.sadara6730@gmail.com executed successfully ","service":"workflow-backend","timestamp":"2026-08-11T17:26:58.558Z"}
{"level":"info","message":"Entered into the signup workflow execute controller","service":"workflow-backend","timestamp":"2026-08-11T17:26:58.561Z"}
{"level":"info","message":"Entered into signup workflow execution service for email kiran.sadara6730@gmail.com","service":"workflow-backend","timestamp":"2026-08-11T17:26:58.561Z"}
{"level":"info","message":"Workflow found: Signup Flow, status: ACTIVE","service":"workflow-backend","timestamp":"2026-08-11T17:26:58.612Z"}
{"level":"info","message":"Workflow already processed for idempotent key 1eeef1b6-cd2a-4c6c-812d-ae557048fe28","service":"workflow-backend","timestamp":"2026-08-11T17:26:58.660Z"}
{"level":"info","message":"Singup Workflow for email kiran.sadara6730@gmail.com executed successfully ","service":"workflow-backend","timestamp":"2026-08-11T17:26:58.661Z"}
{"level":"info","message":"Entered into the signup workflow execute controller","service":"workflow-backend","timestamp":"2026-08-11T17:26:58.664Z"}
{"level":"info","message":"Entered into signup workflow execution service for email kiran.sadara6730@gmail.com","service":"workflow-backend","timestamp":"2026-08-11T17:26:58.664Z"}
{"level":"info","message":"Workflow found: Signup Flow, status: ACTIVE","service":"workflow-backend","timestamp":"2026-08-11T17:26:58.700Z"}
{"level":"info","message":"Workflow already processed for idempotent key 1eeef1b6-cd2a-4c6c-812d-ae557048fe28","service":"workflow-backend","timestamp":"2026-08-11T17:26:58.743Z"}
{"level":"info","message":"Singup Workflow for email kiran.sadara6730@gmail.com executed successfully ","service":"workflow-backend","timestamp":"2026-08-11T17:26:58.743Z"}
{"level":"info","message":"Entered into the signup workflow execute controller","service":"workflow-backend","timestamp":"2026-08-11T17:26:58.748Z"}
{"level":"info","message":"Entered into signup workflow execution service for email kiran.sadara6730@gmail.com","service":"workflow-backend","timestamp":"2026-08-11T17:26:58.748Z"}
{"level":"info","message":"Workflow found: Signup Flow, status: ACTIVE","service":"workflow-backend","timestamp":"2026-08-11T17:26:58.791Z"}
{"level":"info","message":"Workflow already processed for idempotent key 1eeef1b6-cd2a-4c6c-812d-ae557048fe28","service":"workflow-backend","timestamp":"2026-08-11T17:26:58.828Z"}
{"level":"info","message":"Singup Workflow for email kiran.sadara6730@gmail.com executed successfully ","service":"workflow-backend","timestamp":"2026-08-11T17:26:58.828Z"}
{"level":"info","message":"Entered into the signup workflow execute controller","service":"workflow-backend","timestamp":"2026-08-11T17:26:58.832Z"}
{"level":"info","message":"Entered into signup workflow execution service for email kiran.sadara6730@gmail.com","service":"workflow-backend","timestamp":"2026-08-11T17:26:58.832Z"}
{"level":"info","message":"Workflow found: Signup Flow, status: ACTIVE","service":"workflow-backend","timestamp":"2026-08-11T17:26:58.877Z"}
{"level":"info","message":"Workflow already processed for idempotent key 1eeef1b6-cd2a-4c6c-812d-ae557048fe28","service":"workflow-backend","timestamp":"2026-08-11T17:26:58.918Z"}
{"level":"info","message":"Singup Workflow for email kiran.sadara6730@gmail.com executed successfully ","service":"workflow-backend","timestamp":"2026-08-11T17:26:58.919Z"}
{"level":"info","message":"Entered into the signup workflow execute controller","service":"workflow-backend","timestamp":"2026-08-11T17:26:58.922Z"}
{"level":"info","message":"Entered into signup workflow execution service for email kiran.sadara6730@gmail.com","service":"workflow-backend","timestamp":"2026-08-11T17:26:58.922Z"}
{"level":"info","message":"Workflow found: Signup Flow, status: ACTIVE","service":"workflow-backend","timestamp":"2026-08-11T17:26:58.964Z"}
{"level":"info","message":"Workflow already processed for idempotent key 1eeef1b6-cd2a-4c6c-812d-ae557048fe28","service":"workflow-backend","timestamp":"2026-08-11T17:26:59.017Z"}
{"level":"info","message":"Singup Workflow for email kiran.sadara6730@gmail.com executed successfully ","service":"workflow-backend","timestamp":"2026-08-11T17:26:59.018Z"}
{"level":"info","message":"Entered into the signup workflow execute controller","service":"workflow-backend","timestamp":"2026-08-11T17:26:59.021Z"}
{"level":"info","message":"Entered into signup workflow execution service for email kiran.sadara6730@gmail.com","service":"workflow-backend","timestamp":"2026-08-11T17:26:59.022Z"}
{"level":"info","message":"Workflow found: Signup Flow, status: ACTIVE","service":"workflow-backend","timestamp":"2026-08-11T17:26:59.072Z"}
{"level":"info","message":"Workflow already processed for idempotent key 1eeef1b6-cd2a-4c6c-812d-ae557048fe28","service":"workflow-backend","timestamp":"2026-08-11T17:26:59.126Z"}
{"level":"info","message":"Singup Workflow for email kiran.sadara6730@gmail.com executed successfully ","service":"workflow-backend","timestamp":"2026-08-11T17:26:59.126Z"}
{"level":"info","message":"Entered into the signup workflow execute controller","service":"workflow-backend","timestamp":"2026-08-11T17:26:59.130Z"}
{"level":"info","message":"Entered into signup workflow execution service for email kiran.sadara6730@gmail.com","service":"workflow-backend","timestamp":"2026-08-11T17:26:59.131Z"}
{"level":"info","message":"Workflow found: Signup Flow, status: ACTIVE","service":"workflow-backend","timestamp":"2026-08-11T17:26:59.503Z"}
{"level":"info","message":"Workflow already processed for idempotent key 1eeef1b6-cd2a-4c6c-812d-ae557048fe28","service":"workflow-backend","timestamp":"2026-08-11T17:26:59.539Z"}
{"level":"info","message":"Singup Workflow for email kiran.sadara6730@gmail.com executed successfully ","service":"workflow-backend","timestamp":"2026-08-11T17:26:59.540Z"}
{"level":"info","message":"Entered into the signup workflow execute controller","service":"workflow-backend","timestamp":"2026-08-11T17:26:59.543Z"}
{"level":"info","message":"Entered into signup workflow execution service for email kiran.sadara6730@gmail.com","service":"workflow-backend","timestamp":"2026-08-11T17:26:59.543Z"}
{"level":"info","message":"Workflow found: Signup Flow, status: ACTIVE","service":"workflow-backend","timestamp":"2026-08-11T17:26:59.580Z"}
{"level":"info","message":"Workflow already processed for idempotent key 1eeef1b6-cd2a-4c6c-812d-ae557048fe28","service":"workflow-backend","timestamp":"2026-08-11T17:26:59.629Z"}
{"level":"info","message":"Singup Workflow for email kiran.sadara6730@gmail.com executed successfully ","service":"workflow-backend","timestamp":"2026-08-11T17:26:59.630Z"}
{"level":"info","message":"Entered into the signup workflow execute controller","service":"workflow-backend","timestamp":"2026-08-11T17:26:59.635Z"}
{"level":"info","message":"Entered into signup workflow execution service for email kiran.sadara6730@gmail.com","service":"workflow-backend","timestamp":"2026-08-11T17:26:59.635Z"}
{"level":"info","message":"Workflow found: Signup Flow, status: ACTIVE","service":"workflow-backend","timestamp":"2026-08-11T17:27:00.017Z"}
{"level":"info","message":"Workflow already processed for idempotent key 1eeef1b6-cd2a-4c6c-812d-ae557048fe28","service":"workflow-backend","timestamp":"2026-08-11T17:27:00.095Z"}
{"level":"info","message":"Singup Workflow for email kiran.sadara6730@gmail.com executed successfully ","service":"workflow-backend","timestamp":"2026-08-11T17:27:00.096Z"}
{"level":"info","message":"Entered into the signup workflow execute controller","service":"workflow-backend","timestamp":"2026-08-11T17:27:00.099Z"}
{"level":"info","message":"Entered into signup workflow execution service for email kiran.sadara6730@gmail.com","service":"workflow-backend","timestamp":"2026-08-11T17:27:00.099Z"}
{"level":"info","message":"Workflow found: Signup Flow, status: ACTIVE","service":"workflow-backend","timestamp":"2026-08-11T17:27:00.135Z"}
{"level":"info","message":"Workflow already processed for idempotent key 1eeef1b6-cd2a-4c6c-812d-ae557048fe28","service":"workflow-backend","timestamp":"2026-08-11T17:27:00.173Z"}
{"level":"info","message":"Singup Workflow for email kiran.sadara6730@gmail.com executed successfully ","service":"workflow-backend","timestamp":"2026-08-11T17:27:00.174Z"}
{"level":"info","message":"Entered into the signup workflow execute controller","service":"workflow-backend","timestamp":"2026-08-11T17:27:00.177Z"}
{"level":"info","message":"Entered into signup workflow execution service for email kiran.sadara6730@gmail.com","service":"workflow-backend","timestamp":"2026-08-11T17:27:00.178Z"}
{"level":"info","message":"Workflow found: Signup Flow, status: ACTIVE","service":"workflow-backend","timestamp":"2026-08-11T17:27:00.238Z"}
{"level":"info","message":"Workflow already processed for idempotent key 1eeef1b6-cd2a-4c6c-812d-ae557048fe28","service":"workflow-backend","timestamp":"2026-08-11T17:27:00.300Z"}
{"level":"info","message":"Singup Workflow for email kiran.sadara6730@gmail.com executed successfully ","service":"workflow-backend","timestamp":"2026-08-11T17:27:00.301Z"}
{"level":"info","message":"Entered into the signup workflow execute controller","service":"workflow-backend","timestamp":"2026-08-11T17:27:00.305Z"}
{"level":"info","message":"Entered into signup workflow execution service for email kiran.sadara6730@gmail.com","service":"workflow-backend","timestamp":"2026-08-11T17:27:00.306Z"}
{"level":"info","message":"Workflow found: Signup Flow, status: ACTIVE","service":"workflow-backend","timestamp":"2026-08-11T17:27:00.878Z"}
{"level":"info","message":"Workflow already processed for idempotent key 1eeef1b6-cd2a-4c6c-812d-ae557048fe28","service":"workflow-backend","timestamp":"2026-08-11T17:27:00.914Z"}
{"level":"info","message":"Singup Workflow for email kiran.sadara6730@gmail.com executed successfully ","service":"workflow-backend","timestamp":"2026-08-11T17:27:00.915Z"}
{"level":"info","message":"Entered into the signup workflow execute controller","service":"workflow-backend","timestamp":"2026-08-11T17:27:00.919Z"}
{"level":"info","message":"Entered into signup workflow execution service for email kiran.sadara6730@gmail.com","service":"workflow-backend","timestamp":"2026-08-11T17:27:00.920Z"}
{"level":"info","message":"Workflow found: Signup Flow, status: ACTIVE","service":"workflow-backend","timestamp":"2026-08-11T17:27:00.967Z"}
{"level":"info","message":"Workflow already processed for idempotent key 1eeef1b6-cd2a-4c6c-812d-ae557048fe28","service":"workflow-backend","timestamp":"2026-08-11T17:27:01.000Z"}
{"level":"info","message":"Singup Workflow for email kiran.sadara6730@gmail.com executed successfully ","service":"workflow-backend","timestamp":"2026-08-11T17:27:01.000Z"}
{"level":"info","message":"Entered into the signup workflow execute controller","service":"workflow-backend","timestamp":"2026-08-11T17:27:01.004Z"}
{"level":"info","message":"Entered into signup workflow execution service for email kiran.sadara6730@gmail.com","service":"workflow-backend","timestamp":"2026-08-11T17:27:01.004Z"}
{"level":"info","message":"Workflow found: Signup Flow, status: ACTIVE","service":"workflow-backend","timestamp":"2026-08-11T17:27:01.040Z"}
{"level":"info","message":"Workflow already processed for idempotent key 1eeef1b6-cd2a-4c6c-812d-ae557048fe28","service":"workflow-backend","timestamp":"2026-08-11T17:27:01.080Z"}
{"level":"info","message":"Singup Workflow for email kiran.sadara6730@gmail.com executed successfully ","service":"workflow-backend","timestamp":"2026-08-11T17:27:01.081Z"}
{"level":"info","message":"Entered into the signup workflow execute controller","service":"workflow-backend","timestamp":"2026-08-11T17:27:01.084Z"}
{"level":"info","message":"Entered into signup workflow execution service for email kiran.sadara6730@gmail.com","service":"workflow-backend","timestamp":"2026-08-11T17:27:01.084Z"}
{"level":"info","message":"Workflow found: Signup Flow, status: ACTIVE","service":"workflow-backend","timestamp":"2026-08-11T17:27:01.169Z"}
{"level":"info","message":"Workflow already processed for idempotent key 1eeef1b6-cd2a-4c6c-812d-ae557048fe28","service":"workflow-backend","timestamp":"2026-08-11T17:27:01.261Z"}
{"level":"info","message":"Singup Workflow for email kiran.sadara6730@gmail.com executed successfully ","service":"workflow-backend","timestamp":"2026-08-11T17:27:01.261Z"}
{"level":"info","message":"Entered into the signup workflow execute controller","service":"workflow-backend","timestamp":"2026-08-11T17:27:01.264Z"}
{"level":"info","message":"Entered into signup workflow execution service for email kiran.sadara6730@gmail.com","service":"workflow-backend","timestamp":"2026-08-11T17:27:01.264Z"}
{"level":"info","message":"Workflow found: Signup Flow, status: ACTIVE","service":"workflow-backend","timestamp":"2026-08-11T17:27:01.336Z"}
{"level":"info","message":"Workflow already processed for idempotent key 1eeef1b6-cd2a-4c6c-812d-ae557048fe28","service":"workflow-backend","timestamp":"2026-08-11T17:27:01.565Z"}
{"level":"info","message":"Singup Workflow for email kiran.sadara6730@gmail.com executed successfully ","service":"workflow-backend","timestamp":"2026-08-11T17:27:01.566Z"}
{"level":"info","message":"Entered into the signup workflow execute controller","service":"workflow-backend","timestamp":"2026-08-11T17:27:01.571Z"}
{"level":"info","message":"Entered into signup workflow execution service for email kiran.sadara6730@gmail.com","service":"workflow-backend","timestamp":"2026-08-11T17:27:01.572Z"}
{"level":"info","message":"Workflow found: Signup Flow, status: ACTIVE","service":"workflow-backend","timestamp":"2026-08-11T17:27:01.664Z"}
{"level":"info","message":"Workflow already processed for idempotent key 1eeef1b6-cd2a-4c6c-812d-ae557048fe28","service":"workflow-backend","timestamp":"2026-08-11T17:27:01.742Z"}
{"level":"info","message":"Singup Workflow for email kiran.sadara6730@gmail.com executed successfully ","service":"workflow-backend","timestamp":"2026-08-11T17:27:01.742Z"}
{"level":"info","message":"Entered into the signup workflow execute controller","service":"workflow-backend","timestamp":"2026-08-11T17:27:01.747Z"}
{"level":"info","message":"Entered into signup workflow execution service for email kiran.sadara6730@gmail.com","service":"workflow-backend","timestamp":"2026-08-11T17:27:01.747Z"}
{"level":"info","message":"Workflow found: Signup Flow, status: ACTIVE","service":"workflow-backend","timestamp":"2026-08-11T17:27:01.792Z"}
{"level":"info","message":"Workflow already processed for idempotent key 1eeef1b6-cd2a-4c6c-812d-ae557048fe28","service":"workflow-backend","timestamp":"2026-08-11T17:27:01.846Z"}
{"level":"info","message":"Singup Workflow for email kiran.sadara6730@gmail.com executed successfully ","service":"workflow-backend","timestamp":"2026-08-11T17:27:01.846Z"}
{"level":"info","message":"Entered into the signup workflow execute controller","service":"workflow-backend","timestamp":"2026-08-11T17:27:01.850Z"}
{"level":"info","message":"Entered into signup workflow execution service for email kiran.sadara6730@gmail.com","service":"workflow-backend","timestamp":"2026-08-11T17:27:01.851Z"}
{"level":"info","message":"Workflow found: Signup Flow, status: ACTIVE","service":"workflow-backend","timestamp":"2026-08-11T17:27:01.916Z"}
{"level":"info","message":"Workflow already processed for idempotent key 1eeef1b6-cd2a-4c6c-812d-ae557048fe28","service":"workflow-backend","timestamp":"2026-08-11T17:27:01.956Z"}
{"level":"info","message":"Singup Workflow for email kiran.sadara6730@gmail.com executed successfully ","service":"workflow-backend","timestamp":"2026-08-11T17:27:01.958Z"}
{"level":"info","message":"MongoDB is connected","service":"workflow-backend","timestamp":"2026-08-11T17:27:39.621Z"}
{"level":"info","message":"WorkFlow Server is running on PORT 5000","service":"workflow-backend","timestamp":"2026-08-11T17:27:39.709Z"}
{"level":"info","message":"Entered into the signup workflow execute controller","service":"workflow-backend","timestamp":"2026-08-11T17:27:55.508Z"}
{"level":"info","message":"Entered into signup workflow execution service for email kiran.sadara6730@gmail.com","service":"workflow-backend","timestamp":"2026-08-11T17:27:55.510Z"}
{"level":"info","message":"Workflow found: Signup Flow, status: ACTIVE","service":"workflow-backend","timestamp":"2026-08-11T17:27:55.630Z"}
{"level":"info","message":"Workflow already processed for idempotent key 1eeef1b6-cd2a-4c6c-812d-ae557048fe28","service":"workflow-backend","timestamp":"2026-08-11T17:27:55.684Z"}
{"level":"info","message":"Singup Workflow for email kiran.sadara6730@gmail.com executed successfully ","service":"workflow-backend","timestamp":"2026-08-11T17:27:55.685Z"}
{"level":"info","message":"Entered into the signup workflow execute controller","service":"workflow-backend","timestamp":"2026-08-11T17:27:58.652Z"}
{"level":"info","message":"Entered into signup workflow execution service for email kiran.sadara6730@gmail.com","service":"workflow-backend","timestamp":"2026-08-11T17:27:58.653Z"}
{"level":"info","message":"Workflow found: Signup Flow, status: ACTIVE","service":"workflow-backend","timestamp":"2026-08-11T17:27:58.784Z"}
{"level":"info","message":"Workflow execution status set to RUNNING","service":"workflow-backend","timestamp":"2026-08-11T17:27:59.277Z"}
{"level":"info","message":"Workflow engine started for workflow Signup Flow","service":"workflow-backend","timestamp":"2026-08-11T17:27:59.278Z"}
{"level":"info","message":"Starting workflow from node 1","service":"workflow-backend","timestamp":"2026-08-11T17:27:59.278Z"}
{"level":"info","message":"Executing node 1 of type START","service":"workflow-backend","timestamp":"2026-08-11T17:27:59.279Z"}
{"level":"info","message":"Start node executed","service":"workflow-backend","timestamp":"2026-08-11T17:27:59.279Z"}
{"level":"info","message":"workflow of type { id: '1', type: 'START' } executed successfully","service":"workflow-backend","timestamp":"2026-08-11T17:27:59.280Z"}
{"level":"info","message":"Executing node 2 of type EMAIL","service":"workflow-backend","timestamp":"2026-08-11T17:27:59.281Z"}
{"level":"info","message":"Email node started","service":"workflow-backend","timestamp":"2026-08-11T17:27:59.281Z"}
{"level":"info","message":"Entered into mail handler for email kiran.sadara6730@gmail.com","service":"workflow-backend","timestamp":"2026-08-11T17:27:59.281Z"}
{"level":"info","message":"Email sent successfully kiran.sadara6730@gmail.com","service":"workflow-backend","timestamp":"2026-08-11T17:28:08.737Z"}
{"level":"info","message":"Email node executed successfully","service":"workflow-backend","timestamp":"2026-08-11T17:28:08.738Z"}
{"level":"info","message":"workflow of type {\n  id: '2',\n  type: 'EMAIL',\n  config: { subject: 'Welcome to our platform' }\n} executed successfully","service":"workflow-backend","timestamp":"2026-08-11T17:28:08.739Z"}
{"level":"info","message":"Executing node 3 of type END","service":"workflow-backend","timestamp":"2026-08-11T17:28:08.739Z"}
{"level":"info","message":"End node executed","service":"workflow-backend","timestamp":"2026-08-11T17:28:08.740Z"}
{"level":"info","message":"workflow of type { id: '3', type: 'END' } executed successfully","service":"workflow-backend","timestamp":"2026-08-11T17:28:08.741Z"}
{"level":"info","message":"Workflow Signup Flow reached END node","service":"workflow-backend","timestamp":"2026-08-11T17:28:08.741Z"}
{"level":"info","message":"Signup workflow completed successfully for kiran.sadara6730@gmail.com","service":"workflow-backend","timestamp":"2026-08-11T17:28:08.801Z"}
{"level":"info","message":"Singup Workflow for email kiran.sadara6730@gmail.com executed successfully ","service":"workflow-backend","timestamp":"2026-08-11T17:28:08.801Z"}
