{"level":"info","message":"kafka connected","service":"user-backend","timestamp":"2026-08-11T12:35:34.409Z"}
{"level":"info","message":"MongoDB is connected","service":"user-backend","timestamp":"2026-08-11T12:35:35.718Z"}
{"level":"info","message":"Kafka Workflow consumer is connected","service":"user-backend","timestamp":"2026-08-11T12:35:36.176Z"}
{"level":"info","message":"Kafka Workflow producer is connected","service":"user-backend","timestamp":"2026-08-11T12:35:37.141Z"}
{"level":"info","message":"Users backend server is running in PORT 5001","service":"user-backend","timestamp":"2026-08-11T12:35:37.267Z"}
{"level":"info","message":"kafka connected","service":"user-backend","timestamp":"2026-08-11T12:36:27.381Z"}
{"level":"info","message":"MongoDB is connected","service":"user-backend","timestamp":"2026-08-11T12:36:28.372Z"}
{"level":"info","message":"Kafka Workflow consumer is connected","service":"user-backend","timestamp":"2026-08-11T12:36:28.502Z"}
{"level":"info","message":"Kafka Workflow producer is connected","service":"user-backend","timestamp":"2026-08-11T12:36:31.656Z"}
{"level":"info","message":"Users backend server is running in PORT 5001","service":"user-backend","timestamp":"2026-08-11T12:36:31.758Z"}
{"level":"info","message":"kafka connected","service":"user-backend","timestamp":"2026-08-11T12:37:47.167Z"}
{"level":"info","message":"MongoDB is connected","service":"user-backend","timestamp":"2026-08-11T12:37:48.212Z"}
{"level":"info","message":"Kafka Workflow consumer is connected","service":"user-backend","timestamp":"2026-08-11T12:37:48.341Z"}
{"level":"info","message":"Kafka Workflow producer is connected","service":"user-backend","timestamp":"2026-08-11T12:37:48.680Z"}
{"level":"info","message":"Users backend server is running in PORT 5001","service":"user-backend","timestamp":"2026-08-11T12:37:48.718Z"}
{"level":"info","message":"kafka connected","service":"user-backend","timestamp":"2026-08-11T12:38:38.200Z"}
{"level":"info","message":"kafka connected","service":"user-backend","timestamp":"2026-08-11T12:38:48.395Z"}
{"level":"info","message":"MongoDB is connected","service":"user-backend","timestamp":"2026-08-11T12:38:49.117Z"}
{"level":"info","message":"Kafka Workflow consumer is connected","service":"user-backend","timestamp":"2026-08-11T12:38:49.173Z"}
{"level":"info","message":"Kafka Workflow producer is connected","service":"user-backend","timestamp":"2026-08-11T12:38:49.399Z"}
{"level":"info","message":"Users backend server is running in PORT 5001","service":"user-backend","timestamp":"2026-08-11T12:38:49.456Z"}
{"level":"info","message":"kafka connected","service":"user-backend","timestamp":"2026-08-11T12:39:32.058Z"}
{"level":"info","message":"MongoDB is connected","service":"user-backend","timestamp":"2026-08-11T12:39:32.806Z"}
{"level":"info","message":"Kafka Workflow consumer is connected","service":"user-backend","timestamp":"2026-08-11T12:39:33.024Z"}
{"level":"info","message":"Kafka Workflow producer is connected","service":"user-backend","timestamp":"2026-08-11T12:39:33.581Z"}
{"level":"info","message":"Users backend server is running in PORT 5001","service":"user-backend","timestamp":"2026-08-11T12:39:33.713Z"}
{"level":"info","message":"kafka connected","service":"user-backend","timestamp":"2026-08-11T12:40:05.078Z"}
{"level":"info","message":"MongoDB is connected","service":"user-backend","timestamp":"2026-08-11T12:40:06.052Z"}
{"level":"info","message":"Kafka Workflow consumer is connected","service":"user-backend","timestamp":"2026-08-11T12:40:06.821Z"}
{"level":"info","message":"Kafka Workflow producer is connected","service":"user-backend","timestamp":"2026-08-11T12:40:14.212Z"}
{"level":"info","message":"Users backend server is running in PORT 5001","service":"user-backend","timestamp":"2026-08-11T12:40:14.388Z"}
{"level":"info","message":"kafka connected","service":"user-backend","timestamp":"2026-08-11T12:40:32.579Z"}
{"level":"info","message":"MongoDB is connected","service":"user-backend","timestamp":"2026-08-11T12:40:35.113Z"}
{"level":"info","message":"Kafka Workflow consumer is connected","service":"user-backend","timestamp":"2026-08-11T12:40:35.827Z"}
{"level":"info","message":"kafka connected","service":"user-backend","timestamp":"2026-08-11T12:40:56.837Z"}
{"level":"info","message":"MongoDB is connected","service":"user-backend","timestamp":"2026-08-11T12:40:57.397Z"}
{"level":"info","message":"Kafka Workflow consumer is connected","service":"user-backend","timestamp":"2026-08-11T12:40:57.417Z"}
{"level":"info","message":"Kafka Workflow producer is connected","service":"user-backend","timestamp":"2026-08-11T12:41:14.248Z"}
{"level":"info","message":"Users backend server is running in PORT 5001","service":"user-backend","timestamp":"2026-08-11T12:41:14.353Z"}
{"level":"info","message":"kafka connected","service":"user-backend","timestamp":"2026-08-11T12:43:47.104Z"}
{"level":"info","message":"MongoDB is connected","service":"user-backend","timestamp":"2026-08-11T12:43:47.986Z"}
{"level":"info","message":"Kafka Workflow consumer is connected","service":"user-backend","timestamp":"2026-08-11T12:43:48.205Z"}
{"level":"info","message":"Kafka Workflow producer is connected","service":"user-backend","timestamp":"2026-08-11T12:43:48.742Z"}
{"level":"info","message":"Users backend server is running in PORT 5001","service":"user-backend","timestamp":"2026-08-11T12:43:48.783Z"}
{"level":"info","message":"kafka connected","service":"user-backend","timestamp":"2026-08-11T12:44:06.543Z"}
{"level":"info","message":"MongoDB is connected","service":"user-backend","timestamp":"2026-08-11T12:44:07.380Z"}
{"level":"info","message":"Kafka Workflow consumer is connected","service":"user-backend","timestamp":"2026-08-11T12:44:07.438Z"}
{"level":"info","message":"kafka connected","service":"user-backend","timestamp":"2026-08-11T12:45:22.860Z"}
{"level":"info","message":"MongoDB is connected","service":"user-backend","timestamp":"2026-08-11T12:45:24.027Z"}
{"level":"info","message":"Kafka Workflow consumer is connected","service":"user-backend","timestamp":"2026-08-11T12:45:24.183Z"}
{"level":"info","message":"Kafka Workflow producer is connected","service":"user-backend","timestamp":"2026-08-11T12:45:24.729Z"}
{"level":"info","message":"Users backend server is running in PORT 5001","service":"user-backend","timestamp":"2026-08-11T12:45:24.790Z"}
{"level":"info","message":"kafka connected","service":"user-backend","timestamp":"2026-08-11T12:45:45.022Z"}
{"level":"info","message":"MongoDB is connected","service":"user-backend","timestamp":"2026-08-11T12:45:45.682Z"}
{"level":"info","message":"Kafka Workflow consumer is connected","service":"user-backend","timestamp":"2026-08-11T12:45:45.801Z"}
{"level":"info","message":"Kafka Workflow producer is connected","service":"user-backend","timestamp":"2026-08-11T12:46:00.080Z"}
{"level":"info","message":"Users backend server is running in PORT 5001","service":"user-backend","timestamp":"2026-08-11T12:46:00.157Z"}
{"level":"info","message":"kafka connected","service":"user-backend","timestamp":"2026-08-11T12:49:16.439Z"}
{"level":"info","message":"MongoDB is connected","service":"user-backend","timestamp":"2026-08-11T12:49:17.120Z"}
{"level":"info","message":"Kafka Workflow consumer is connected","service":"user-backend","timestamp":"2026-08-11T12:49:17.209Z"}
{"level":"info","message":"Kafka Workflow producer is connected","service":"user-backend","timestamp":"2026-08-11T12:49:17.433Z"}
{"level":"info","message":"Users backend server is running in PORT 5001","service":"user-backend","timestamp":"2026-08-11T12:49:17.513Z"}
{"level":"info","message":"kafka connected","service":"user-backend","timestamp":"2026-08-11T12:50:05.509Z"}
{"level":"info","message":"kafka connected","service":"user-backend","timestamp":"2026-08-11T12:50:10.688Z"}
{"level":"info","message":"MongoDB is connected","service":"user-backend","timestamp":"2026-08-11T12:50:11.607Z"}
{"level":"info","message":"Kafka Workflow consumer is connected","service":"user-backend","timestamp":"2026-08-11T12:50:11.728Z"}
{"level":"info","message":"Kafka Workflow producer is connected","service":"user-backend","timestamp":"2026-08-11T12:50:11.972Z"}
{"level":"info","message":"Users backend server is running in PORT 5001","service":"user-backend","timestamp":"2026-08-11T12:50:12.001Z"}
{"level":"info","message":"kafka connected","service":"user-backend","timestamp":"2026-08-11T12:50:33.712Z"}
{"level":"info","message":"kafka connected","service":"user-backend","timestamp":"2026-08-11T12:50:36.741Z"}
{"level":"info","message":"MongoDB is connected","service":"user-backend","timestamp":"2026-08-11T12:50:37.333Z"}
{"level":"info","message":"Kafka Workflow consumer is connected","service":"user-backend","timestamp":"2026-08-11T12:50:37.459Z"}
{"level":"info","message":"Kafka Workflow producer is connected","service":"user-backend","timestamp":"2026-08-11T12:50:52.150Z"}
{"level":"info","message":"Users backend server is running in PORT 5001","service":"user-backend","timestamp":"2026-08-11T12:50:52.188Z"}
{"level":"info","message":"kafka connected","service":"user-backend","timestamp":"2026-08-11T12:54:05.719Z"}
{"level":"info","message":"MongoDB is connected","service":"user-backend","timestamp":"2026-08-11T12:54:06.395Z"}
{"level":"info","message":"Kafka Workflow consumer is connected","service":"user-backend","timestamp":"2026-08-11T12:54:06.432Z"}
{"level":"info","message":"Kafka Workflow producer is connected","service":"user-backend","timestamp":"2026-08-11T12:54:14.881Z"}
{"level":"info","message":"Users backend server is running in PORT 5001","service":"user-backend","timestamp":"2026-08-11T12:54:14.923Z"}
{"email":"kiran.sadara6730@gmail.com","level":"info","message":"Sign up request received","service":"user-backend","timestamp":"2026-08-11T16:39:29.945Z","username":"kiran_24"}
{"email":"kiran.sadara6730@gmail.com","level":"info","message":"Registering new user","service":"user-backend","timestamp":"2026-08-11T16:39:29.951Z","username":"kiran_24"}
{"error":{},"level":"error","message":"Error during sign up","service":"user-backend","timestamp":"2026-08-11T16:39:30.545Z"}
{"error":"crypto.randomUUIDv7 is not a function","level":"error","message":"Sign up error","service":"user-backend","stack":"TypeError: crypto.randomUUIDv7 is not a function\n    at AuthService.signupService (F:\\projects\\other\\small_poc's\\workflow\\user_backend\\src\\services\\user.auth.service.ts:89:39)\n    at async AuthController.SignupController (F:\\projects\\other\\small_poc's\\workflow\\user_backend\\src\\controllers\\user.auth.controller.ts:82:23)","timestamp":"2026-08-11T16:39:30.548Z"}
{"level":"info","message":"kafka connected","service":"user-backend","timestamp":"2026-08-11T16:40:38.370Z"}
{"level":"info","message":"MongoDB is connected","service":"user-backend","timestamp":"2026-08-11T16:40:39.834Z"}
{"level":"info","message":"Kafka Workflow consumer is connected","service":"user-backend","timestamp":"2026-08-11T16:40:40.981Z"}
{"level":"info","message":"Kafka Workflow producer is connected","service":"user-backend","timestamp":"2026-08-11T16:40:41.853Z"}
{"level":"info","message":"Users backend server is running in PORT 5001","service":"user-backend","timestamp":"2026-08-11T16:40:41.936Z"}
{"email":"kiran.sadara6730@gmail.com","level":"info","message":"Sign up request received","service":"user-backend","timestamp":"2026-08-11T16:40:48.534Z","username":"kiran_24"}
{"email":"kiran.sadara6730@gmail.com","level":"info","message":"Registering new user","service":"user-backend","timestamp":"2026-08-11T16:40:48.535Z","username":"kiran_24"}
{"error":{"code":"ERR_INVALID_ARG_TYPE"},"level":"error","message":"Error during sign up","service":"user-backend","timestamp":"2026-08-11T16:40:48.783Z"}
{"error":"The \"string\" argument must be of type string or an instance of Buffer or ArrayBuffer. Received function randomUUID","level":"error","message":"Sign up error","service":"user-backend","stack":"TypeError [ERR_INVALID_ARG_TYPE]: The \"string\" argument must be of type string or an instance of Buffer or ArrayBuffer. Received function randomUUID\n    at Function.byteLength (node:buffer:777:11)\n    at Encoder.sizeOfVarIntBytes (F:\\projects\\other\\small_poc's\\workflow\\user_backend\\node_modules\\kafkajs\\src\\protocol\\encoder.js:49:46)\n    at module.exports (F:\\projects\\other\\small_poc's\\workflow\\user_backend\\node_modules\\kafkajs\\src\\protocol\\recordBatch\\record\\v0\\index.js:36:13)\n    at F:\\projects\\other\\small_poc's\\workflow\\user_backend\\node_modules\\kafkajs\\src\\protocol\\requests\\produce\\v3\\request.js:96:5\n    at Array.map (<anonymous>)\n    at F:\\projects\\other\\small_poc's\\workflow\\user_backend\\node_modules\\kafkajs\\src\\protocol\\requests\\produce\\v3\\request.js:95:28\n    at F:\\projects\\other\\small_poc's\\workflow\\user_backend\\node_modules\\kafkajs\\src\\protocol\\requests\\produce\\v3\\request.js:70:13\n    at encode (F:\\projects\\other\\small_poc's\\workflow\\user_backend\\node_modules\\kafkajs\\src\\protocol\\requests\\produce\\v3\\request.js:46:15)\n    at module.exports (F:\\projects\\other\\small_poc's\\workflow\\user_backend\\node_modules\\kafkajs\\src\\protocol\\request.js:4:25)\n    at sendRequest (F:\\projects\\other\\small_poc's\\workflow\\user_backend\\node_modules\\kafkajs\\src\\network\\connection.js:391:36)","timestamp":"2026-08-11T16:40:48.785Z"}
{"level":"info","message":"kafka connected","service":"user-backend","timestamp":"2026-08-11T16:41:42.324Z"}
{"level":"info","message":"MongoDB is connected","service":"user-backend","timestamp":"2026-08-11T16:41:43.215Z"}
{"level":"info","message":"Kafka Workflow consumer is connected","service":"user-backend","timestamp":"2026-08-11T16:41:43.664Z"}
{"level":"info","message":"Kafka Workflow producer is connected","service":"user-backend","timestamp":"2026-08-11T16:41:48.090Z"}
{"level":"info","message":"Users backend server is running in PORT 5001","service":"user-backend","timestamp":"2026-08-11T16:41:48.172Z"}
{"email":"kiran.sadara6730@gmail.com","level":"info","message":"Sign up request received","service":"user-backend","timestamp":"2026-08-11T16:41:50.795Z","username":"kiran_24"}
{"email":"kiran.sadara6730@gmail.com","level":"info","message":"Registering new user","service":"user-backend","timestamp":"2026-08-11T16:41:50.796Z","username":"kiran_24"}
{"email":"kiran.sadara6730@gmail.com","level":"info","message":"User registered successfully","service":"user-backend","timestamp":"2026-08-11T16:41:52.075Z","username":"kiran_24"}
{"email":"kiran.sadara6730@gmail.com","level":"info","message":"User registered successfully","service":"user-backend","timestamp":"2026-08-11T16:41:52.076Z","username":"kiran_24"}
{"level":"info","message":"Error occured while sending the data kiran.sadara6730@gmail.com to signup workflow","service":"user-backend","timestamp":"2026-08-11T16:43:17.957Z"}
{"level":"info","message":"Error occured while sending the data kiran.sadara6730@gmail.com to signup workflow","service":"user-backend","timestamp":"2026-08-11T16:43:17.987Z"}
{"level":"info","message":"Error occured while sending the data kiran.sadara6730@gmail.com to signup workflow","service":"user-backend","timestamp":"2026-08-11T16:43:17.994Z"}
{"level":"info","message":"Error occured while sending the data kiran.sadara6730@gmail.com to signup workflow","service":"user-backend","timestamp":"2026-08-11T16:43:18.523Z"}
{"level":"info","message":"Error occured while sending the data kiran.sadara6730@gmail.com to signup workflow","service":"user-backend","timestamp":"2026-08-11T16:43:18.528Z"}
{"level":"info","message":"Error occured while sending the data kiran.sadara6730@gmail.com to signup workflow","service":"user-backend","timestamp":"2026-08-11T16:43:18.534Z"}
{"email":"kiran.sadara6730@gmail.com","level":"info","message":"Sign up request received","service":"user-backend","timestamp":"2026-08-11T16:46:23.489Z","username":"kiran_24"}
{"email":"kiran.sadara6730@gmail.com","level":"info","message":"Registering new user","service":"user-backend","timestamp":"2026-08-11T16:46:23.500Z","username":"kiran_24"}
{"email":"kiran.sadara6730@gmail.com","level":"info","message":"User registered successfully","service":"user-backend","timestamp":"2026-08-11T16:46:23.899Z","username":"kiran_24"}
{"email":"kiran.sadara6730@gmail.com","level":"info","message":"User registered successfully","service":"user-backend","timestamp":"2026-08-11T16:46:23.900Z","username":"kiran_24"}
{"level":"info","message":"Error occured while sending the data kiran.sadara6730@gmail.com to signup workflow","service":"user-backend","timestamp":"2026-08-11T16:47:00.919Z"}
{"level":"info","message":"Error occured while sending the data kiran.sadara6730@gmail.com to signup workflow","service":"user-backend","timestamp":"2026-08-11T16:47:00.996Z"}
{"level":"info","message":"Error occured while sending the data kiran.sadara6730@gmail.com to signup workflow","service":"user-backend","timestamp":"2026-08-11T16:47:01.011Z"}
{"level":"info","message":"Error occured while sending the data kiran.sadara6730@gmail.com to signup workflow","service":"user-backend","timestamp":"2026-08-11T16:47:01.325Z"}
{"level":"info","message":"Error occured while sending the data kiran.sadara6730@gmail.com to signup workflow","service":"user-backend","timestamp":"2026-08-11T16:47:01.331Z"}
{"level":"info","message":"Error occured while sending the data kiran.sadara6730@gmail.com to signup workflow","service":"user-backend","timestamp":"2026-08-11T16:47:01.337Z"}
{"level":"info","message":"kafka connected","service":"user-backend","timestamp":"2026-08-11T16:49:19.020Z"}
{"level":"info","message":"MongoDB is connected","service":"user-backend","timestamp":"2026-08-11T16:49:20.014Z"}
{"level":"info","message":"Kafka Workflow consumer is connected","service":"user-backend","timestamp":"2026-08-11T16:49:20.150Z"}
{"level":"info","message":"Consumer for Signup flow is triggred","service":"user-backend","timestamp":"2026-08-11T16:49:21.041Z"}
{"level":"info","message":"Kafka Workflow producer is connected","service":"user-backend","timestamp":"2026-08-11T16:49:23.323Z"}
{"level":"info","message":"Users backend server is running in PORT 5001","service":"user-backend","timestamp":"2026-08-11T16:49:23.415Z"}
{"email":"kiran.sadara6730@gmail.com","level":"info","message":"Sign up request received","service":"user-backend","timestamp":"2026-08-11T16:49:30.337Z","username":"kiran_24"}
{"email":"kiran.sadara6730@gmail.com","level":"info","message":"Registering new user","service":"user-backend","timestamp":"2026-08-11T16:49:30.338Z","username":"kiran_24"}
{"email":"kiran.sadara6730@gmail.com","level":"warn","message":"Sign up failed: user already registered","service":"user-backend","timestamp":"2026-08-11T16:49:30.396Z"}
{"error":{},"level":"error","message":"Error during sign up","service":"user-backend","timestamp":"2026-08-11T16:49:30.397Z"}
{"email":"kiran.sadara6730@gmail.com","level":"warn","message":"Sign up failed: user already registered","service":"user-backend","timestamp":"2026-08-11T16:49:30.397Z"}
{"email":"kiran.sadara6730@gmail.com","level":"info","message":"Sign up request received","service":"user-backend","timestamp":"2026-08-11T16:49:49.974Z","username":"kiran_24"}
{"email":"kiran.sadara6730@gmail.com","level":"info","message":"Registering new user","service":"user-backend","timestamp":"2026-08-11T16:49:49.974Z","username":"kiran_24"}
{"email":"kiran.sadara6730@gmail.com","level":"info","message":"User registered successfully","service":"user-backend","timestamp":"2026-08-11T16:49:51.007Z","username":"kiran_24"}
{"email":"kiran.sadara6730@gmail.com","level":"info","message":"User registered successfully","service":"user-backend","timestamp":"2026-08-11T16:49:51.008Z","username":"kiran_24"}
{"level":"info","message":"kafka connected","service":"user-backend","timestamp":"2026-08-11T16:51:07.857Z"}
{"level":"info","message":"MongoDB is connected","service":"user-backend","timestamp":"2026-08-11T16:51:09.167Z"}
{"level":"info","message":"Kafka Workflow consumer is connected","service":"user-backend","timestamp":"2026-08-11T16:51:09.339Z"}
{"level":"info","message":"Consumer for Signup flow is triggred","service":"user-backend","timestamp":"2026-08-11T16:51:09.415Z"}
{"level":"info","message":"Kafka Workflow producer is connected","service":"user-backend","timestamp":"2026-08-11T16:51:09.724Z"}
{"level":"info","message":"Users backend server is running in PORT 5001","service":"user-backend","timestamp":"2026-08-11T16:51:09.789Z"}
{"level":"info","message":"Request for Signup workflow is sending for email kiran.sadara6730@gmail.com","service":"user-backend","timestamp":"2026-08-11T16:51:10.065Z"}
{"level":"info","message":"Error occured while sending the data kiran.sadara6730@gmail.com to signup workflow","service":"user-backend","timestamp":"2026-08-11T16:52:39.220Z"}
{"level":"info","message":"Request for Signup workflow is sending for email kiran.sadara6730@gmail.com","service":"user-backend","timestamp":"2026-08-11T16:52:39.222Z"}
{"level":"info","message":"Error occured while sending the data kiran.sadara6730@gmail.com to signup workflow","service":"user-backend","timestamp":"2026-08-11T16:52:39.829Z"}
{"level":"info","message":"Request for Signup workflow is sending for email kiran.sadara6730@gmail.com","service":"user-backend","timestamp":"2026-08-11T16:52:39.835Z"}
{"level":"info","message":"Error occured while sending the data kiran.sadara6730@gmail.com to signup workflow","service":"user-backend","timestamp":"2026-08-11T16:52:39.843Z"}
{"level":"info","message":"Request for Signup workflow is sending for email kiran.sadara6730@gmail.com","service":"user-backend","timestamp":"2026-08-11T16:52:40.007Z"}
{"level":"info","message":"Error occured while sending the data kiran.sadara6730@gmail.com to signup workflow","service":"user-backend","timestamp":"2026-08-11T16:52:40.013Z"}
{"level":"info","message":"Request for Signup workflow is sending for email kiran.sadara6730@gmail.com","service":"user-backend","timestamp":"2026-08-11T16:52:40.014Z"}
{"level":"info","message":"Error occured while sending the data kiran.sadara6730@gmail.com to signup workflow","service":"user-backend","timestamp":"2026-08-11T16:52:40.022Z"}
{"level":"info","message":"Request for Signup workflow is sending for email kiran.sadara6730@gmail.com","service":"user-backend","timestamp":"2026-08-11T16:52:40.023Z"}
{"level":"info","message":"Error occured while sending the data kiran.sadara6730@gmail.com to signup workflow","service":"user-backend","timestamp":"2026-08-11T16:52:40.029Z"}
{"level":"info","message":"kafka connected","service":"user-backend","timestamp":"2026-08-11T16:54:53.160Z"}
{"level":"info","message":"MongoDB is connected","service":"user-backend","timestamp":"2026-08-11T16:54:54.760Z"}
{"level":"info","message":"Kafka Workflow consumer is connected","service":"user-backend","timestamp":"2026-08-11T16:54:54.967Z"}
{"level":"info","message":"Consumer for Signup flow is triggred","service":"user-backend","timestamp":"2026-08-11T16:54:55.075Z"}
{"level":"info","message":"Kafka Workflow producer is connected","service":"user-backend","timestamp":"2026-08-11T16:54:55.434Z"}
{"level":"info","message":"Users backend server is running in PORT 5001","service":"user-backend","timestamp":"2026-08-11T16:54:55.513Z"}
{"email":"kiran.sadara6730@gmail.com","level":"info","message":"Sign up request received","service":"user-backend","timestamp":"2026-08-11T16:55:25.701Z","username":"kiran_24"}
{"email":"kiran.sadara6730@gmail.com","level":"info","message":"Registering new user","service":"user-backend","timestamp":"2026-08-11T16:55:25.701Z","username":"kiran_24"}
{"level":"info","message":"Request for Signup workflow is sending for email kiran.sadara6730@gmail.com","service":"user-backend","timestamp":"2026-08-11T16:55:26.174Z"}
{"email":"kiran.sadara6730@gmail.com","level":"info","message":"User registered successfully","service":"user-backend","timestamp":"2026-08-11T16:55:26.189Z","username":"kiran_24"}
{"email":"kiran.sadara6730@gmail.com","level":"info","message":"User registered successfully","service":"user-backend","timestamp":"2026-08-11T16:55:26.190Z","username":"kiran_24"}
{"level":"info","message":"kafka connected","service":"user-backend","timestamp":"2026-08-11T16:56:44.027Z"}
{"level":"info","message":"MongoDB is connected","service":"user-backend","timestamp":"2026-08-11T16:56:44.950Z"}
{"level":"info","message":"Kafka Workflow consumer is connected","service":"user-backend","timestamp":"2026-08-11T16:56:45.070Z"}
{"level":"info","message":"Consumer for Signup flow is triggred","service":"user-backend","timestamp":"2026-08-11T16:56:45.120Z"}
{"level":"info","message":"Kafka Workflow producer is connected","service":"user-backend","timestamp":"2026-08-11T16:56:45.479Z"}
{"level":"info","message":"Users backend server is running in PORT 5001","service":"user-backend","timestamp":"2026-08-11T16:56:45.560Z"}
{"level":"info","message":"Request for Signup workflow is sending for email kiran.sadara6730@gmail.com","service":"user-backend","timestamp":"2026-08-11T16:56:45.807Z"}
{"email":"kiran.sadara6730@gmail.com","level":"info","message":"Sign up request received","service":"user-backend","timestamp":"2026-08-11T16:57:07.493Z","username":"kiran_24"}
{"email":"kiran.sadara6730@gmail.com","level":"info","message":"Registering new user","service":"user-backend","timestamp":"2026-08-11T16:57:07.494Z","username":"kiran_24"}
{"email":"kiran.sadara6730@gmail.com","level":"info","message":"User registered successfully","service":"user-backend","timestamp":"2026-08-11T16:57:08.083Z","username":"kiran_24"}
{"email":"kiran.sadara6730@gmail.com","level":"info","message":"User registered successfully","service":"user-backend","timestamp":"2026-08-11T16:57:08.084Z","username":"kiran_24"}
{"level":"info","message":"kafka connected","service":"user-backend","timestamp":"2026-08-11T17:00:53.828Z"}
{"level":"info","message":"MongoDB is connected","service":"user-backend","timestamp":"2026-08-11T17:00:55.522Z"}
{"level":"info","message":"Kafka Workflow consumer is connected","service":"user-backend","timestamp":"2026-08-11T17:00:55.661Z"}
{"level":"info","message":"Consumer for Signup flow is triggred","service":"user-backend","timestamp":"2026-08-11T17:00:55.706Z"}
{"level":"info","message":"Kafka Workflow producer is connected","service":"user-backend","timestamp":"2026-08-11T17:00:56.112Z"}
{"level":"info","message":"Users backend server is running in PORT 5001","service":"user-backend","timestamp":"2026-08-11T17:00:56.145Z"}
{"level":"info","message":"Request for Signup workflow is sending for email kiran.sadara6730@gmail.com","service":"user-backend","timestamp":"2026-08-11T17:00:56.315Z"}
{"email":"kiran.sadara6730@gmail.com","level":"info","message":"Sign up request received","service":"user-backend","timestamp":"2026-08-11T17:01:16.820Z","username":"kiran_24"}
{"email":"kiran.sadara6730@gmail.com","level":"info","message":"Registering new user","service":"user-backend","timestamp":"2026-08-11T17:01:16.821Z","username":"kiran_24"}
{"level":"info","message":"Sending signup event to Kafka for kiran.sadara6730@gmail.com","service":"user-backend","timestamp":"2026-08-11T17:01:17.347Z"}
{"level":"info","message":"Signup event successfully published to Kafka for kiran.sadara6730@gmail.com","service":"user-backend","timestamp":"2026-08-11T17:01:17.457Z"}
{"email":"kiran.sadara6730@gmail.com","level":"info","message":"User registered successfully","service":"user-backend","timestamp":"2026-08-11T17:01:17.458Z","username":"kiran_24"}
{"email":"kiran.sadara6730@gmail.com","level":"info","message":"User registered successfully","service":"user-backend","timestamp":"2026-08-11T17:01:17.458Z","username":"kiran_24"}
{"level":"info","message":"kafka connected","service":"user-backend","timestamp":"2026-08-11T17:03:50.817Z"}
{"level":"info","message":"MongoDB is connected","service":"user-backend","timestamp":"2026-08-11T17:03:52.494Z"}
{"level":"info","message":"Kafka Workflow consumer is connected","service":"user-backend","timestamp":"2026-08-11T17:03:52.780Z"}
{"level":"info","message":"Consumer for Signup flow is triggred","service":"user-backend","timestamp":"2026-08-11T17:03:52.882Z"}
{"level":"info","message":"Kafka Workflow producer is connected","service":"user-backend","timestamp":"2026-08-11T17:03:53.401Z"}
{"level":"info","message":"Users backend server is running in PORT 5001","service":"user-backend","timestamp":"2026-08-11T17:03:53.501Z"}
{"level":"info","message":"Request for Signup workflow is sending for email kiran.sadara6730@gmail.com","service":"user-backend","timestamp":"2026-08-11T17:03:53.858Z"}
{"email":"kiran.sadara6730@gmail.com","level":"info","message":"Sign up request received","service":"user-backend","timestamp":"2026-08-11T17:03:58.070Z","username":"kiran_24"}
{"email":"kiran.sadara6730@gmail.com","level":"info","message":"Registering new user","service":"user-backend","timestamp":"2026-08-11T17:03:58.073Z","username":"kiran_24"}
{"level":"info","message":"Sending signup event to Kafka for kiran.sadara6730@gmail.com","service":"user-backend","timestamp":"2026-08-11T17:03:58.279Z"}
{"level":"info","message":"Signup event successfully published to Kafka for kiran.sadara6730@gmail.com","service":"user-backend","timestamp":"2026-08-11T17:03:58.389Z"}
{"email":"kiran.sadara6730@gmail.com","level":"info","message":"User registered successfully","service":"user-backend","timestamp":"2026-08-11T17:03:58.390Z","username":"kiran_24"}
{"email":"kiran.sadara6730@gmail.com","level":"info","message":"User registered successfully","service":"user-backend","timestamp":"2026-08-11T17:03:58.390Z","username":"kiran_24"}
{"level":"info","message":"kafka connected","service":"user-backend","timestamp":"2026-08-11T17:04:31.143Z"}
{"level":"info","message":"MongoDB is connected","service":"user-backend","timestamp":"2026-08-11T17:04:32.202Z"}
{"level":"info","message":"Kafka Workflow consumer is connected","service":"user-backend","timestamp":"2026-08-11T17:04:32.256Z"}
{"level":"info","message":"Consumer for Signup flow is triggred","service":"user-backend","timestamp":"2026-08-11T17:04:32.271Z"}
{"level":"info","message":"Kafka Workflow producer is connected","service":"user-backend","timestamp":"2026-08-11T17:04:32.425Z"}
{"level":"info","message":"Users backend server is running in PORT 5001","service":"user-backend","timestamp":"2026-08-11T17:04:32.464Z"}
{"level":"info","message":"Request for Signup workflow is sending for email kiran.sadara6730@gmail.com","service":"user-backend","timestamp":"2026-08-11T17:04:32.938Z"}
{"level":"error","message":"Error while sending signup workflow request for kiran.sadara6730@gmail.com","service":"user-backend","timestamp":"2026-08-11T17:06:20.999Z"}
{"level":"error","message":"Attempt: 1","service":"user-backend","timestamp":"2026-08-11T17:06:21.000Z"}
{"level":"error","message":"Error message: read ECONNRESET","service":"user-backend","timestamp":"2026-08-11T17:06:21.001Z"}
{"level":"error","message":"Status: undefined","service":"user-backend","timestamp":"2026-08-11T17:06:21.002Z"}
{"level":"error","message":"Response: undefined","service":"user-backend","timestamp":"2026-08-11T17:06:21.003Z"}
{"level":"error","message":"URL: http://localhost:5000/api/workflow/execute/signup","service":"user-backend","timestamp":"2026-08-11T17:06:21.003Z"}
{"level":"info","message":"Request for Signup workflow is sending for email kiran.sadara6730@gmail.com","service":"user-backend","timestamp":"2026-08-11T17:06:21.003Z"}
{"level":"error","message":"Error while sending signup workflow request for kiran.sadara6730@gmail.com","service":"user-backend","timestamp":"2026-08-11T17:06:21.016Z"}
{"level":"error","message":"Attempt: 2","service":"user-backend","timestamp":"2026-08-11T17:06:21.017Z"}
{"level":"error","message":"Error message: connect ECONNREFUSED ::1:5000; connect ECONNREFUSED 127.0.0.1:5000","service":"user-backend","timestamp":"2026-08-11T17:06:21.017Z"}
{"level":"error","message":"Status: undefined","service":"user-backend","timestamp":"2026-08-11T17:06:21.018Z"}
{"level":"error","message":"Response: undefined","service":"user-backend","timestamp":"2026-08-11T17:06:21.018Z"}
{"level":"error","message":"URL: http://localhost:5000/api/workflow/execute/signup","service":"user-backend","timestamp":"2026-08-11T17:06:21.018Z"}
{"level":"info","message":"Request for Signup workflow is sending for email kiran.sadara6730@gmail.com","service":"user-backend","timestamp":"2026-08-11T17:06:21.018Z"}
{"level":"error","message":"Error while sending signup workflow request for kiran.sadara6730@gmail.com","service":"user-backend","timestamp":"2026-08-11T17:06:21.024Z"}
{"level":"error","message":"Attempt: 3","service":"user-backend","timestamp":"2026-08-11T17:06:21.025Z"}
{"level":"error","message":"Error message: connect ECONNREFUSED ::1:5000; connect ECONNREFUSED 127.0.0.1:5000","service":"user-backend","timestamp":"2026-08-11T17:06:21.026Z"}
{"level":"error","message":"Status: undefined","service":"user-backend","timestamp":"2026-08-11T17:06:21.026Z"}
{"level":"error","message":"Response: undefined","service":"user-backend","timestamp":"2026-08-11T17:06:21.027Z"}
{"level":"error","message":"URL: http://localhost:5000/api/workflow/execute/signup","service":"user-backend","timestamp":"2026-08-11T17:06:21.027Z"}
{"level":"info","message":"Request for Signup workflow is sending for email kiran.sadara6730@gmail.com","service":"user-backend","timestamp":"2026-08-11T17:06:21.165Z"}
{"level":"error","message":"Error while sending signup workflow request for kiran.sadara6730@gmail.com","service":"user-backend","timestamp":"2026-08-11T17:06:21.175Z"}
{"level":"error","message":"Attempt: 1","service":"user-backend","timestamp":"2026-08-11T17:06:21.176Z"}
{"level":"error","message":"Error message: connect ECONNREFUSED ::1:5000; connect ECONNREFUSED 127.0.0.1:5000","service":"user-backend","timestamp":"2026-08-11T17:06:21.177Z"}
{"level":"error","message":"Status: undefined","service":"user-backend","timestamp":"2026-08-11T17:06:21.177Z"}
{"level":"error","message":"Response: undefined","service":"user-backend","timestamp":"2026-08-11T17:06:21.178Z"}
{"level":"error","message":"URL: http://localhost:5000/api/workflow/execute/signup","service":"user-backend","timestamp":"2026-08-11T17:06:21.178Z"}
{"level":"info","message":"Request for Signup workflow is sending for email kiran.sadara6730@gmail.com","service":"user-backend","timestamp":"2026-08-11T17:06:21.178Z"}
{"level":"error","message":"Error while sending signup workflow request for kiran.sadara6730@gmail.com","service":"user-backend","timestamp":"2026-08-11T17:06:21.185Z"}
{"level":"error","message":"Attempt: 2","service":"user-backend","timestamp":"2026-08-11T17:06:21.185Z"}
{"level":"error","message":"Error message: connect ECONNREFUSED ::1:5000; connect ECONNREFUSED 127.0.0.1:5000","service":"user-backend","timestamp":"2026-08-11T17:06:21.186Z"}
{"level":"error","message":"Status: undefined","service":"user-backend","timestamp":"2026-08-11T17:06:21.186Z"}
{"level":"error","message":"Response: undefined","service":"user-backend","timestamp":"2026-08-11T17:06:21.186Z"}
{"level":"error","message":"URL: http://localhost:5000/api/workflow/execute/signup","service":"user-backend","timestamp":"2026-08-11T17:06:21.186Z"}
{"level":"info","message":"Request for Signup workflow is sending for email kiran.sadara6730@gmail.com","service":"user-backend","timestamp":"2026-08-11T17:06:21.186Z"}
{"level":"error","message":"Error while sending signup workflow request for kiran.sadara6730@gmail.com","service":"user-backend","timestamp":"2026-08-11T17:06:21.192Z"}
{"level":"error","message":"Attempt: 3","service":"user-backend","timestamp":"2026-08-11T17:06:21.193Z"}
{"level":"error","message":"Error message: connect ECONNREFUSED ::1:5000; connect ECONNREFUSED 127.0.0.1:5000","service":"user-backend","timestamp":"2026-08-11T17:06:21.193Z"}
{"level":"error","message":"Status: undefined","service":"user-backend","timestamp":"2026-08-11T17:06:21.193Z"}
{"level":"error","message":"Response: undefined","service":"user-backend","timestamp":"2026-08-11T17:06:21.193Z"}
{"level":"error","message":"URL: http://localhost:5000/api/workflow/execute/signup","service":"user-backend","timestamp":"2026-08-11T17:06:21.193Z"}
{"level":"info","message":"Request for Signup workflow is sending for email kiran.sadara6730@gmail.com","service":"user-backend","timestamp":"2026-08-11T17:06:21.196Z"}
{"level":"error","message":"Error while sending signup workflow request for kiran.sadara6730@gmail.com","service":"user-backend","timestamp":"2026-08-11T17:06:21.199Z"}
{"level":"error","message":"Attempt: 1","service":"user-backend","timestamp":"2026-08-11T17:06:21.199Z"}
{"level":"error","message":"Error message: connect ECONNREFUSED ::1:5000; connect ECONNREFUSED 127.0.0.1:5000","service":"user-backend","timestamp":"2026-08-11T17:06:21.200Z"}
{"level":"error","message":"Status: undefined","service":"user-backend","timestamp":"2026-08-11T17:06:21.200Z"}
{"level":"error","message":"Response: undefined","service":"user-backend","timestamp":"2026-08-11T17:06:21.200Z"}
{"level":"error","message":"URL: http://localhost:5000/api/workflow/execute/signup","service":"user-backend","timestamp":"2026-08-11T17:06:21.200Z"}
{"level":"info","message":"Request for Signup workflow is sending for email kiran.sadara6730@gmail.com","service":"user-backend","timestamp":"2026-08-11T17:06:21.200Z"}
{"level":"error","message":"Error while sending signup workflow request for kiran.sadara6730@gmail.com","service":"user-backend","timestamp":"2026-08-11T17:06:21.206Z"}
{"level":"error","message":"Attempt: 2","service":"user-backend","timestamp":"2026-08-11T17:06:21.207Z"}
{"level":"error","message":"Error message: connect ECONNREFUSED ::1:5000; connect ECONNREFUSED 127.0.0.1:5000","service":"user-backend","timestamp":"2026-08-11T17:06:21.207Z"}
{"level":"error","message":"Status: undefined","service":"user-backend","timestamp":"2026-08-11T17:06:21.207Z"}
{"level":"error","message":"Response: undefined","service":"user-backend","timestamp":"2026-08-11T17:06:21.208Z"}
{"level":"error","message":"URL: http://localhost:5000/api/workflow/execute/signup","service":"user-backend","timestamp":"2026-08-11T17:06:21.208Z"}
{"level":"info","message":"Request for Signup workflow is sending for email kiran.sadara6730@gmail.com","service":"user-backend","timestamp":"2026-08-11T17:06:21.208Z"}
{"level":"error","message":"Error while sending signup workflow request for kiran.sadara6730@gmail.com","service":"user-backend","timestamp":"2026-08-11T17:06:21.216Z"}
{"level":"error","message":"Attempt: 3","service":"user-backend","timestamp":"2026-08-11T17:06:21.216Z"}
{"level":"error","message":"Error message: connect ECONNREFUSED ::1:5000; connect ECONNREFUSED 127.0.0.1:5000","service":"user-backend","timestamp":"2026-08-11T17:06:21.217Z"}
{"level":"error","message":"Status: undefined","service":"user-backend","timestamp":"2026-08-11T17:06:21.217Z"}
{"level":"error","message":"Response: undefined","service":"user-backend","timestamp":"2026-08-11T17:06:21.217Z"}
{"level":"error","message":"URL: http://localhost:5000/api/workflow/execute/signup","service":"user-backend","timestamp":"2026-08-11T17:06:21.219Z"}
{"level":"info","message":"Request for Signup workflow is sending for email kiran.sadara6730@gmail.com","service":"user-backend","timestamp":"2026-08-11T17:06:21.267Z"}
{"level":"error","message":"Error while sending signup workflow request for kiran.sadara6730@gmail.com","service":"user-backend","timestamp":"2026-08-11T17:06:21.271Z"}
{"level":"error","message":"Attempt: 1","service":"user-backend","timestamp":"2026-08-11T17:06:21.272Z"}
{"level":"error","message":"Error message: connect ECONNREFUSED ::1:5000; connect ECONNREFUSED 127.0.0.1:5000","service":"user-backend","timestamp":"2026-08-11T17:06:21.272Z"}
{"level":"error","message":"Status: undefined","service":"user-backend","timestamp":"2026-08-11T17:06:21.273Z"}
{"level":"error","message":"Response: undefined","service":"user-backend","timestamp":"2026-08-11T17:06:21.273Z"}
{"level":"error","message":"URL: http://localhost:5000/api/workflow/execute/signup","service":"user-backend","timestamp":"2026-08-11T17:06:21.273Z"}
{"level":"info","message":"Request for Signup workflow is sending for email kiran.sadara6730@gmail.com","service":"user-backend","timestamp":"2026-08-11T17:06:21.273Z"}
{"level":"error","message":"Error while sending signup workflow request for kiran.sadara6730@gmail.com","service":"user-backend","timestamp":"2026-08-11T17:06:21.279Z"}
{"level":"error","message":"Attempt: 2","service":"user-backend","timestamp":"2026-08-11T17:06:21.279Z"}
{"level":"error","message":"Error message: connect ECONNREFUSED ::1:5000; connect ECONNREFUSED 127.0.0.1:5000","service":"user-backend","timestamp":"2026-08-11T17:06:21.280Z"}
{"level":"error","message":"Status: undefined","service":"user-backend","timestamp":"2026-08-11T17:06:21.280Z"}
{"level":"error","message":"Response: undefined","service":"user-backend","timestamp":"2026-08-11T17:06:21.280Z"}
{"level":"error","message":"URL: http://localhost:5000/api/workflow/execute/signup","service":"user-backend","timestamp":"2026-08-11T17:06:21.281Z"}
{"level":"info","message":"Request for Signup workflow is sending for email kiran.sadara6730@gmail.com","service":"user-backend","timestamp":"2026-08-11T17:06:21.281Z"}
{"level":"error","message":"Error while sending signup workflow request for kiran.sadara6730@gmail.com","service":"user-backend","timestamp":"2026-08-11T17:06:21.286Z"}
{"level":"error","message":"Attempt: 3","service":"user-backend","timestamp":"2026-08-11T17:06:21.286Z"}
{"level":"error","message":"Error message: connect ECONNREFUSED ::1:5000; connect ECONNREFUSED 127.0.0.1:5000","service":"user-backend","timestamp":"2026-08-11T17:06:21.286Z"}
{"level":"error","message":"Status: undefined","service":"user-backend","timestamp":"2026-08-11T17:06:21.286Z"}
{"level":"error","message":"Response: undefined","service":"user-backend","timestamp":"2026-08-11T17:06:21.287Z"}
{"level":"error","message":"URL: http://localhost:5000/api/workflow/execute/signup","service":"user-backend","timestamp":"2026-08-11T17:06:21.287Z"}
{"level":"info","message":"Request for Signup workflow is sending for email kiran.sadara6730@gmail.com","service":"user-backend","timestamp":"2026-08-11T17:06:21.290Z"}
{"level":"error","message":"Error while sending signup workflow request for kiran.sadara6730@gmail.com","service":"user-backend","timestamp":"2026-08-11T17:06:21.294Z"}
{"level":"error","message":"Attempt: 1","service":"user-backend","timestamp":"2026-08-11T17:06:21.294Z"}
{"level":"error","message":"Error message: connect ECONNREFUSED ::1:5000; connect ECONNREFUSED 127.0.0.1:5000","service":"user-backend","timestamp":"2026-08-11T17:06:21.294Z"}
{"level":"error","message":"Status: undefined","service":"user-backend","timestamp":"2026-08-11T17:06:21.295Z"}
{"level":"error","message":"Response: undefined","service":"user-backend","timestamp":"2026-08-11T17:06:21.295Z"}
{"level":"error","message":"URL: http://localhost:5000/api/workflow/execute/signup","service":"user-backend","timestamp":"2026-08-11T17:06:21.295Z"}
{"level":"info","message":"Request for Signup workflow is sending for email kiran.sadara6730@gmail.com","service":"user-backend","timestamp":"2026-08-11T17:06:21.296Z"}
{"level":"error","message":"Error while sending signup workflow request for kiran.sadara6730@gmail.com","service":"user-backend","timestamp":"2026-08-11T17:06:21.300Z"}
{"level":"error","message":"Attempt: 2","service":"user-backend","timestamp":"2026-08-11T17:06:21.301Z"}
{"level":"error","message":"Error message: connect ECONNREFUSED ::1:5000; connect ECONNREFUSED 127.0.0.1:5000","service":"user-backend","timestamp":"2026-08-11T17:06:21.301Z"}
{"level":"error","message":"Status: undefined","service":"user-backend","timestamp":"2026-08-11T17:06:21.302Z"}
{"level":"error","message":"Response: undefined","service":"user-backend","timestamp":"2026-08-11T17:06:21.302Z"}
{"level":"error","message":"URL: http://localhost:5000/api/workflow/execute/signup","service":"user-backend","timestamp":"2026-08-11T17:06:21.302Z"}
{"level":"info","message":"Request for Signup workflow is sending for email kiran.sadara6730@gmail.com","service":"user-backend","timestamp":"2026-08-11T17:06:21.303Z"}
{"level":"error","message":"Error while sending signup workflow request for kiran.sadara6730@gmail.com","service":"user-backend","timestamp":"2026-08-11T17:06:21.309Z"}
{"level":"error","message":"Attempt: 3","service":"user-backend","timestamp":"2026-08-11T17:06:21.309Z"}
{"level":"error","message":"Error message: connect ECONNREFUSED ::1:5000; connect ECONNREFUSED 127.0.0.1:5000","service":"user-backend","timestamp":"2026-08-11T17:06:21.309Z"}
{"level":"error","message":"Status: undefined","service":"user-backend","timestamp":"2026-08-11T17:06:21.309Z"}
{"level":"error","message":"Response: undefined","service":"user-backend","timestamp":"2026-08-11T17:06:21.310Z"}
{"level":"error","message":"URL: http://localhost:5000/api/workflow/execute/signup","service":"user-backend","timestamp":"2026-08-11T17:06:21.310Z"}
{"level":"info","message":"Request for Signup workflow is sending for email kiran.sadara6730@gmail.com","service":"user-backend","timestamp":"2026-08-11T17:06:21.454Z"}
{"level":"error","message":"Error while sending signup workflow request for kiran.sadara6730@gmail.com","service":"user-backend","timestamp":"2026-08-11T17:06:21.458Z"}
{"level":"error","message":"Attempt: 1","service":"user-backend","timestamp":"2026-08-11T17:06:21.458Z"}
{"level":"error","message":"Error message: connect ECONNREFUSED ::1:5000; connect ECONNREFUSED 127.0.0.1:5000","service":"user-backend","timestamp":"2026-08-11T17:06:21.458Z"}
{"level":"error","message":"Status: undefined","service":"user-backend","timestamp":"2026-08-11T17:06:21.459Z"}
{"level":"error","message":"Response: undefined","service":"user-backend","timestamp":"2026-08-11T17:06:21.459Z"}
{"level":"error","message":"URL: http://localhost:5000/api/workflow/execute/signup","service":"user-backend","timestamp":"2026-08-11T17:06:21.459Z"}
{"level":"info","message":"Request for Signup workflow is sending for email kiran.sadara6730@gmail.com","service":"user-backend","timestamp":"2026-08-11T17:06:21.459Z"}
{"level":"error","message":"Error while sending signup workflow request for kiran.sadara6730@gmail.com","service":"user-backend","timestamp":"2026-08-11T17:06:21.464Z"}
{"level":"error","message":"Attempt: 2","service":"user-backend","timestamp":"2026-08-11T17:06:21.464Z"}
{"level":"error","message":"Error message: connect ECONNREFUSED ::1:5000; connect ECONNREFUSED 127.0.0.1:5000","service":"user-backend","timestamp":"2026-08-11T17:06:21.465Z"}
{"level":"error","message":"Status: undefined","service":"user-backend","timestamp":"2026-08-11T17:06:21.465Z"}
{"level":"error","message":"Response: undefined","service":"user-backend","timestamp":"2026-08-11T17:06:21.465Z"}
{"level":"error","message":"URL: http://localhost:5000/api/workflow/execute/signup","service":"user-backend","timestamp":"2026-08-11T17:06:21.466Z"}
{"level":"info","message":"Request for Signup workflow is sending for email kiran.sadara6730@gmail.com","service":"user-backend","timestamp":"2026-08-11T17:06:21.466Z"}
{"level":"error","message":"Error while sending signup workflow request for kiran.sadara6730@gmail.com","service":"user-backend","timestamp":"2026-08-11T17:06:21.471Z"}
{"level":"error","message":"Attempt: 3","service":"user-backend","timestamp":"2026-08-11T17:06:21.471Z"}
{"level":"error","message":"Error message: connect ECONNREFUSED ::1:5000; connect ECONNREFUSED 127.0.0.1:5000","service":"user-backend","timestamp":"2026-08-11T17:06:21.472Z"}
{"level":"error","message":"Status: undefined","service":"user-backend","timestamp":"2026-08-11T17:06:21.472Z"}
{"level":"error","message":"Response: undefined","service":"user-backend","timestamp":"2026-08-11T17:06:21.472Z"}
{"level":"error","message":"URL: http://localhost:5000/api/workflow/execute/signup","service":"user-backend","timestamp":"2026-08-11T17:06:21.472Z"}
{"level":"info","message":"Request for Signup workflow is sending for email kiran.sadara6730@gmail.com","service":"user-backend","timestamp":"2026-08-11T17:06:21.472Z"}
{"level":"error","message":"Error while sending signup workflow request for kiran.sadara6730@gmail.com","service":"user-backend","timestamp":"2026-08-11T17:06:21.476Z"}
{"level":"error","message":"Attempt: 1","service":"user-backend","timestamp":"2026-08-11T17:06:21.476Z"}
{"level":"error","message":"Error message: connect ECONNREFUSED ::1:5000; connect ECONNREFUSED 127.0.0.1:5000","service":"user-backend","timestamp":"2026-08-11T17:06:21.476Z"}
{"level":"error","message":"Status: undefined","service":"user-backend","timestamp":"2026-08-11T17:06:21.476Z"}
{"level":"error","message":"Response: undefined","service":"user-backend","timestamp":"2026-08-11T17:06:21.476Z"}
{"level":"error","message":"URL: http://localhost:5000/api/workflow/execute/signup","service":"user-backend","timestamp":"2026-08-11T17:06:21.477Z"}
{"level":"info","message":"Request for Signup workflow is sending for email kiran.sadara6730@gmail.com","service":"user-backend","timestamp":"2026-08-11T17:06:21.477Z"}
{"level":"error","message":"Error while sending signup workflow request for kiran.sadara6730@gmail.com","service":"user-backend","timestamp":"2026-08-11T17:06:21.481Z"}
{"level":"error","message":"Attempt: 2","service":"user-backend","timestamp":"2026-08-11T17:06:21.482Z"}
{"level":"error","message":"Error message: connect ECONNREFUSED ::1:5000; connect ECONNREFUSED 127.0.0.1:5000","service":"user-backend","timestamp":"2026-08-11T17:06:21.482Z"}
{"level":"error","message":"Status: undefined","service":"user-backend","timestamp":"2026-08-11T17:06:21.482Z"}
{"level":"error","message":"Response: undefined","service":"user-backend","timestamp":"2026-08-11T17:06:21.482Z"}
{"level":"error","message":"URL: http://localhost:5000/api/workflow/execute/signup","service":"user-backend","timestamp":"2026-08-11T17:06:21.482Z"}
{"level":"info","message":"Request for Signup workflow is sending for email kiran.sadara6730@gmail.com","service":"user-backend","timestamp":"2026-08-11T17:06:21.483Z"}
{"level":"error","message":"Error while sending signup workflow request for kiran.sadara6730@gmail.com","service":"user-backend","timestamp":"2026-08-11T17:06:21.486Z"}
{"level":"error","message":"Attempt: 3","service":"user-backend","timestamp":"2026-08-11T17:06:21.486Z"}
{"level":"error","message":"Error message: connect ECONNREFUSED ::1:5000; connect ECONNREFUSED 127.0.0.1:5000","service":"user-backend","timestamp":"2026-08-11T17:06:21.487Z"}
{"level":"error","message":"Status: undefined","service":"user-backend","timestamp":"2026-08-11T17:06:21.487Z"}
{"level":"error","message":"Response: undefined","service":"user-backend","timestamp":"2026-08-11T17:06:21.487Z"}
{"level":"error","message":"URL: http://localhost:5000/api/workflow/execute/signup","service":"user-backend","timestamp":"2026-08-11T17:06:21.487Z"}
{"level":"info","message":"Request for Signup workflow is sending for email kiran.sadara6730@gmail.com","service":"user-backend","timestamp":"2026-08-11T17:06:21.487Z"}
{"level":"error","message":"Error while sending signup workflow request for kiran.sadara6730@gmail.com","service":"user-backend","timestamp":"2026-08-11T17:06:21.491Z"}
{"level":"error","message":"Attempt: 1","service":"user-backend","timestamp":"2026-08-11T17:06:21.491Z"}
{"level":"error","message":"Error message: connect ECONNREFUSED ::1:5000; connect ECONNREFUSED 127.0.0.1:5000","service":"user-backend","timestamp":"2026-08-11T17:06:21.491Z"}
{"level":"error","message":"Status: undefined","service":"user-backend","timestamp":"2026-08-11T17:06:21.492Z"}
{"level":"error","message":"Response: undefined","service":"user-backend","timestamp":"2026-08-11T17:06:21.492Z"}
{"level":"error","message":"URL: http://localhost:5000/api/workflow/execute/signup","service":"user-backend","timestamp":"2026-08-11T17:06:21.492Z"}
{"level":"info","message":"Request for Signup workflow is sending for email kiran.sadara6730@gmail.com","service":"user-backend","timestamp":"2026-08-11T17:06:21.492Z"}
{"level":"error","message":"Error while sending signup workflow request for kiran.sadara6730@gmail.com","service":"user-backend","timestamp":"2026-08-11T17:06:21.498Z"}
{"level":"error","message":"Attempt: 2","service":"user-backend","timestamp":"2026-08-11T17:06:21.498Z"}
{"level":"error","message":"Error message: connect ECONNREFUSED ::1:5000; connect ECONNREFUSED 127.0.0.1:5000","service":"user-backend","timestamp":"2026-08-11T17:06:21.499Z"}
{"level":"error","message":"Status: undefined","service":"user-backend","timestamp":"2026-08-11T17:06:21.499Z"}
{"level":"error","message":"Response: undefined","service":"user-backend","timestamp":"2026-08-11T17:06:21.499Z"}
{"level":"error","message":"URL: http://localhost:5000/api/workflow/execute/signup","service":"user-backend","timestamp":"2026-08-11T17:06:21.499Z"}
{"level":"info","message":"Request for Signup workflow is sending for email kiran.sadara6730@gmail.com","service":"user-backend","timestamp":"2026-08-11T17:06:21.499Z"}
{"level":"error","message":"Error while sending signup workflow request for kiran.sadara6730@gmail.com","service":"user-backend","timestamp":"2026-08-11T17:06:21.503Z"}
{"level":"error","message":"Attempt: 3","service":"user-backend","timestamp":"2026-08-11T17:06:21.503Z"}
{"level":"error","message":"Error message: connect ECONNREFUSED ::1:5000; connect ECONNREFUSED 127.0.0.1:5000","service":"user-backend","timestamp":"2026-08-11T17:06:21.503Z"}
{"level":"error","message":"Status: undefined","service":"user-backend","timestamp":"2026-08-11T17:06:21.503Z"}
{"level":"error","message":"Response: undefined","service":"user-backend","timestamp":"2026-08-11T17:06:21.504Z"}
{"level":"error","message":"URL: http://localhost:5000/api/workflow/execute/signup","service":"user-backend","timestamp":"2026-08-11T17:06:21.504Z"}
{"level":"info","message":"Request for Signup workflow is sending for email kiran.sadara6730@gmail.com","service":"user-backend","timestamp":"2026-08-11T17:06:21.519Z"}
{"level":"error","message":"Error while sending signup workflow request for kiran.sadara6730@gmail.com","service":"user-backend","timestamp":"2026-08-11T17:06:21.523Z"}
{"level":"error","message":"Attempt: 1","service":"user-backend","timestamp":"2026-08-11T17:06:21.523Z"}
{"level":"error","message":"Error message: connect ECONNREFUSED ::1:5000; connect ECONNREFUSED 127.0.0.1:5000","service":"user-backend","timestamp":"2026-08-11T17:06:21.524Z"}
{"level":"error","message":"Status: undefined","service":"user-backend","timestamp":"2026-08-11T17:06:21.524Z"}
{"level":"error","message":"Response: undefined","service":"user-backend","timestamp":"2026-08-11T17:06:21.524Z"}
{"level":"error","message":"URL: http://localhost:5000/api/workflow/execute/signup","service":"user-backend","timestamp":"2026-08-11T17:06:21.524Z"}
{"level":"info","message":"Request for Signup workflow is sending for email kiran.sadara6730@gmail.com","service":"user-backend","timestamp":"2026-08-11T17:06:21.524Z"}
{"level":"error","message":"Error while sending signup workflow request for kiran.sadara6730@gmail.com","service":"user-backend","timestamp":"2026-08-11T17:06:21.528Z"}
{"level":"error","message":"Attempt: 2","service":"user-backend","timestamp":"2026-08-11T17:06:21.528Z"}
{"level":"error","message":"Error message: connect ECONNREFUSED ::1:5000; connect ECONNREFUSED 127.0.0.1:5000","service":"user-backend","timestamp":"2026-08-11T17:06:21.528Z"}
{"level":"error","message":"Status: undefined","service":"user-backend","timestamp":"2026-08-11T17:06:21.529Z"}
{"level":"error","message":"Response: undefined","service":"user-backend","timestamp":"2026-08-11T17:06:21.530Z"}
{"level":"error","message":"URL: http://localhost:5000/api/workflow/execute/signup","service":"user-backend","timestamp":"2026-08-11T17:06:21.530Z"}
{"level":"info","message":"Request for Signup workflow is sending for email kiran.sadara6730@gmail.com","service":"user-backend","timestamp":"2026-08-11T17:06:21.530Z"}
{"level":"error","message":"Error while sending signup workflow request for kiran.sadara6730@gmail.com","service":"user-backend","timestamp":"2026-08-11T17:06:21.537Z"}
{"level":"error","message":"Attempt: 3","service":"user-backend","timestamp":"2026-08-11T17:06:21.537Z"}
{"level":"error","message":"Error message: connect ECONNREFUSED ::1:5000; connect ECONNREFUSED 127.0.0.1:5000","service":"user-backend","timestamp":"2026-08-11T17:06:21.538Z"}
{"level":"error","message":"Status: undefined","service":"user-backend","timestamp":"2026-08-11T17:06:21.538Z"}
{"level":"error","message":"Response: undefined","service":"user-backend","timestamp":"2026-08-11T17:06:21.539Z"}
{"level":"error","message":"URL: http://localhost:5000/api/workflow/execute/signup","service":"user-backend","timestamp":"2026-08-11T17:06:21.539Z"}
{"level":"info","message":"Request for Signup workflow is sending for email kiran.sadara6730@gmail.com","service":"user-backend","timestamp":"2026-08-11T17:06:21.540Z"}
{"level":"error","message":"Error while sending signup workflow request for kiran.sadara6730@gmail.com","service":"user-backend","timestamp":"2026-08-11T17:06:21.544Z"}
{"level":"error","message":"Attempt: 1","service":"user-backend","timestamp":"2026-08-11T17:06:21.544Z"}
{"level":"error","message":"Error message: connect ECONNREFUSED ::1:5000; connect ECONNREFUSED 127.0.0.1:5000","service":"user-backend","timestamp":"2026-08-11T17:06:21.544Z"}
{"level":"error","message":"Status: undefined","service":"user-backend","timestamp":"2026-08-11T17:06:21.544Z"}
{"level":"error","message":"Response: undefined","service":"user-backend","timestamp":"2026-08-11T17:06:21.545Z"}
{"level":"error","message":"URL: http://localhost:5000/api/workflow/execute/signup","service":"user-backend","timestamp":"2026-08-11T17:06:21.546Z"}
{"level":"info","message":"Request for Signup workflow is sending for email kiran.sadara6730@gmail.com","service":"user-backend","timestamp":"2026-08-11T17:06:21.547Z"}
{"level":"error","message":"Error while sending signup workflow request for kiran.sadara6730@gmail.com","service":"user-backend","timestamp":"2026-08-11T17:06:21.551Z"}
{"level":"error","message":"Attempt: 2","service":"user-backend","timestamp":"2026-08-11T17:06:21.551Z"}
{"level":"error","message":"Error message: connect ECONNREFUSED ::1:5000; connect ECONNREFUSED 127.0.0.1:5000","service":"user-backend","timestamp":"2026-08-11T17:06:21.552Z"}
{"level":"error","message":"Status: undefined","service":"user-backend","timestamp":"2026-08-11T17:06:21.552Z"}
{"level":"error","message":"Response: undefined","service":"user-backend","timestamp":"2026-08-11T17:06:21.552Z"}
{"level":"error","message":"URL: http://localhost:5000/api/workflow/execute/signup","service":"user-backend","timestamp":"2026-08-11T17:06:21.552Z"}
{"level":"info","message":"Request for Signup workflow is sending for email kiran.sadara6730@gmail.com","service":"user-backend","timestamp":"2026-08-11T17:06:21.552Z"}
{"level":"error","message":"Error while sending signup workflow request for kiran.sadara6730@gmail.com","service":"user-backend","timestamp":"2026-08-11T17:06:21.557Z"}
{"level":"error","message":"Attempt: 3","service":"user-backend","timestamp":"2026-08-11T17:06:21.557Z"}
{"level":"error","message":"Error message: connect ECONNREFUSED ::1:5000; connect ECONNREFUSED 127.0.0.1:5000","service":"user-backend","timestamp":"2026-08-11T17:06:21.557Z"}
{"level":"error","message":"Status: undefined","service":"user-backend","timestamp":"2026-08-11T17:06:21.558Z"}
{"level":"error","message":"Response: undefined","service":"user-backend","timestamp":"2026-08-11T17:06:21.558Z"}
{"level":"error","message":"URL: http://localhost:5000/api/workflow/execute/signup","service":"user-backend","timestamp":"2026-08-11T17:06:21.558Z"}
{"email":"kiran.sadara6730@gmail.com","level":"info","message":"Sign up request received","service":"user-backend","timestamp":"2026-08-11T17:08:02.188Z","username":"kiran_24"}
{"email":"kiran.sadara6730@gmail.com","level":"info","message":"Registering new user","service":"user-backend","timestamp":"2026-08-11T17:08:02.193Z","username":"kiran_24"}
{"level":"info","message":"Sending signup event to Kafka for kiran.sadara6730@gmail.com","service":"user-backend","timestamp":"2026-08-11T17:08:02.466Z"}
{"level":"info","message":"Signup event successfully published to Kafka for kiran.sadara6730@gmail.com","service":"user-backend","timestamp":"2026-08-11T17:08:03.314Z"}
{"email":"kiran.sadara6730@gmail.com","level":"info","message":"User registered successfully","service":"user-backend","timestamp":"2026-08-11T17:08:03.315Z","username":"kiran_24"}
{"email":"kiran.sadara6730@gmail.com","level":"info","message":"User registered successfully","service":"user-backend","timestamp":"2026-08-11T17:08:03.315Z","username":"kiran_24"}
{"level":"info","message":"Request for Signup workflow is sending for email kiran.sadara6730@gmail.com","service":"user-backend","timestamp":"2026-08-11T17:08:03.334Z"}
{"level":"error","message":"Error while sending signup workflow request for kiran.sadara6730@gmail.com","service":"user-backend","timestamp":"2026-08-11T17:08:38.487Z"}
{"level":"error","message":"Attempt: 1","service":"user-backend","timestamp":"2026-08-11T17:08:38.488Z"}
{"level":"error","message":"Error message: read ECONNRESET","service":"user-backend","timestamp":"2026-08-11T17:08:38.488Z"}
{"level":"error","message":"Status: undefined","service":"user-backend","timestamp":"2026-08-11T17:08:38.488Z"}
{"level":"error","message":"Response: undefined","service":"user-backend","timestamp":"2026-08-11T17:08:38.488Z"}
{"level":"error","message":"URL: http://localhost:5000/api/workflow/execute/signup","service":"user-backend","timestamp":"2026-08-11T17:08:38.488Z"}
{"level":"info","message":"Request for Signup workflow is sending for email kiran.sadara6730@gmail.com","service":"user-backend","timestamp":"2026-08-11T17:08:38.488Z"}
{"level":"error","message":"Error while sending signup workflow request for kiran.sadara6730@gmail.com","service":"user-backend","timestamp":"2026-08-11T17:08:38.537Z"}
{"level":"error","message":"Attempt: 2","service":"user-backend","timestamp":"2026-08-11T17:08:38.537Z"}
{"level":"error","message":"Error message: connect ECONNREFUSED ::1:5000; connect ECONNREFUSED 127.0.0.1:5000","service":"user-backend","timestamp":"2026-08-11T17:08:38.538Z"}
{"level":"error","message":"Status: undefined","service":"user-backend","timestamp":"2026-08-11T17:08:38.538Z"}
{"level":"error","message":"Response: undefined","service":"user-backend","timestamp":"2026-08-11T17:08:38.538Z"}
{"level":"error","message":"URL: http://localhost:5000/api/workflow/execute/signup","service":"user-backend","timestamp":"2026-08-11T17:08:38.538Z"}
{"level":"info","message":"Request for Signup workflow is sending for email kiran.sadara6730@gmail.com","service":"user-backend","timestamp":"2026-08-11T17:08:38.538Z"}
{"level":"error","message":"Error while sending signup workflow request for kiran.sadara6730@gmail.com","service":"user-backend","timestamp":"2026-08-11T17:08:38.544Z"}
{"level":"error","message":"Attempt: 3","service":"user-backend","timestamp":"2026-08-11T17:08:38.544Z"}
{"level":"error","message":"Error message: connect ECONNREFUSED ::1:5000; connect ECONNREFUSED 127.0.0.1:5000","service":"user-backend","timestamp":"2026-08-11T17:08:38.544Z"}
{"level":"error","message":"Status: undefined","service":"user-backend","timestamp":"2026-08-11T17:08:38.544Z"}
{"level":"error","message":"Response: undefined","service":"user-backend","timestamp":"2026-08-11T17:08:38.545Z"}
{"level":"error","message":"URL: http://localhost:5000/api/workflow/execute/signup","service":"user-backend","timestamp":"2026-08-11T17:08:38.545Z"}
{"level":"info","message":"Request for Signup workflow is sending for email kiran.sadara6730@gmail.com","service":"user-backend","timestamp":"2026-08-11T17:08:38.672Z"}
{"level":"error","message":"Error while sending signup workflow request for kiran.sadara6730@gmail.com","service":"user-backend","timestamp":"2026-08-11T17:08:38.675Z"}
{"level":"error","message":"Attempt: 1","service":"user-backend","timestamp":"2026-08-11T17:08:38.675Z"}
{"level":"error","message":"Error message: connect ECONNREFUSED ::1:5000; connect ECONNREFUSED 127.0.0.1:5000","service":"user-backend","timestamp":"2026-08-11T17:08:38.676Z"}
{"level":"error","message":"Status: undefined","service":"user-backend","timestamp":"2026-08-11T17:08:38.676Z"}
{"level":"error","message":"Response: undefined","service":"user-backend","timestamp":"2026-08-11T17:08:38.676Z"}
{"level":"error","message":"URL: http://localhost:5000/api/workflow/execute/signup","service":"user-backend","timestamp":"2026-08-11T17:08:38.676Z"}
{"level":"info","message":"Request for Signup workflow is sending for email kiran.sadara6730@gmail.com","service":"user-backend","timestamp":"2026-08-11T17:08:38.676Z"}
{"level":"error","message":"Error while sending signup workflow request for kiran.sadara6730@gmail.com","service":"user-backend","timestamp":"2026-08-11T17:08:38.680Z"}
{"level":"error","message":"Attempt: 2","service":"user-backend","timestamp":"2026-08-11T17:08:38.680Z"}
{"level":"error","message":"Error message: connect ECONNREFUSED ::1:5000; connect ECONNREFUSED 127.0.0.1:5000","service":"user-backend","timestamp":"2026-08-11T17:08:38.680Z"}
{"level":"error","message":"Status: undefined","service":"user-backend","timestamp":"2026-08-11T17:08:38.681Z"}
{"level":"error","message":"Response: undefined","service":"user-backend","timestamp":"2026-08-11T17:08:38.681Z"}
{"level":"error","message":"URL: http://localhost:5000/api/workflow/execute/signup","service":"user-backend","timestamp":"2026-08-11T17:08:38.681Z"}
{"level":"info","message":"Request for Signup workflow is sending for email kiran.sadara6730@gmail.com","service":"user-backend","timestamp":"2026-08-11T17:08:38.681Z"}
{"level":"error","message":"Error while sending signup workflow request for kiran.sadara6730@gmail.com","service":"user-backend","timestamp":"2026-08-11T17:08:38.687Z"}
{"level":"error","message":"Attempt: 3","service":"user-backend","timestamp":"2026-08-11T17:08:38.688Z"}
{"level":"error","message":"Error message: connect ECONNREFUSED ::1:5000; connect ECONNREFUSED 127.0.0.1:5000","service":"user-backend","timestamp":"2026-08-11T17:08:38.688Z"}
{"level":"error","message":"Status: undefined","service":"user-backend","timestamp":"2026-08-11T17:08:38.688Z"}
{"level":"error","message":"Response: undefined","service":"user-backend","timestamp":"2026-08-11T17:08:38.690Z"}
{"level":"error","message":"URL: http://localhost:5000/api/workflow/execute/signup","service":"user-backend","timestamp":"2026-08-11T17:08:38.690Z"}
{"email":"kiran.sadara6730@gmail.com","level":"info","message":"Sign up request received","service":"user-backend","timestamp":"2026-08-11T17:09:10.710Z","username":"kiran_24"}
{"email":"kiran.sadara6730@gmail.com","level":"info","message":"Registering new user","service":"user-backend","timestamp":"2026-08-11T17:09:10.710Z","username":"kiran_24"}
{"level":"info","message":"Sending signup event to Kafka for kiran.sadara6730@gmail.com","service":"user-backend","timestamp":"2026-08-11T17:09:10.891Z"}
{"level":"info","message":"Signup event successfully published to Kafka for kiran.sadara6730@gmail.com","service":"user-backend","timestamp":"2026-08-11T17:09:10.928Z"}
{"email":"kiran.sadara6730@gmail.com","level":"info","message":"User registered successfully","service":"user-backend","timestamp":"2026-08-11T17:09:10.928Z","username":"kiran_24"}
{"email":"kiran.sadara6730@gmail.com","level":"info","message":"User registered successfully","service":"user-backend","timestamp":"2026-08-11T17:09:10.929Z","username":"kiran_24"}
{"level":"info","message":"Request for Signup workflow is sending for email kiran.sadara6730@gmail.com","service":"user-backend","timestamp":"2026-08-11T17:09:10.934Z"}
{"level":"error","message":"Error while sending signup workflow request for kiran.sadara6730@gmail.com","service":"user-backend","timestamp":"2026-08-11T17:10:34.686Z"}
{"level":"error","message":"Attempt: 1","service":"user-backend","timestamp":"2026-08-11T17:10:34.687Z"}
{"level":"error","message":"Error message: read ECONNRESET","service":"user-backend","timestamp":"2026-08-11T17:10:34.687Z"}
{"level":"error","message":"Status: undefined","service":"user-backend","timestamp":"2026-08-11T17:10:34.687Z"}
{"level":"error","message":"Response: undefined","service":"user-backend","timestamp":"2026-08-11T17:10:34.687Z"}
{"level":"error","message":"URL: http://localhost:5000/api/workflow/execute/signup","service":"user-backend","timestamp":"2026-08-11T17:10:34.687Z"}
{"level":"info","message":"Request for Signup workflow is sending for email kiran.sadara6730@gmail.com","service":"user-backend","timestamp":"2026-08-11T17:10:34.687Z"}
{"level":"error","message":"Error while sending signup workflow request for kiran.sadara6730@gmail.com","service":"user-backend","timestamp":"2026-08-11T17:10:34.694Z"}
{"level":"error","message":"Attempt: 2","service":"user-backend","timestamp":"2026-08-11T17:10:34.694Z"}
{"level":"error","message":"Error message: connect ECONNREFUSED ::1:5000; connect ECONNREFUSED 127.0.0.1:5000","service":"user-backend","timestamp":"2026-08-11T17:10:34.694Z"}
{"level":"error","message":"Status: undefined","service":"user-backend","timestamp":"2026-08-11T17:10:34.694Z"}
{"level":"error","message":"Response: undefined","service":"user-backend","timestamp":"2026-08-11T17:10:34.695Z"}
{"level":"error","message":"URL: http://localhost:5000/api/workflow/execute/signup","service":"user-backend","timestamp":"2026-08-11T17:10:34.695Z"}
{"level":"info","message":"Request for Signup workflow is sending for email kiran.sadara6730@gmail.com","service":"user-backend","timestamp":"2026-08-11T17:10:34.695Z"}
{"level":"error","message":"Error while sending signup workflow request for kiran.sadara6730@gmail.com","service":"user-backend","timestamp":"2026-08-11T17:10:34.698Z"}
{"level":"error","message":"Attempt: 3","service":"user-backend","timestamp":"2026-08-11T17:10:34.698Z"}
{"level":"error","message":"Error message: connect ECONNREFUSED ::1:5000; connect ECONNREFUSED 127.0.0.1:5000","service":"user-backend","timestamp":"2026-08-11T17:10:34.698Z"}
{"level":"error","message":"Status: undefined","service":"user-backend","timestamp":"2026-08-11T17:10:34.698Z"}
{"level":"error","message":"Response: undefined","service":"user-backend","timestamp":"2026-08-11T17:10:34.699Z"}
{"level":"error","message":"URL: http://localhost:5000/api/workflow/execute/signup","service":"user-backend","timestamp":"2026-08-11T17:10:34.699Z"}
{"level":"info","message":"Request for Signup workflow is sending for email kiran.sadara6730@gmail.com","service":"user-backend","timestamp":"2026-08-11T17:10:35.029Z"}
{"level":"error","message":"Error while sending signup workflow request for kiran.sadara6730@gmail.com","service":"user-backend","timestamp":"2026-08-11T17:10:35.034Z"}
{"level":"error","message":"Attempt: 1","service":"user-backend","timestamp":"2026-08-11T17:10:35.034Z"}
{"level":"error","message":"Error message: connect ECONNREFUSED ::1:5000; connect ECONNREFUSED 127.0.0.1:5000","service":"user-backend","timestamp":"2026-08-11T17:10:35.034Z"}
{"level":"error","message":"Status: undefined","service":"user-backend","timestamp":"2026-08-11T17:10:35.035Z"}
{"level":"error","message":"Response: undefined","service":"user-backend","timestamp":"2026-08-11T17:10:35.035Z"}
{"level":"error","message":"URL: http://localhost:5000/api/workflow/execute/signup","service":"user-backend","timestamp":"2026-08-11T17:10:35.035Z"}
{"level":"info","message":"Request for Signup workflow is sending for email kiran.sadara6730@gmail.com","service":"user-backend","timestamp":"2026-08-11T17:10:35.035Z"}
{"level":"error","message":"Error while sending signup workflow request for kiran.sadara6730@gmail.com","service":"user-backend","timestamp":"2026-08-11T17:10:35.039Z"}
{"level":"error","message":"Attempt: 2","service":"user-backend","timestamp":"2026-08-11T17:10:35.040Z"}
{"level":"error","message":"Error message: connect ECONNREFUSED ::1:5000; connect ECONNREFUSED 127.0.0.1:5000","service":"user-backend","timestamp":"2026-08-11T17:10:35.040Z"}
{"level":"error","message":"Status: undefined","service":"user-backend","timestamp":"2026-08-11T17:10:35.040Z"}
{"level":"error","message":"Response: undefined","service":"user-backend","timestamp":"2026-08-11T17:10:35.040Z"}
{"level":"error","message":"URL: http://localhost:5000/api/workflow/execute/signup","service":"user-backend","timestamp":"2026-08-11T17:10:35.040Z"}
{"level":"info","message":"Request for Signup workflow is sending for email kiran.sadara6730@gmail.com","service":"user-backend","timestamp":"2026-08-11T17:10:35.040Z"}
{"level":"error","message":"Error while sending signup workflow request for kiran.sadara6730@gmail.com","service":"user-backend","timestamp":"2026-08-11T17:10:35.044Z"}
{"level":"error","message":"Attempt: 3","service":"user-backend","timestamp":"2026-08-11T17:10:35.045Z"}
{"level":"error","message":"Error message: connect ECONNREFUSED ::1:5000; connect ECONNREFUSED 127.0.0.1:5000","service":"user-backend","timestamp":"2026-08-11T17:10:35.045Z"}
{"level":"error","message":"Status: undefined","service":"user-backend","timestamp":"2026-08-11T17:10:35.045Z"}
{"level":"error","message":"Response: undefined","service":"user-backend","timestamp":"2026-08-11T17:10:35.045Z"}
{"level":"error","message":"URL: http://localhost:5000/api/workflow/execute/signup","service":"user-backend","timestamp":"2026-08-11T17:10:35.045Z"}
{"email":"kiran.sadara6730@gmail.com","level":"info","message":"Sign up request received","service":"user-backend","timestamp":"2026-08-11T17:11:05.491Z","username":"kiran_24"}
{"email":"kiran.sadara6730@gmail.com","level":"info","message":"Registering new user","service":"user-backend","timestamp":"2026-08-11T17:11:05.492Z","username":"kiran_24"}
{"level":"info","message":"Sending signup event to Kafka for kiran.sadara6730@gmail.com","service":"user-backend","timestamp":"2026-08-11T17:11:06.597Z"}
{"level":"info","message":"Signup event successfully published to Kafka for kiran.sadara6730@gmail.com","service":"user-backend","timestamp":"2026-08-11T17:11:07.238Z"}
{"email":"kiran.sadara6730@gmail.com","level":"info","message":"User registered successfully","service":"user-backend","timestamp":"2026-08-11T17:11:07.239Z","username":"kiran_24"}
{"email":"kiran.sadara6730@gmail.com","level":"info","message":"User registered successfully","service":"user-backend","timestamp":"2026-08-11T17:11:07.239Z","username":"kiran_24"}
{"level":"info","message":"Request for Signup workflow is sending for email kiran.sadara6730@gmail.com","service":"user-backend","timestamp":"2026-08-11T17:11:07.255Z"}
{"level":"error","message":"Error while sending signup workflow request for kiran.sadara6730@gmail.com","service":"user-backend","timestamp":"2026-08-11T17:11:07.261Z"}
{"level":"error","message":"Attempt: 1","service":"user-backend","timestamp":"2026-08-11T17:11:07.261Z"}
{"level":"error","message":"Error message: connect ECONNREFUSED ::1:5000; connect ECONNREFUSED 127.0.0.1:5000","service":"user-backend","timestamp":"2026-08-11T17:11:07.261Z"}
{"level":"error","message":"Status: undefined","service":"user-backend","timestamp":"2026-08-11T17:11:07.261Z"}
{"level":"error","message":"Response: undefined","service":"user-backend","timestamp":"2026-08-11T17:11:07.262Z"}
{"level":"error","message":"URL: http://localhost:5000/api/workflow/execute/signup","service":"user-backend","timestamp":"2026-08-11T17:11:07.262Z"}
{"level":"info","message":"Request for Signup workflow is sending for email kiran.sadara6730@gmail.com","service":"user-backend","timestamp":"2026-08-11T17:11:07.262Z"}
{"level":"error","message":"Error while sending signup workflow request for kiran.sadara6730@gmail.com","service":"user-backend","timestamp":"2026-08-11T17:11:07.268Z"}
{"level":"error","message":"Attempt: 2","service":"user-backend","timestamp":"2026-08-11T17:11:07.269Z"}
{"level":"error","message":"Error message: connect ECONNREFUSED ::1:5000; connect ECONNREFUSED 127.0.0.1:5000","service":"user-backend","timestamp":"2026-08-11T17:11:07.269Z"}
{"level":"error","message":"Status: undefined","service":"user-backend","timestamp":"2026-08-11T17:11:07.270Z"}
{"level":"error","message":"Response: undefined","service":"user-backend","timestamp":"2026-08-11T17:11:07.271Z"}
{"level":"error","message":"URL: http://localhost:5000/api/workflow/execute/signup","service":"user-backend","timestamp":"2026-08-11T17:11:07.272Z"}
{"level":"info","message":"Request for Signup workflow is sending for email kiran.sadara6730@gmail.com","service":"user-backend","timestamp":"2026-08-11T17:11:07.273Z"}
{"level":"error","message":"Error while sending signup workflow request for kiran.sadara6730@gmail.com","service":"user-backend","timestamp":"2026-08-11T17:11:07.278Z"}
{"level":"error","message":"Attempt: 3","service":"user-backend","timestamp":"2026-08-11T17:11:07.278Z"}
{"level":"error","message":"Error message: connect ECONNREFUSED ::1:5000; connect ECONNREFUSED 127.0.0.1:5000","service":"user-backend","timestamp":"2026-08-11T17:11:07.279Z"}
{"level":"error","message":"Status: undefined","service":"user-backend","timestamp":"2026-08-11T17:11:07.280Z"}
{"level":"error","message":"Response: undefined","service":"user-backend","timestamp":"2026-08-11T17:11:07.281Z"}
{"level":"error","message":"URL: http://localhost:5000/api/workflow/execute/signup","service":"user-backend","timestamp":"2026-08-11T17:11:07.281Z"}
{"email":"kiran.sadara6730@gmail.com","level":"info","message":"Sign up request received","service":"user-backend","timestamp":"2026-08-11T17:12:42.045Z","username":"kiran_24"}
{"email":"kiran.sadara6730@gmail.com","level":"info","message":"Registering new user","service":"user-backend","timestamp":"2026-08-11T17:12:42.052Z","username":"kiran_24"}
{"level":"info","message":"Sending signup event to Kafka for kiran.sadara6730@gmail.com","service":"user-backend","timestamp":"2026-08-11T17:12:42.303Z"}
{"level":"info","message":"Signup event successfully published to Kafka for kiran.sadara6730@gmail.com","service":"user-backend","timestamp":"2026-08-11T17:12:42.346Z"}
{"email":"kiran.sadara6730@gmail.com","level":"info","message":"User registered successfully","service":"user-backend","timestamp":"2026-08-11T17:12:42.346Z","username":"kiran_24"}
{"email":"kiran.sadara6730@gmail.com","level":"info","message":"User registered successfully","service":"user-backend","timestamp":"2026-08-11T17:12:42.346Z","username":"kiran_24"}
{"level":"info","message":"Request for Signup workflow is sending for email kiran.sadara6730@gmail.com","service":"user-backend","timestamp":"2026-08-11T17:12:42.360Z"}
{"level":"error","message":"Error while sending signup workflow request for kiran.sadara6730@gmail.com","service":"user-backend","timestamp":"2026-08-11T17:12:42.790Z"}
{"level":"error","message":"Attempt: 1","service":"user-backend","timestamp":"2026-08-11T17:12:42.792Z"}
{"level":"error","message":"Error message: Request failed with status code 400","service":"user-backend","timestamp":"2026-08-11T17:12:42.792Z"}
{"level":"error","message":"Status: 400","service":"user-backend","timestamp":"2026-08-11T17:12:42.792Z"}
{"level":"error","message":"Response: {\"message\":\"Fields required for signup flow are missing\"}","service":"user-backend","timestamp":"2026-08-11T17:12:42.792Z"}
{"level":"error","message":"URL: http://localhost:5000/api/workflow/execute/signup","service":"user-backend","timestamp":"2026-08-11T17:12:42.792Z"}
{"level":"info","message":"Request for Signup workflow is sending for email kiran.sadara6730@gmail.com","service":"user-backend","timestamp":"2026-08-11T17:12:42.793Z"}
{"level":"error","message":"Error while sending signup workflow request for kiran.sadara6730@gmail.com","service":"user-backend","timestamp":"2026-08-11T17:12:42.804Z"}
{"level":"error","message":"Attempt: 2","service":"user-backend","timestamp":"2026-08-11T17:12:42.805Z"}
{"level":"error","message":"Error message: Request failed with status code 400","service":"user-backend","timestamp":"2026-08-11T17:12:42.805Z"}
{"level":"error","message":"Status: 400","service":"user-backend","timestamp":"2026-08-11T17:12:42.805Z"}
{"level":"error","message":"Response: {\"message\":\"Fields required for signup flow are missing\"}","service":"user-backend","timestamp":"2026-08-11T17:12:42.805Z"}
{"level":"error","message":"URL: http://localhost:5000/api/workflow/execute/signup","service":"user-backend","timestamp":"2026-08-11T17:12:42.805Z"}
{"level":"info","message":"Request for Signup workflow is sending for email kiran.sadara6730@gmail.com","service":"user-backend","timestamp":"2026-08-11T17:12:42.806Z"}
{"level":"error","message":"Error while sending signup workflow request for kiran.sadara6730@gmail.com","service":"user-backend","timestamp":"2026-08-11T17:12:42.811Z"}
{"level":"error","message":"Attempt: 3","service":"user-backend","timestamp":"2026-08-11T17:12:42.811Z"}
{"level":"error","message":"Error message: Request failed with status code 400","service":"user-backend","timestamp":"2026-08-11T17:12:42.812Z"}
{"level":"error","message":"Status: 400","service":"user-backend","timestamp":"2026-08-11T17:12:42.812Z"}
{"level":"error","message":"Response: {\"message\":\"Fields required for signup flow are missing\"}","service":"user-backend","timestamp":"2026-08-11T17:12:42.812Z"}
{"level":"error","message":"URL: http://localhost:5000/api/workflow/execute/signup","service":"user-backend","timestamp":"2026-08-11T17:12:42.812Z"}
{"email":"kiran.sadara6730@gmail.com","level":"info","message":"Sign up request received","service":"user-backend","timestamp":"2026-08-11T17:14:31.601Z","username":"kiran_24"}
{"email":"kiran.sadara6730@gmail.com","level":"info","message":"Registering new user","service":"user-backend","timestamp":"2026-08-11T17:14:31.601Z","username":"kiran_24"}
{"level":"info","message":"Sending signup event to Kafka for kiran.sadara6730@gmail.com","service":"user-backend","timestamp":"2026-08-11T17:14:31.788Z"}
{"level":"info","message":"Signup event successfully published to Kafka for kiran.sadara6730@gmail.com","service":"user-backend","timestamp":"2026-08-11T17:14:31.895Z"}
{"email":"kiran.sadara6730@gmail.com","level":"info","message":"User registered successfully","service":"user-backend","timestamp":"2026-08-11T17:14:31.895Z","username":"kiran_24"}
{"email":"kiran.sadara6730@gmail.com","level":"info","message":"User registered successfully","service":"user-backend","timestamp":"2026-08-11T17:14:31.895Z","username":"kiran_24"}
{"level":"info","message":"Request for Signup workflow is sending for email kiran.sadara6730@gmail.com","service":"user-backend","timestamp":"2026-08-11T17:14:31.910Z"}
{"level":"error","message":"Error while sending signup workflow request for kiran.sadara6730@gmail.com","service":"user-backend","timestamp":"2026-08-11T17:14:32.180Z"}
{"level":"error","message":"Attempt: 1","service":"user-backend","timestamp":"2026-08-11T17:14:32.181Z"}
{"level":"error","message":"Error message: Request failed with status code 500","service":"user-backend","timestamp":"2026-08-11T17:14:32.182Z"}
{"level":"error","message":"Status: 500","service":"user-backend","timestamp":"2026-08-11T17:14:32.182Z"}
{"level":"error","message":"Response: {\"message\":\"Internal server Error\"}","service":"user-backend","timestamp":"2026-08-11T17:14:32.183Z"}
{"level":"error","message":"URL: http://localhost:5000/api/workflow/execute/signup","service":"user-backend","timestamp":"2026-08-11T17:14:32.183Z"}
{"level":"info","message":"Request for Signup workflow is sending for email kiran.sadara6730@gmail.com","service":"user-backend","timestamp":"2026-08-11T17:14:32.183Z"}
{"level":"error","message":"Error while sending signup workflow request for kiran.sadara6730@gmail.com","service":"user-backend","timestamp":"2026-08-11T17:14:32.189Z"}
{"level":"error","message":"Attempt: 2","service":"user-backend","timestamp":"2026-08-11T17:14:32.190Z"}
{"level":"error","message":"Error message: Request failed with status code 500","service":"user-backend","timestamp":"2026-08-11T17:14:32.190Z"}
{"level":"error","message":"Status: 500","service":"user-backend","timestamp":"2026-08-11T17:14:32.190Z"}
{"level":"error","message":"Response: {\"message\":\"Internal server Error\"}","service":"user-backend","timestamp":"2026-08-11T17:14:32.190Z"}
{"level":"error","message":"URL: http://localhost:5000/api/workflow/execute/signup","service":"user-backend","timestamp":"2026-08-11T17:14:32.190Z"}
{"level":"info","message":"Request for Signup workflow is sending for email kiran.sadara6730@gmail.com","service":"user-backend","timestamp":"2026-08-11T17:14:32.190Z"}
{"level":"error","message":"Error while sending signup workflow request for kiran.sadara6730@gmail.com","service":"user-backend","timestamp":"2026-08-11T17:14:32.198Z"}
{"level":"error","message":"Attempt: 3","service":"user-backend","timestamp":"2026-08-11T17:14:32.199Z"}
{"level":"error","message":"Error message: Request failed with status code 500","service":"user-backend","timestamp":"2026-08-11T17:14:32.199Z"}
{"level":"error","message":"Status: 500","service":"user-backend","timestamp":"2026-08-11T17:14:32.199Z"}
{"level":"error","message":"Response: {\"message\":\"Internal server Error\"}","service":"user-backend","timestamp":"2026-08-11T17:14:32.200Z"}
{"level":"error","message":"URL: http://localhost:5000/api/workflow/execute/signup","service":"user-backend","timestamp":"2026-08-11T17:14:32.200Z"}
{"email":"kiran.sadara6730@gmail.com","level":"info","message":"Sign up request received","service":"user-backend","timestamp":"2026-08-11T17:15:33.827Z","username":"kiran_24"}
{"email":"kiran.sadara6730@gmail.com","level":"info","message":"Registering new user","service":"user-backend","timestamp":"2026-08-11T17:15:33.828Z","username":"kiran_24"}
{"level":"info","message":"Sending signup event to Kafka for kiran.sadara6730@gmail.com","service":"user-backend","timestamp":"2026-08-11T17:15:34.307Z"}
{"level":"info","message":"Signup event successfully published to Kafka for kiran.sadara6730@gmail.com","service":"user-backend","timestamp":"2026-08-11T17:15:34.357Z"}
{"email":"kiran.sadara6730@gmail.com","level":"info","message":"User registered successfully","service":"user-backend","timestamp":"2026-08-11T17:15:34.357Z","username":"kiran_24"}
{"email":"kiran.sadara6730@gmail.com","level":"info","message":"User registered successfully","service":"user-backend","timestamp":"2026-08-11T17:15:34.358Z","username":"kiran_24"}
{"level":"info","message":"Request for Signup workflow is sending for email kiran.sadara6730@gmail.com","service":"user-backend","timestamp":"2026-08-11T17:15:34.368Z"}
{"level":"error","message":"Error while sending signup workflow request for kiran.sadara6730@gmail.com","service":"user-backend","timestamp":"2026-08-11T17:15:36.245Z"}
{"level":"error","message":"Attempt: 1","service":"user-backend","timestamp":"2026-08-11T17:15:36.246Z"}
{"level":"error","message":"Error message: Request failed with status code 500","service":"user-backend","timestamp":"2026-08-11T17:15:36.246Z"}
{"level":"error","message":"Status: 500","service":"user-backend","timestamp":"2026-08-11T17:15:36.247Z"}
{"level":"error","message":"Response: {\"message\":\"Internal server Error\"}","service":"user-backend","timestamp":"2026-08-11T17:15:36.247Z"}
{"level":"error","message":"URL: http://localhost:5000/api/workflow/execute/signup","service":"user-backend","timestamp":"2026-08-11T17:15:36.247Z"}
{"level":"info","message":"Request for Signup workflow is sending for email kiran.sadara6730@gmail.com","service":"user-backend","timestamp":"2026-08-11T17:15:36.247Z"}
{"level":"error","message":"Error while sending signup workflow request for kiran.sadara6730@gmail.com","service":"user-backend","timestamp":"2026-08-11T17:15:36.328Z"}
{"level":"error","message":"Attempt: 2","service":"user-backend","timestamp":"2026-08-11T17:15:36.329Z"}
{"level":"error","message":"Error message: Request failed with status code 500","service":"user-backend","timestamp":"2026-08-11T17:15:36.330Z"}
{"level":"error","message":"Status: 500","service":"user-backend","timestamp":"2026-08-11T17:15:36.330Z"}
{"level":"error","message":"Response: {\"message\":\"Internal server Error\"}","service":"user-backend","timestamp":"2026-08-11T17:15:36.330Z"}
{"level":"error","message":"URL: http://localhost:5000/api/workflow/execute/signup","service":"user-backend","timestamp":"2026-08-11T17:15:36.331Z"}
{"level":"info","message":"Request for Signup workflow is sending for email kiran.sadara6730@gmail.com","service":"user-backend","timestamp":"2026-08-11T17:15:36.331Z"}
{"level":"error","message":"Error while sending signup workflow request for kiran.sadara6730@gmail.com","service":"user-backend","timestamp":"2026-08-11T17:15:36.536Z"}
{"level":"error","message":"Attempt: 3","service":"user-backend","timestamp":"2026-08-11T17:15:36.536Z"}
{"level":"error","message":"Error message: Request failed with status code 500","service":"user-backend","timestamp":"2026-08-11T17:15:36.537Z"}
{"level":"error","message":"Status: 500","service":"user-backend","timestamp":"2026-08-11T17:15:36.537Z"}
{"level":"error","message":"Response: {\"message\":\"Internal server Error\"}","service":"user-backend","timestamp":"2026-08-11T17:15:36.537Z"}
{"level":"error","message":"URL: http://localhost:5000/api/workflow/execute/signup","service":"user-backend","timestamp":"2026-08-11T17:15:36.537Z"}
{"email":"kiran.sadara6730@gmail.com","level":"info","message":"Sign up request received","service":"user-backend","timestamp":"2026-08-11T17:17:36.762Z","username":"kiran_24"}
{"email":"kiran.sadara6730@gmail.com","level":"info","message":"Registering new user","service":"user-backend","timestamp":"2026-08-11T17:17:36.762Z","username":"kiran_24"}
{"email":"kiran.sadara6730@gmail.com","level":"warn","message":"Sign up failed: user already registered","service":"user-backend","timestamp":"2026-08-11T17:17:37.154Z"}
{"error":{},"level":"error","message":"Error during sign up","service":"user-backend","timestamp":"2026-08-11T17:17:37.155Z"}
{"email":"kiran.sadara6730@gmail.com","level":"warn","message":"Sign up failed: user already registered","service":"user-backend","timestamp":"2026-08-11T17:17:37.155Z"}
{"email":"kiran.sadara6730@gmail.com","level":"info","message":"Sign up request received","service":"user-backend","timestamp":"2026-08-11T17:20:12.181Z","username":"kiran_24"}
{"email":"kiran.sadara6730@gmail.com","level":"info","message":"Registering new user","service":"user-backend","timestamp":"2026-08-11T17:20:12.182Z","username":"kiran_24"}
{"level":"info","message":"Sending signup event to Kafka for kiran.sadara6730@gmail.com","service":"user-backend","timestamp":"2026-08-11T17:20:12.410Z"}
{"level":"info","message":"Signup event successfully published to Kafka for kiran.sadara6730@gmail.com","service":"user-backend","timestamp":"2026-08-11T17:20:12.502Z"}
{"email":"kiran.sadara6730@gmail.com","level":"info","message":"User registered successfully","service":"user-backend","timestamp":"2026-08-11T17:20:12.502Z","username":"kiran_24"}
{"email":"kiran.sadara6730@gmail.com","level":"info","message":"User registered successfully","service":"user-backend","timestamp":"2026-08-11T17:20:12.502Z","username":"kiran_24"}
{"level":"info","message":"Request for Signup workflow is sending for email kiran.sadara6730@gmail.com","service":"user-backend","timestamp":"2026-08-11T17:20:12.521Z"}
{"level":"error","message":"Error while sending signup workflow request for kiran.sadara6730@gmail.com","service":"user-backend","timestamp":"2026-08-11T17:20:12.757Z"}
{"level":"error","message":"Attempt: 1","service":"user-backend","timestamp":"2026-08-11T17:20:12.758Z"}
{"level":"error","message":"Error message: Request failed with status code 500","service":"user-backend","timestamp":"2026-08-11T17:20:12.758Z"}
{"level":"error","message":"Status: 500","service":"user-backend","timestamp":"2026-08-11T17:20:12.758Z"}
{"level":"error","message":"Response: {\"message\":\"Internal server Error\"}","service":"user-backend","timestamp":"2026-08-11T17:20:12.758Z"}
{"level":"error","message":"URL: http://localhost:5000/api/workflow/execute/signup","service":"user-backend","timestamp":"2026-08-11T17:20:12.758Z"}
{"level":"info","message":"Request for Signup workflow is sending for email kiran.sadara6730@gmail.com","service":"user-backend","timestamp":"2026-08-11T17:20:12.759Z"}
{"level":"error","message":"Error while sending signup workflow request for kiran.sadara6730@gmail.com","service":"user-backend","timestamp":"2026-08-11T17:20:13.164Z"}
{"level":"error","message":"Attempt: 2","service":"user-backend","timestamp":"2026-08-11T17:20:13.165Z"}
{"level":"error","message":"Error message: Request failed with status code 500","service":"user-backend","timestamp":"2026-08-11T17:20:13.165Z"}
{"level":"error","message":"Status: 500","service":"user-backend","timestamp":"2026-08-11T17:20:13.165Z"}
{"level":"error","message":"Response: {\"message\":\"Internal server Error\"}","service":"user-backend","timestamp":"2026-08-11T17:20:13.166Z"}
{"level":"error","message":"URL: http://localhost:5000/api/workflow/execute/signup","service":"user-backend","timestamp":"2026-08-11T17:20:13.166Z"}
{"level":"info","message":"Request for Signup workflow is sending for email kiran.sadara6730@gmail.com","service":"user-backend","timestamp":"2026-08-11T17:20:13.166Z"}
{"level":"error","message":"Error while sending signup workflow request for kiran.sadara6730@gmail.com","service":"user-backend","timestamp":"2026-08-11T17:20:13.254Z"}
{"level":"error","message":"Attempt: 3","service":"user-backend","timestamp":"2026-08-11T17:20:13.255Z"}
{"level":"error","message":"Error message: Request failed with status code 500","service":"user-backend","timestamp":"2026-08-11T17:20:13.255Z"}
{"level":"error","message":"Status: 500","service":"user-backend","timestamp":"2026-08-11T17:20:13.255Z"}
{"level":"error","message":"Response: {\"message\":\"Internal server Error\"}","service":"user-backend","timestamp":"2026-08-11T17:20:13.255Z"}
{"level":"error","message":"URL: http://localhost:5000/api/workflow/execute/signup","service":"user-backend","timestamp":"2026-08-11T17:20:13.255Z"}
{"email":"kiran.sadara6730@gmail.com","level":"info","message":"Sign up request received","service":"user-backend","timestamp":"2026-08-11T17:23:48.431Z","username":"kiran_24"}
{"email":"kiran.sadara6730@gmail.com","level":"info","message":"Registering new user","service":"user-backend","timestamp":"2026-08-11T17:23:48.441Z","username":"kiran_24"}
{"level":"info","message":"Sending signup event to Kafka for kiran.sadara6730@gmail.com","service":"user-backend","timestamp":"2026-08-11T17:23:49.522Z"}
{"level":"info","message":"Signup event successfully published to Kafka for kiran.sadara6730@gmail.com","service":"user-backend","timestamp":"2026-08-11T17:23:49.620Z"}
{"email":"kiran.sadara6730@gmail.com","level":"info","message":"User registered successfully","service":"user-backend","timestamp":"2026-08-11T17:23:49.620Z","username":"kiran_24"}
{"email":"kiran.sadara6730@gmail.com","level":"info","message":"User registered successfully","service":"user-backend","timestamp":"2026-08-11T17:23:49.621Z","username":"kiran_24"}
{"level":"info","message":"Request for Signup workflow is sending for email kiran.sadara6730@gmail.com","service":"user-backend","timestamp":"2026-08-11T17:23:49.634Z"}
{"level":"error","message":"Error while sending signup workflow request for kiran.sadara6730@gmail.com","service":"user-backend","timestamp":"2026-08-11T17:23:50.902Z"}
{"level":"error","message":"Attempt: 1","service":"user-backend","timestamp":"2026-08-11T17:23:50.903Z"}
{"level":"error","message":"Error message: Request failed with status code 500","service":"user-backend","timestamp":"2026-08-11T17:23:50.903Z"}
{"level":"error","message":"Status: 500","service":"user-backend","timestamp":"2026-08-11T17:23:50.903Z"}
{"level":"error","message":"Response: {\"message\":\"Internal server Error\"}","service":"user-backend","timestamp":"2026-08-11T17:23:50.903Z"}
{"level":"error","message":"URL: http://localhost:5000/api/workflow/execute/signup","service":"user-backend","timestamp":"2026-08-11T17:23:50.903Z"}
{"level":"info","message":"Request for Signup workflow is sending for email kiran.sadara6730@gmail.com","service":"user-backend","timestamp":"2026-08-11T17:23:50.903Z"}
{"level":"error","message":"Error while sending signup workflow request for kiran.sadara6730@gmail.com","service":"user-backend","timestamp":"2026-08-11T17:23:51.095Z"}
{"level":"error","message":"Attempt: 2","service":"user-backend","timestamp":"2026-08-11T17:23:51.096Z"}
{"level":"error","message":"Error message: Request failed with status code 500","service":"user-backend","timestamp":"2026-08-11T17:23:51.096Z"}
{"level":"error","message":"Status: 500","service":"user-backend","timestamp":"2026-08-11T17:23:51.096Z"}
{"level":"error","message":"Response: {\"message\":\"Internal server Error\"}","service":"user-backend","timestamp":"2026-08-11T17:23:51.096Z"}
{"level":"error","message":"URL: http://localhost:5000/api/workflow/execute/signup","service":"user-backend","timestamp":"2026-08-11T17:23:51.097Z"}
{"level":"info","message":"Request for Signup workflow is sending for email kiran.sadara6730@gmail.com","service":"user-backend","timestamp":"2026-08-11T17:23:51.097Z"}
{"level":"error","message":"Error while sending signup workflow request for kiran.sadara6730@gmail.com","service":"user-backend","timestamp":"2026-08-11T17:23:51.761Z"}
{"level":"error","message":"Attempt: 3","service":"user-backend","timestamp":"2026-08-11T17:23:51.762Z"}
{"level":"error","message":"Error message: Request failed with status code 500","service":"user-backend","timestamp":"2026-08-11T17:23:51.762Z"}
{"level":"error","message":"Status: 500","service":"user-backend","timestamp":"2026-08-11T17:23:51.762Z"}
{"level":"error","message":"Response: {\"message\":\"Internal server Error\"}","service":"user-backend","timestamp":"2026-08-11T17:23:51.762Z"}
{"level":"error","message":"URL: http://localhost:5000/api/workflow/execute/signup","service":"user-backend","timestamp":"2026-08-11T17:23:51.763Z"}
{"email":"kiran.sadara6730@gmail.com","level":"info","message":"Sign up request received","service":"user-backend","timestamp":"2026-08-11T17:25:27.503Z","username":"kiran_24"}
{"email":"kiran.sadara6730@gmail.com","level":"info","message":"Registering new user","service":"user-backend","timestamp":"2026-08-11T17:25:27.505Z","username":"kiran_24"}
{"level":"info","message":"Sending signup event to Kafka for kiran.sadara6730@gmail.com","service":"user-backend","timestamp":"2026-08-11T17:25:28.070Z"}
{"level":"info","message":"Signup event successfully published to Kafka for kiran.sadara6730@gmail.com","service":"user-backend","timestamp":"2026-08-11T17:25:28.182Z"}
{"email":"kiran.sadara6730@gmail.com","level":"info","message":"User registered successfully","service":"user-backend","timestamp":"2026-08-11T17:25:28.183Z","username":"kiran_24"}
{"email":"kiran.sadara6730@gmail.com","level":"info","message":"User registered successfully","service":"user-backend","timestamp":"2026-08-11T17:25:28.183Z","username":"kiran_24"}
{"level":"info","message":"Request for Signup workflow is sending for email kiran.sadara6730@gmail.com","service":"user-backend","timestamp":"2026-08-11T17:25:28.194Z"}
{"level":"info","message":"Signup workflow executed successfully for email kiran.sadara6730@gmail.com","service":"user-backend","timestamp":"2026-08-11T17:25:42.729Z"}
{"level":"info","message":"Request for Signup workflow is sending for email kiran.sadara6730@gmail.com","service":"user-backend","timestamp":"2026-08-11T17:25:42.730Z"}
{"level":"info","message":"Signup workflow executed successfully for email kiran.sadara6730@gmail.com","service":"user-backend","timestamp":"2026-08-11T17:25:42.851Z"}
{"level":"info","message":"Request for Signup workflow is sending for email kiran.sadara6730@gmail.com","service":"user-backend","timestamp":"2026-08-11T17:25:42.851Z"}
{"level":"info","message":"Signup workflow executed successfully for email kiran.sadara6730@gmail.com","service":"user-backend","timestamp":"2026-08-11T17:25:43.020Z"}
{"level":"info","message":"Request for Signup workflow is sending for email kiran.sadara6730@gmail.com","service":"user-backend","timestamp":"2026-08-11T17:25:43.021Z"}
{"level":"info","message":"Signup workflow executed successfully for email kiran.sadara6730@gmail.com","service":"user-backend","timestamp":"2026-08-11T17:25:43.111Z"}
{"level":"info","message":"Request for Signup workflow is sending for email kiran.sadara6730@gmail.com","service":"user-backend","timestamp":"2026-08-11T17:25:43.111Z"}
{"level":"info","message":"Signup workflow executed successfully for email kiran.sadara6730@gmail.com","service":"user-backend","timestamp":"2026-08-11T17:25:43.271Z"}
{"level":"info","message":"Request for Signup workflow is sending for email kiran.sadara6730@gmail.com","service":"user-backend","timestamp":"2026-08-11T17:25:43.272Z"}
{"level":"info","message":"Signup workflow executed successfully for email kiran.sadara6730@gmail.com","service":"user-backend","timestamp":"2026-08-11T17:25:43.358Z"}
{"level":"info","message":"Request for Signup workflow is sending for email kiran.sadara6730@gmail.com","service":"user-backend","timestamp":"2026-08-11T17:25:43.359Z"}
{"level":"info","message":"Signup workflow executed successfully for email kiran.sadara6730@gmail.com","service":"user-backend","timestamp":"2026-08-11T17:25:43.443Z"}
{"level":"info","message":"Request for Signup workflow is sending for email kiran.sadara6730@gmail.com","service":"user-backend","timestamp":"2026-08-11T17:25:43.444Z"}
{"level":"info","message":"Signup workflow executed successfully for email kiran.sadara6730@gmail.com","service":"user-backend","timestamp":"2026-08-11T17:25:43.551Z"}
{"level":"info","message":"Request for Signup workflow is sending for email kiran.sadara6730@gmail.com","service":"user-backend","timestamp":"2026-08-11T17:25:43.551Z"}
{"level":"info","message":"Signup workflow executed successfully for email kiran.sadara6730@gmail.com","service":"user-backend","timestamp":"2026-08-11T17:25:43.660Z"}
{"level":"info","message":"Request for Signup workflow is sending for email kiran.sadara6730@gmail.com","service":"user-backend","timestamp":"2026-08-11T17:25:43.660Z"}
{"level":"info","message":"Signup workflow executed successfully for email kiran.sadara6730@gmail.com","service":"user-backend","timestamp":"2026-08-11T17:25:44.165Z"}
{"level":"info","message":"Request for Signup workflow is sending for email kiran.sadara6730@gmail.com","service":"user-backend","timestamp":"2026-08-11T17:25:44.165Z"}
{"level":"info","message":"Signup workflow executed successfully for email kiran.sadara6730@gmail.com","service":"user-backend","timestamp":"2026-08-11T17:25:44.355Z"}
{"level":"info","message":"Request for Signup workflow is sending for email kiran.sadara6730@gmail.com","service":"user-backend","timestamp":"2026-08-11T17:25:44.355Z"}
{"level":"info","message":"Signup workflow executed successfully for email kiran.sadara6730@gmail.com","service":"user-backend","timestamp":"2026-08-11T17:25:44.474Z"}
{"level":"info","message":"Request for Signup workflow is sending for email kiran.sadara6730@gmail.com","service":"user-backend","timestamp":"2026-08-11T17:25:44.474Z"}
{"level":"info","message":"Signup workflow executed successfully for email kiran.sadara6730@gmail.com","service":"user-backend","timestamp":"2026-08-11T17:25:44.577Z"}
{"level":"info","message":"Request for Signup workflow is sending for email kiran.sadara6730@gmail.com","service":"user-backend","timestamp":"2026-08-11T17:25:44.577Z"}
{"level":"info","message":"Signup workflow executed successfully for email kiran.sadara6730@gmail.com","service":"user-backend","timestamp":"2026-08-11T17:25:44.694Z"}
{"level":"info","message":"Request for Signup workflow is sending for email kiran.sadara6730@gmail.com","service":"user-backend","timestamp":"2026-08-11T17:25:44.694Z"}
{"level":"info","message":"Signup workflow executed successfully for email kiran.sadara6730@gmail.com","service":"user-backend","timestamp":"2026-08-11T17:25:44.815Z"}
{"level":"info","message":"Request for Signup workflow is sending for email kiran.sadara6730@gmail.com","service":"user-backend","timestamp":"2026-08-11T17:25:44.816Z"}
{"level":"info","message":"Signup workflow executed successfully for email kiran.sadara6730@gmail.com","service":"user-backend","timestamp":"2026-08-11T17:25:45.090Z"}
{"level":"info","message":"Request for Signup workflow is sending for email kiran.sadara6730@gmail.com","service":"user-backend","timestamp":"2026-08-11T17:25:45.091Z"}
{"level":"info","message":"Signup workflow executed successfully for email kiran.sadara6730@gmail.com","service":"user-backend","timestamp":"2026-08-11T17:25:45.231Z"}
{"level":"info","message":"Request for Signup workflow is sending for email kiran.sadara6730@gmail.com","service":"user-backend","timestamp":"2026-08-11T17:25:45.232Z"}
{"level":"info","message":"Signup workflow executed successfully for email kiran.sadara6730@gmail.com","service":"user-backend","timestamp":"2026-08-11T17:25:45.406Z"}
{"level":"info","message":"Request for Signup workflow is sending for email kiran.sadara6730@gmail.com","service":"user-backend","timestamp":"2026-08-11T17:25:45.407Z"}
{"level":"info","message":"Signup workflow executed successfully for email kiran.sadara6730@gmail.com","service":"user-backend","timestamp":"2026-08-11T17:25:45.532Z"}
{"level":"info","message":"Request for Signup workflow is sending for email kiran.sadara6730@gmail.com","service":"user-backend","timestamp":"2026-08-11T17:25:45.533Z"}
{"level":"info","message":"Signup workflow executed successfully for email kiran.sadara6730@gmail.com","service":"user-backend","timestamp":"2026-08-11T17:25:45.664Z"}
{"level":"info","message":"Request for Signup workflow is sending for email kiran.sadara6730@gmail.com","service":"user-backend","timestamp":"2026-08-11T17:25:45.672Z"}
{"level":"info","message":"Signup workflow executed successfully for email kiran.sadara6730@gmail.com","service":"user-backend","timestamp":"2026-08-11T17:25:45.899Z"}
{"level":"info","message":"Request for Signup workflow is sending for email kiran.sadara6730@gmail.com","service":"user-backend","timestamp":"2026-08-11T17:25:45.899Z"}
{"level":"info","message":"Signup workflow executed successfully for email kiran.sadara6730@gmail.com","service":"user-backend","timestamp":"2026-08-11T17:25:46.026Z"}
{"level":"info","message":"Request for Signup workflow is sending for email kiran.sadara6730@gmail.com","service":"user-backend","timestamp":"2026-08-11T17:25:46.026Z"}
{"level":"info","message":"Signup workflow executed successfully for email kiran.sadara6730@gmail.com","service":"user-backend","timestamp":"2026-08-11T17:25:46.166Z"}
{"level":"info","message":"Request for Signup workflow is sending for email kiran.sadara6730@gmail.com","service":"user-backend","timestamp":"2026-08-11T17:25:46.166Z"}
{"level":"info","message":"Signup workflow executed successfully for email kiran.sadara6730@gmail.com","service":"user-backend","timestamp":"2026-08-11T17:25:46.333Z"}
{"level":"info","message":"Request for Signup workflow is sending for email kiran.sadara6730@gmail.com","service":"user-backend","timestamp":"2026-08-11T17:25:46.334Z"}
{"level":"info","message":"Signup workflow executed successfully for email kiran.sadara6730@gmail.com","service":"user-backend","timestamp":"2026-08-11T17:25:46.637Z"}
{"level":"info","message":"Request for Signup workflow is sending for email kiran.sadara6730@gmail.com","service":"user-backend","timestamp":"2026-08-11T17:25:46.638Z"}
{"level":"info","message":"Signup workflow executed successfully for email kiran.sadara6730@gmail.com","service":"user-backend","timestamp":"2026-08-11T17:25:46.757Z"}
{"level":"info","message":"Request for Signup workflow is sending for email kiran.sadara6730@gmail.com","service":"user-backend","timestamp":"2026-08-11T17:25:46.757Z"}
{"level":"info","message":"Signup workflow executed successfully for email kiran.sadara6730@gmail.com","service":"user-backend","timestamp":"2026-08-11T17:25:46.895Z"}
{"level":"info","message":"Request for Signup workflow is sending for email kiran.sadara6730@gmail.com","service":"user-backend","timestamp":"2026-08-11T17:25:46.896Z"}
{"level":"info","message":"Signup workflow executed successfully for email kiran.sadara6730@gmail.com","service":"user-backend","timestamp":"2026-08-11T17:25:47.022Z"}
{"level":"info","message":"Request for Signup workflow is sending for email kiran.sadara6730@gmail.com","service":"user-backend","timestamp":"2026-08-11T17:25:47.022Z"}
{"level":"info","message":"Signup workflow executed successfully for email kiran.sadara6730@gmail.com","service":"user-backend","timestamp":"2026-08-11T17:25:47.145Z"}
{"level":"info","message":"Request for Signup workflow is sending for email kiran.sadara6730@gmail.com","service":"user-backend","timestamp":"2026-08-11T17:25:47.146Z"}
{"level":"info","message":"Signup workflow executed successfully for email kiran.sadara6730@gmail.com","service":"user-backend","timestamp":"2026-08-11T17:25:47.251Z"}
{"level":"info","message":"Request for Signup workflow is sending for email kiran.sadara6730@gmail.com","service":"user-backend","timestamp":"2026-08-11T17:25:47.252Z"}
{"level":"info","message":"Signup workflow executed successfully for email kiran.sadara6730@gmail.com","service":"user-backend","timestamp":"2026-08-11T17:25:47.721Z"}
{"level":"info","message":"Request for Signup workflow is sending for email kiran.sadara6730@gmail.com","service":"user-backend","timestamp":"2026-08-11T17:25:47.722Z"}
{"level":"info","message":"Signup workflow executed successfully for email kiran.sadara6730@gmail.com","service":"user-backend","timestamp":"2026-08-11T17:25:47.845Z"}
{"level":"info","message":"Request for Signup workflow is sending for email kiran.sadara6730@gmail.com","service":"user-backend","timestamp":"2026-08-11T17:25:47.846Z"}
{"level":"info","message":"Signup workflow executed successfully for email kiran.sadara6730@gmail.com","service":"user-backend","timestamp":"2026-08-11T17:25:47.964Z"}
{"level":"info","message":"Request for Signup workflow is sending for email kiran.sadara6730@gmail.com","service":"user-backend","timestamp":"2026-08-11T17:25:47.964Z"}
{"level":"info","message":"Signup workflow executed successfully for email kiran.sadara6730@gmail.com","service":"user-backend","timestamp":"2026-08-11T17:25:48.050Z"}
{"level":"info","message":"Request for Signup workflow is sending for email kiran.sadara6730@gmail.com","service":"user-backend","timestamp":"2026-08-11T17:25:48.050Z"}
{"level":"info","message":"Signup workflow executed successfully for email kiran.sadara6730@gmail.com","service":"user-backend","timestamp":"2026-08-11T17:25:48.145Z"}
{"level":"info","message":"Request for Signup workflow is sending for email kiran.sadara6730@gmail.com","service":"user-backend","timestamp":"2026-08-11T17:25:48.146Z"}
{"level":"info","message":"Signup workflow executed successfully for email kiran.sadara6730@gmail.com","service":"user-backend","timestamp":"2026-08-11T17:25:48.313Z"}
{"level":"info","message":"Request for Signup workflow is sending for email kiran.sadara6730@gmail.com","service":"user-backend","timestamp":"2026-08-11T17:25:48.314Z"}
{"level":"info","message":"Signup workflow executed successfully for email kiran.sadara6730@gmail.com","service":"user-backend","timestamp":"2026-08-11T17:25:48.394Z"}
{"level":"info","message":"Request for Signup workflow is sending for email kiran.sadara6730@gmail.com","service":"user-backend","timestamp":"2026-08-11T17:25:48.395Z"}
{"level":"info","message":"Signup workflow executed successfully for email kiran.sadara6730@gmail.com","service":"user-backend","timestamp":"2026-08-11T17:25:48.602Z"}
{"level":"info","message":"Request for Signup workflow is sending for email kiran.sadara6730@gmail.com","service":"user-backend","timestamp":"2026-08-11T17:25:48.603Z"}
{"level":"info","message":"Signup workflow executed successfully for email kiran.sadara6730@gmail.com","service":"user-backend","timestamp":"2026-08-11T17:25:48.698Z"}
{"level":"info","message":"Request for Signup workflow is sending for email kiran.sadara6730@gmail.com","service":"user-backend","timestamp":"2026-08-11T17:25:48.698Z"}
{"level":"info","message":"Signup workflow executed successfully for email kiran.sadara6730@gmail.com","service":"user-backend","timestamp":"2026-08-11T17:25:48.822Z"}
{"level":"info","message":"Request for Signup workflow is sending for email kiran.sadara6730@gmail.com","service":"user-backend","timestamp":"2026-08-11T17:25:48.822Z"}
{"level":"info","message":"Signup workflow executed successfully for email kiran.sadara6730@gmail.com","service":"user-backend","timestamp":"2026-08-11T17:25:48.994Z"}
{"level":"info","message":"Request for Signup workflow is sending for email kiran.sadara6730@gmail.com","service":"user-backend","timestamp":"2026-08-11T17:25:48.995Z"}
{"level":"info","message":"Signup workflow executed successfully for email kiran.sadara6730@gmail.com","service":"user-backend","timestamp":"2026-08-11T17:25:49.088Z"}
{"level":"info","message":"Request for Signup workflow is sending for email kiran.sadara6730@gmail.com","service":"user-backend","timestamp":"2026-08-11T17:25:49.088Z"}
{"level":"info","message":"Signup workflow executed successfully for email kiran.sadara6730@gmail.com","service":"user-backend","timestamp":"2026-08-11T17:25:49.264Z"}
{"level":"info","message":"Request for Signup workflow is sending for email kiran.sadara6730@gmail.com","service":"user-backend","timestamp":"2026-08-11T17:25:49.264Z"}
{"level":"info","message":"Signup workflow executed successfully for email kiran.sadara6730@gmail.com","service":"user-backend","timestamp":"2026-08-11T17:25:49.350Z"}
{"level":"info","message":"Request for Signup workflow is sending for email kiran.sadara6730@gmail.com","service":"user-backend","timestamp":"2026-08-11T17:25:49.351Z"}
{"level":"info","message":"Signup workflow executed successfully for email kiran.sadara6730@gmail.com","service":"user-backend","timestamp":"2026-08-11T17:25:49.479Z"}
{"level":"info","message":"Request for Signup workflow is sending for email kiran.sadara6730@gmail.com","service":"user-backend","timestamp":"2026-08-11T17:25:49.480Z"}
{"level":"info","message":"Signup workflow executed successfully for email kiran.sadara6730@gmail.com","service":"user-backend","timestamp":"2026-08-11T17:25:49.587Z"}
{"level":"info","message":"Request for Signup workflow is sending for email kiran.sadara6730@gmail.com","service":"user-backend","timestamp":"2026-08-11T17:25:49.587Z"}
{"level":"info","message":"Signup workflow executed successfully for email kiran.sadara6730@gmail.com","service":"user-backend","timestamp":"2026-08-11T17:25:49.763Z"}
{"level":"info","message":"Request for Signup workflow is sending for email kiran.sadara6730@gmail.com","service":"user-backend","timestamp":"2026-08-11T17:25:49.764Z"}
{"level":"info","message":"Signup workflow executed successfully for email kiran.sadara6730@gmail.com","service":"user-backend","timestamp":"2026-08-11T17:25:49.862Z"}
{"level":"info","message":"Request for Signup workflow is sending for email kiran.sadara6730@gmail.com","service":"user-backend","timestamp":"2026-08-11T17:25:49.863Z"}
{"level":"info","message":"Signup workflow executed successfully for email kiran.sadara6730@gmail.com","service":"user-backend","timestamp":"2026-08-11T17:25:50.024Z"}
{"level":"info","message":"Request for Signup workflow is sending for email kiran.sadara6730@gmail.com","service":"user-backend","timestamp":"2026-08-11T17:25:50.025Z"}
{"level":"info","message":"Signup workflow executed successfully for email kiran.sadara6730@gmail.com","service":"user-backend","timestamp":"2026-08-11T17:25:50.124Z"}
{"level":"info","message":"Request for Signup workflow is sending for email kiran.sadara6730@gmail.com","service":"user-backend","timestamp":"2026-08-11T17:25:50.125Z"}
{"level":"info","message":"Signup workflow executed successfully for email kiran.sadara6730@gmail.com","service":"user-backend","timestamp":"2026-08-11T17:25:50.240Z"}
{"level":"info","message":"Request for Signup workflow is sending for email kiran.sadara6730@gmail.com","service":"user-backend","timestamp":"2026-08-11T17:25:50.240Z"}
{"level":"info","message":"Signup workflow executed successfully for email kiran.sadara6730@gmail.com","service":"user-backend","timestamp":"2026-08-11T17:25:50.354Z"}
{"level":"info","message":"Request for Signup workflow is sending for email kiran.sadara6730@gmail.com","service":"user-backend","timestamp":"2026-08-11T17:25:50.355Z"}
{"level":"info","message":"Signup workflow executed successfully for email kiran.sadara6730@gmail.com","service":"user-backend","timestamp":"2026-08-11T17:25:51.218Z"}
{"level":"info","message":"Request for Signup workflow is sending for email kiran.sadara6730@gmail.com","service":"user-backend","timestamp":"2026-08-11T17:25:51.218Z"}
{"level":"info","message":"Signup workflow executed successfully for email kiran.sadara6730@gmail.com","service":"user-backend","timestamp":"2026-08-11T17:25:51.332Z"}
{"level":"info","message":"Request for Signup workflow is sending for email kiran.sadara6730@gmail.com","service":"user-backend","timestamp":"2026-08-11T17:25:51.332Z"}
{"level":"info","message":"Signup workflow executed successfully for email kiran.sadara6730@gmail.com","service":"user-backend","timestamp":"2026-08-11T17:25:51.808Z"}
{"level":"info","message":"Request for Signup workflow is sending for email kiran.sadara6730@gmail.com","service":"user-backend","timestamp":"2026-08-11T17:25:51.808Z"}
{"level":"info","message":"Signup workflow executed successfully for email kiran.sadara6730@gmail.com","service":"user-backend","timestamp":"2026-08-11T17:25:51.934Z"}
{"level":"info","message":"Request for Signup workflow is sending for email kiran.sadara6730@gmail.com","service":"user-backend","timestamp":"2026-08-11T17:25:51.934Z"}
{"level":"info","message":"Signup workflow executed successfully for email kiran.sadara6730@gmail.com","service":"user-backend","timestamp":"2026-08-11T17:25:55.758Z"}
{"level":"info","message":"Request for Signup workflow is sending for email kiran.sadara6730@gmail.com","service":"user-backend","timestamp":"2026-08-11T17:25:55.759Z"}
{"level":"info","message":"Signup workflow executed successfully for email kiran.sadara6730@gmail.com","service":"user-backend","timestamp":"2026-08-11T17:25:57.524Z"}
{"level":"info","message":"Request for Signup workflow is sending for email kiran.sadara6730@gmail.com","service":"user-backend","timestamp":"2026-08-11T17:25:57.524Z"}
{"level":"info","message":"Signup workflow executed successfully for email kiran.sadara6730@gmail.com","service":"user-backend","timestamp":"2026-08-11T17:26:00.555Z"}
{"level":"info","message":"Request for Signup workflow is sending for email kiran.sadara6730@gmail.com","service":"user-backend","timestamp":"2026-08-11T17:26:00.555Z"}
{"level":"info","message":"Signup workflow executed successfully for email kiran.sadara6730@gmail.com","service":"user-backend","timestamp":"2026-08-11T17:26:00.846Z"}
{"level":"info","message":"Request for Signup workflow is sending for email kiran.sadara6730@gmail.com","service":"user-backend","timestamp":"2026-08-11T17:26:00.846Z"}
{"level":"info","message":"Signup workflow executed successfully for email kiran.sadara6730@gmail.com","service":"user-backend","timestamp":"2026-08-11T17:26:03.684Z"}
{"level":"info","message":"Request for Signup workflow is sending for email kiran.sadara6730@gmail.com","service":"user-backend","timestamp":"2026-08-11T17:26:03.684Z"}
{"level":"info","message":"Signup workflow executed successfully for email kiran.sadara6730@gmail.com","service":"user-backend","timestamp":"2026-08-11T17:26:04.411Z"}
{"level":"info","message":"Request for Signup workflow is sending for email kiran.sadara6730@gmail.com","service":"user-backend","timestamp":"2026-08-11T17:26:04.412Z"}
{"level":"info","message":"Signup workflow executed successfully for email kiran.sadara6730@gmail.com","service":"user-backend","timestamp":"2026-08-11T17:26:04.531Z"}
{"level":"info","message":"Request for Signup workflow is sending for email kiran.sadara6730@gmail.com","service":"user-backend","timestamp":"2026-08-11T17:26:04.531Z"}
{"level":"info","message":"Signup workflow executed successfully for email kiran.sadara6730@gmail.com","service":"user-backend","timestamp":"2026-08-11T17:26:04.986Z"}
{"level":"info","message":"Request for Signup workflow is sending for email kiran.sadara6730@gmail.com","service":"user-backend","timestamp":"2026-08-11T17:26:04.987Z"}
{"level":"info","message":"Signup workflow executed successfully for email kiran.sadara6730@gmail.com","service":"user-backend","timestamp":"2026-08-11T17:26:05.553Z"}
{"level":"info","message":"Request for Signup workflow is sending for email kiran.sadara6730@gmail.com","service":"user-backend","timestamp":"2026-08-11T17:26:05.554Z"}
{"level":"info","message":"Signup workflow executed successfully for email kiran.sadara6730@gmail.com","service":"user-backend","timestamp":"2026-08-11T17:26:05.685Z"}
{"level":"info","message":"Request for Signup workflow is sending for email kiran.sadara6730@gmail.com","service":"user-backend","timestamp":"2026-08-11T17:26:05.685Z"}
{"level":"info","message":"Signup workflow executed successfully for email kiran.sadara6730@gmail.com","service":"user-backend","timestamp":"2026-08-11T17:26:05.763Z"}
{"level":"info","message":"Request for Signup workflow is sending for email kiran.sadara6730@gmail.com","service":"user-backend","timestamp":"2026-08-11T17:26:05.763Z"}
{"level":"info","message":"Signup workflow executed successfully for email kiran.sadara6730@gmail.com","service":"user-backend","timestamp":"2026-08-11T17:26:05.854Z"}
{"level":"info","message":"Request for Signup workflow is sending for email kiran.sadara6730@gmail.com","service":"user-backend","timestamp":"2026-08-11T17:26:05.854Z"}
{"level":"info","message":"Signup workflow executed successfully for email kiran.sadara6730@gmail.com","service":"user-backend","timestamp":"2026-08-11T17:26:05.960Z"}
{"level":"info","message":"Request for Signup workflow is sending for email kiran.sadara6730@gmail.com","service":"user-backend","timestamp":"2026-08-11T17:26:05.960Z"}
{"level":"info","message":"Signup workflow executed successfully for email kiran.sadara6730@gmail.com","service":"user-backend","timestamp":"2026-08-11T17:26:06.065Z"}
{"level":"info","message":"Request for Signup workflow is sending for email kiran.sadara6730@gmail.com","service":"user-backend","timestamp":"2026-08-11T17:26:06.065Z"}
{"level":"info","message":"Signup workflow executed successfully for email kiran.sadara6730@gmail.com","service":"user-backend","timestamp":"2026-08-11T17:26:06.159Z"}
{"level":"info","message":"Request for Signup workflow is sending for email kiran.sadara6730@gmail.com","service":"user-backend","timestamp":"2026-08-11T17:26:06.159Z"}
{"level":"info","message":"Signup workflow executed successfully for email kiran.sadara6730@gmail.com","service":"user-backend","timestamp":"2026-08-11T17:26:06.250Z"}
{"level":"info","message":"Request for Signup workflow is sending for email kiran.sadara6730@gmail.com","service":"user-backend","timestamp":"2026-08-11T17:26:06.250Z"}
{"level":"info","message":"Signup workflow executed successfully for email kiran.sadara6730@gmail.com","service":"user-backend","timestamp":"2026-08-11T17:26:06.339Z"}
{"level":"info","message":"Request for Signup workflow is sending for email kiran.sadara6730@gmail.com","service":"user-backend","timestamp":"2026-08-11T17:26:06.339Z"}
{"level":"info","message":"Signup workflow executed successfully for email kiran.sadara6730@gmail.com","service":"user-backend","timestamp":"2026-08-11T17:26:06.418Z"}
{"level":"info","message":"Request for Signup workflow is sending for email kiran.sadara6730@gmail.com","service":"user-backend","timestamp":"2026-08-11T17:26:06.418Z"}
{"level":"info","message":"Signup workflow executed successfully for email kiran.sadara6730@gmail.com","service":"user-backend","timestamp":"2026-08-11T17:26:06.501Z"}
{"level":"info","message":"Request for Signup workflow is sending for email kiran.sadara6730@gmail.com","service":"user-backend","timestamp":"2026-08-11T17:26:06.501Z"}
{"level":"info","message":"Signup workflow executed successfully for email kiran.sadara6730@gmail.com","service":"user-backend","timestamp":"2026-08-11T17:26:06.612Z"}
{"level":"info","message":"Request for Signup workflow is sending for email kiran.sadara6730@gmail.com","service":"user-backend","timestamp":"2026-08-11T17:26:06.612Z"}
{"level":"info","message":"Signup workflow executed successfully for email kiran.sadara6730@gmail.com","service":"user-backend","timestamp":"2026-08-11T17:26:06.688Z"}
{"level":"info","message":"Request for Signup workflow is sending for email kiran.sadara6730@gmail.com","service":"user-backend","timestamp":"2026-08-11T17:26:06.688Z"}
{"level":"info","message":"Signup workflow executed successfully for email kiran.sadara6730@gmail.com","service":"user-backend","timestamp":"2026-08-11T17:26:06.782Z"}
{"level":"info","message":"Request for Signup workflow is sending for email kiran.sadara6730@gmail.com","service":"user-backend","timestamp":"2026-08-11T17:26:06.783Z"}
{"level":"info","message":"Signup workflow executed successfully for email kiran.sadara6730@gmail.com","service":"user-backend","timestamp":"2026-08-11T17:26:06.912Z"}
{"level":"info","message":"Request for Signup workflow is sending for email kiran.sadara6730@gmail.com","service":"user-backend","timestamp":"2026-08-11T17:26:06.913Z"}
{"level":"info","message":"Signup workflow executed successfully for email kiran.sadara6730@gmail.com","service":"user-backend","timestamp":"2026-08-11T17:26:07.008Z"}
{"level":"info","message":"Request for Signup workflow is sending for email kiran.sadara6730@gmail.com","service":"user-backend","timestamp":"2026-08-11T17:26:07.009Z"}
{"level":"info","message":"Signup workflow executed successfully for email kiran.sadara6730@gmail.com","service":"user-backend","timestamp":"2026-08-11T17:26:07.100Z"}
{"level":"info","message":"Request for Signup workflow is sending for email kiran.sadara6730@gmail.com","service":"user-backend","timestamp":"2026-08-11T17:26:07.100Z"}
{"level":"info","message":"Signup workflow executed successfully for email kiran.sadara6730@gmail.com","service":"user-backend","timestamp":"2026-08-11T17:26:07.197Z"}
{"level":"info","message":"Request for Signup workflow is sending for email kiran.sadara6730@gmail.com","service":"user-backend","timestamp":"2026-08-11T17:26:07.197Z"}
{"level":"info","message":"Signup workflow executed successfully for email kiran.sadara6730@gmail.com","service":"user-backend","timestamp":"2026-08-11T17:26:07.424Z"}
{"level":"info","message":"Request for Signup workflow is sending for email kiran.sadara6730@gmail.com","service":"user-backend","timestamp":"2026-08-11T17:26:07.424Z"}
{"level":"info","message":"Signup workflow executed successfully for email kiran.sadara6730@gmail.com","service":"user-backend","timestamp":"2026-08-11T17:26:07.551Z"}
{"level":"info","message":"Request for Signup workflow is sending for email kiran.sadara6730@gmail.com","service":"user-backend","timestamp":"2026-08-11T17:26:07.551Z"}
{"level":"info","message":"Signup workflow executed successfully for email kiran.sadara6730@gmail.com","service":"user-backend","timestamp":"2026-08-11T17:26:08.288Z"}
{"level":"info","message":"Request for Signup workflow is sending for email kiran.sadara6730@gmail.com","service":"user-backend","timestamp":"2026-08-11T17:26:08.288Z"}
{"level":"info","message":"Signup workflow executed successfully for email kiran.sadara6730@gmail.com","service":"user-backend","timestamp":"2026-08-11T17:26:09.150Z"}
{"level":"info","message":"Request for Signup workflow is sending for email kiran.sadara6730@gmail.com","service":"user-backend","timestamp":"2026-08-11T17:26:09.150Z"}
{"level":"info","message":"Signup workflow executed successfully for email kiran.sadara6730@gmail.com","service":"user-backend","timestamp":"2026-08-11T17:26:09.328Z"}
{"level":"info","message":"Request for Signup workflow is sending for email kiran.sadara6730@gmail.com","service":"user-backend","timestamp":"2026-08-11T17:26:09.328Z"}
{"level":"info","message":"Signup workflow executed successfully for email kiran.sadara6730@gmail.com","service":"user-backend","timestamp":"2026-08-11T17:26:09.429Z"}
{"level":"info","message":"Request for Signup workflow is sending for email kiran.sadara6730@gmail.com","service":"user-backend","timestamp":"2026-08-11T17:26:09.430Z"}
{"level":"info","message":"Signup workflow executed successfully for email kiran.sadara6730@gmail.com","service":"user-backend","timestamp":"2026-08-11T17:26:09.605Z"}
{"level":"info","message":"Request for Signup workflow is sending for email kiran.sadara6730@gmail.com","service":"user-backend","timestamp":"2026-08-11T17:26:09.605Z"}
{"level":"info","message":"Signup workflow executed successfully for email kiran.sadara6730@gmail.com","service":"user-backend","timestamp":"2026-08-11T17:26:09.807Z"}
{"level":"info","message":"Request for Signup workflow is sending for email kiran.sadara6730@gmail.com","service":"user-backend","timestamp":"2026-08-11T17:26:09.807Z"}
{"level":"info","message":"Signup workflow executed successfully for email kiran.sadara6730@gmail.com","service":"user-backend","timestamp":"2026-08-11T17:26:09.903Z"}
{"level":"info","message":"Request for Signup workflow is sending for email kiran.sadara6730@gmail.com","service":"user-backend","timestamp":"2026-08-11T17:26:09.904Z"}
{"level":"info","message":"Signup workflow executed successfully for email kiran.sadara6730@gmail.com","service":"user-backend","timestamp":"2026-08-11T17:26:10.134Z"}
{"level":"info","message":"Request for Signup workflow is sending for email kiran.sadara6730@gmail.com","service":"user-backend","timestamp":"2026-08-11T17:26:10.134Z"}
{"level":"info","message":"Signup workflow executed successfully for email kiran.sadara6730@gmail.com","service":"user-backend","timestamp":"2026-08-11T17:26:10.231Z"}
{"level":"info","message":"Request for Signup workflow is sending for email kiran.sadara6730@gmail.com","service":"user-backend","timestamp":"2026-08-11T17:26:10.232Z"}
{"level":"info","message":"Signup workflow executed successfully for email kiran.sadara6730@gmail.com","service":"user-backend","timestamp":"2026-08-11T17:26:10.441Z"}
{"level":"info","message":"Request for Signup workflow is sending for email kiran.sadara6730@gmail.com","service":"user-backend","timestamp":"2026-08-11T17:26:10.442Z"}
{"level":"info","message":"Signup workflow executed successfully for email kiran.sadara6730@gmail.com","service":"user-backend","timestamp":"2026-08-11T17:26:10.525Z"}
{"level":"info","message":"Request for Signup workflow is sending for email kiran.sadara6730@gmail.com","service":"user-backend","timestamp":"2026-08-11T17:26:10.525Z"}
{"level":"info","message":"Signup workflow executed successfully for email kiran.sadara6730@gmail.com","service":"user-backend","timestamp":"2026-08-11T17:26:10.622Z"}
{"level":"info","message":"Request for Signup workflow is sending for email kiran.sadara6730@gmail.com","service":"user-backend","timestamp":"2026-08-11T17:26:10.622Z"}
{"level":"info","message":"Signup workflow executed successfully for email kiran.sadara6730@gmail.com","service":"user-backend","timestamp":"2026-08-11T17:26:10.716Z"}
{"level":"info","message":"Request for Signup workflow is sending for email kiran.sadara6730@gmail.com","service":"user-backend","timestamp":"2026-08-11T17:26:10.716Z"}
{"level":"info","message":"Signup workflow executed successfully for email kiran.sadara6730@gmail.com","service":"user-backend","timestamp":"2026-08-11T17:26:10.794Z"}
{"level":"info","message":"Request for Signup workflow is sending for email kiran.sadara6730@gmail.com","service":"user-backend","timestamp":"2026-08-11T17:26:10.795Z"}
{"level":"info","message":"Signup workflow executed successfully for email kiran.sadara6730@gmail.com","service":"user-backend","timestamp":"2026-08-11T17:26:10.874Z"}
{"level":"info","message":"Request for Signup workflow is sending for email kiran.sadara6730@gmail.com","service":"user-backend","timestamp":"2026-08-11T17:26:10.875Z"}
{"level":"info","message":"Signup workflow executed successfully for email kiran.sadara6730@gmail.com","service":"user-backend","timestamp":"2026-08-11T17:26:10.961Z"}
{"level":"info","message":"Request for Signup workflow is sending for email kiran.sadara6730@gmail.com","service":"user-backend","timestamp":"2026-08-11T17:26:10.962Z"}
{"level":"info","message":"Signup workflow executed successfully for email kiran.sadara6730@gmail.com","service":"user-backend","timestamp":"2026-08-11T17:26:11.049Z"}
{"level":"info","message":"Request for Signup workflow is sending for email kiran.sadara6730@gmail.com","service":"user-backend","timestamp":"2026-08-11T17:26:11.049Z"}
{"level":"info","message":"Signup workflow executed successfully for email kiran.sadara6730@gmail.com","service":"user-backend","timestamp":"2026-08-11T17:26:11.156Z"}
{"level":"info","message":"Request for Signup workflow is sending for email kiran.sadara6730@gmail.com","service":"user-backend","timestamp":"2026-08-11T17:26:11.157Z"}
{"level":"info","message":"Signup workflow executed successfully for email kiran.sadara6730@gmail.com","service":"user-backend","timestamp":"2026-08-11T17:26:11.270Z"}
{"level":"info","message":"Request for Signup workflow is sending for email kiran.sadara6730@gmail.com","service":"user-backend","timestamp":"2026-08-11T17:26:11.271Z"}
{"level":"info","message":"Signup workflow executed successfully for email kiran.sadara6730@gmail.com","service":"user-backend","timestamp":"2026-08-11T17:26:11.381Z"}
{"level":"info","message":"Request for Signup workflow is sending for email kiran.sadara6730@gmail.com","service":"user-backend","timestamp":"2026-08-11T17:26:11.382Z"}
{"level":"info","message":"Signup workflow executed successfully for email kiran.sadara6730@gmail.com","service":"user-backend","timestamp":"2026-08-11T17:26:11.485Z"}
{"level":"info","message":"Request for Signup workflow is sending for email kiran.sadara6730@gmail.com","service":"user-backend","timestamp":"2026-08-11T17:26:11.486Z"}
{"level":"info","message":"Signup workflow executed successfully for email kiran.sadara6730@gmail.com","service":"user-backend","timestamp":"2026-08-11T17:26:11.614Z"}
{"level":"info","message":"Request for Signup workflow is sending for email kiran.sadara6730@gmail.com","service":"user-backend","timestamp":"2026-08-11T17:26:11.615Z"}
{"level":"info","message":"Signup workflow executed successfully for email kiran.sadara6730@gmail.com","service":"user-backend","timestamp":"2026-08-11T17:26:11.718Z"}
{"level":"info","message":"Request for Signup workflow is sending for email kiran.sadara6730@gmail.com","service":"user-backend","timestamp":"2026-08-11T17:26:11.718Z"}
{"level":"info","message":"Signup workflow executed successfully for email kiran.sadara6730@gmail.com","service":"user-backend","timestamp":"2026-08-11T17:26:11.852Z"}
{"level":"info","message":"Request for Signup workflow is sending for email kiran.sadara6730@gmail.com","service":"user-backend","timestamp":"2026-08-11T17:26:11.852Z"}
{"level":"info","message":"Signup workflow executed successfully for email kiran.sadara6730@gmail.com","service":"user-backend","timestamp":"2026-08-11T17:26:11.948Z"}
{"level":"info","message":"Request for Signup workflow is sending for email kiran.sadara6730@gmail.com","service":"user-backend","timestamp":"2026-08-11T17:26:11.949Z"}
{"level":"info","message":"Signup workflow executed successfully for email kiran.sadara6730@gmail.com","service":"user-backend","timestamp":"2026-08-11T17:26:12.056Z"}
{"level":"info","message":"Request for Signup workflow is sending for email kiran.sadara6730@gmail.com","service":"user-backend","timestamp":"2026-08-11T17:26:12.056Z"}
{"level":"info","message":"Signup workflow executed successfully for email kiran.sadara6730@gmail.com","service":"user-backend","timestamp":"2026-08-11T17:26:12.168Z"}
{"level":"info","message":"Request for Signup workflow is sending for email kiran.sadara6730@gmail.com","service":"user-backend","timestamp":"2026-08-11T17:26:12.168Z"}
{"level":"info","message":"Signup workflow executed successfully for email kiran.sadara6730@gmail.com","service":"user-backend","timestamp":"2026-08-11T17:26:12.254Z"}
{"level":"info","message":"Request for Signup workflow is sending for email kiran.sadara6730@gmail.com","service":"user-backend","timestamp":"2026-08-11T17:26:12.254Z"}
{"level":"info","message":"Signup workflow executed successfully for email kiran.sadara6730@gmail.com","service":"user-backend","timestamp":"2026-08-11T17:26:12.339Z"}
{"level":"info","message":"Request for Signup workflow is sending for email kiran.sadara6730@gmail.com","service":"user-backend","timestamp":"2026-08-11T17:26:12.339Z"}
{"level":"info","message":"Signup workflow executed successfully for email kiran.sadara6730@gmail.com","service":"user-backend","timestamp":"2026-08-11T17:26:12.431Z"}
{"level":"info","message":"Request for Signup workflow is sending for email kiran.sadara6730@gmail.com","service":"user-backend","timestamp":"2026-08-11T17:26:12.432Z"}
{"level":"info","message":"Signup workflow executed successfully for email kiran.sadara6730@gmail.com","service":"user-backend","timestamp":"2026-08-11T17:26:12.524Z"}
{"level":"info","message":"Request for Signup workflow is sending for email kiran.sadara6730@gmail.com","service":"user-backend","timestamp":"2026-08-11T17:26:12.524Z"}
{"level":"info","message":"Signup workflow executed successfully for email kiran.sadara6730@gmail.com","service":"user-backend","timestamp":"2026-08-11T17:26:12.605Z"}
{"level":"info","message":"Request for Signup workflow is sending for email kiran.sadara6730@gmail.com","service":"user-backend","timestamp":"2026-08-11T17:26:12.605Z"}
{"level":"info","message":"Signup workflow executed successfully for email kiran.sadara6730@gmail.com","service":"user-backend","timestamp":"2026-08-11T17:26:12.682Z"}
{"level":"info","message":"Request for Signup workflow is sending for email kiran.sadara6730@gmail.com","service":"user-backend","timestamp":"2026-08-11T17:26:12.683Z"}
{"level":"info","message":"Signup workflow executed successfully for email kiran.sadara6730@gmail.com","service":"user-backend","timestamp":"2026-08-11T17:26:12.791Z"}
{"level":"info","message":"Request for Signup workflow is sending for email kiran.sadara6730@gmail.com","service":"user-backend","timestamp":"2026-08-11T17:26:12.791Z"}
{"level":"info","message":"Signup workflow executed successfully for email kiran.sadara6730@gmail.com","service":"user-backend","timestamp":"2026-08-11T17:26:12.868Z"}
{"level":"info","message":"Request for Signup workflow is sending for email kiran.sadara6730@gmail.com","service":"user-backend","timestamp":"2026-08-11T17:26:12.868Z"}
{"level":"info","message":"Signup workflow executed successfully for email kiran.sadara6730@gmail.com","service":"user-backend","timestamp":"2026-08-11T17:26:12.966Z"}
{"level":"info","message":"Request for Signup workflow is sending for email kiran.sadara6730@gmail.com","service":"user-backend","timestamp":"2026-08-11T17:26:12.966Z"}
{"level":"info","message":"Signup workflow executed successfully for email kiran.sadara6730@gmail.com","service":"user-backend","timestamp":"2026-08-11T17:26:13.076Z"}
{"level":"info","message":"Request for Signup workflow is sending for email kiran.sadara6730@gmail.com","service":"user-backend","timestamp":"2026-08-11T17:26:13.076Z"}
{"level":"info","message":"Signup workflow executed successfully for email kiran.sadara6730@gmail.com","service":"user-backend","timestamp":"2026-08-11T17:26:13.151Z"}
{"level":"info","message":"Request for Signup workflow is sending for email kiran.sadara6730@gmail.com","service":"user-backend","timestamp":"2026-08-11T17:26:13.152Z"}
{"level":"info","message":"Signup workflow executed successfully for email kiran.sadara6730@gmail.com","service":"user-backend","timestamp":"2026-08-11T17:26:13.250Z"}
{"level":"info","message":"Request for Signup workflow is sending for email kiran.sadara6730@gmail.com","service":"user-backend","timestamp":"2026-08-11T17:26:13.251Z"}
{"level":"info","message":"Signup workflow executed successfully for email kiran.sadara6730@gmail.com","service":"user-backend","timestamp":"2026-08-11T17:26:13.352Z"}
{"level":"info","message":"Request for Signup workflow is sending for email kiran.sadara6730@gmail.com","service":"user-backend","timestamp":"2026-08-11T17:26:13.353Z"}
{"level":"info","message":"Signup workflow executed successfully for email kiran.sadara6730@gmail.com","service":"user-backend","timestamp":"2026-08-11T17:26:13.458Z"}
{"level":"info","message":"Request for Signup workflow is sending for email kiran.sadara6730@gmail.com","service":"user-backend","timestamp":"2026-08-11T17:26:13.458Z"}
{"level":"info","message":"Signup workflow executed successfully for email kiran.sadara6730@gmail.com","service":"user-backend","timestamp":"2026-08-11T17:26:13.537Z"}
{"level":"info","message":"Request for Signup workflow is sending for email kiran.sadara6730@gmail.com","service":"user-backend","timestamp":"2026-08-11T17:26:13.538Z"}
{"level":"info","message":"Signup workflow executed successfully for email kiran.sadara6730@gmail.com","service":"user-backend","timestamp":"2026-08-11T17:26:13.615Z"}
{"level":"info","message":"Request for Signup workflow is sending for email kiran.sadara6730@gmail.com","service":"user-backend","timestamp":"2026-08-11T17:26:13.615Z"}
{"level":"info","message":"Signup workflow executed successfully for email kiran.sadara6730@gmail.com","service":"user-backend","timestamp":"2026-08-11T17:26:13.718Z"}
{"level":"info","message":"Request for Signup workflow is sending for email kiran.sadara6730@gmail.com","service":"user-backend","timestamp":"2026-08-11T17:26:13.718Z"}
{"level":"info","message":"Signup workflow executed successfully for email kiran.sadara6730@gmail.com","service":"user-backend","timestamp":"2026-08-11T17:26:13.806Z"}
{"level":"info","message":"Request for Signup workflow is sending for email kiran.sadara6730@gmail.com","service":"user-backend","timestamp":"2026-08-11T17:26:13.806Z"}
{"level":"info","message":"Signup workflow executed successfully for email kiran.sadara6730@gmail.com","service":"user-backend","timestamp":"2026-08-11T17:26:13.895Z"}
{"level":"info","message":"Request for Signup workflow is sending for email kiran.sadara6730@gmail.com","service":"user-backend","timestamp":"2026-08-11T17:26:13.896Z"}
{"level":"info","message":"Signup workflow executed successfully for email kiran.sadara6730@gmail.com","service":"user-backend","timestamp":"2026-08-11T17:26:13.989Z"}
{"level":"info","message":"Request for Signup workflow is sending for email kiran.sadara6730@gmail.com","service":"user-backend","timestamp":"2026-08-11T17:26:13.989Z"}
{"level":"info","message":"Signup workflow executed successfully for email kiran.sadara6730@gmail.com","service":"user-backend","timestamp":"2026-08-11T17:26:14.124Z"}
{"level":"info","message":"Request for Signup workflow is sending for email kiran.sadara6730@gmail.com","service":"user-backend","timestamp":"2026-08-11T17:26:14.124Z"}
{"level":"info","message":"Signup workflow executed successfully for email kiran.sadara6730@gmail.com","service":"user-backend","timestamp":"2026-08-11T17:26:14.242Z"}
{"level":"info","message":"Request for Signup workflow is sending for email kiran.sadara6730@gmail.com","service":"user-backend","timestamp":"2026-08-11T17:26:14.243Z"}
{"level":"info","message":"Signup workflow executed successfully for email kiran.sadara6730@gmail.com","service":"user-backend","timestamp":"2026-08-11T17:26:14.345Z"}
{"level":"info","message":"Request for Signup workflow is sending for email kiran.sadara6730@gmail.com","service":"user-backend","timestamp":"2026-08-11T17:26:14.345Z"}
{"level":"info","message":"Signup workflow executed successfully for email kiran.sadara6730@gmail.com","service":"user-backend","timestamp":"2026-08-11T17:26:14.432Z"}
{"level":"info","message":"Request for Signup workflow is sending for email kiran.sadara6730@gmail.com","service":"user-backend","timestamp":"2026-08-11T17:26:14.432Z"}
{"level":"info","message":"Signup workflow executed successfully for email kiran.sadara6730@gmail.com","service":"user-backend","timestamp":"2026-08-11T17:26:14.521Z"}
{"level":"info","message":"Request for Signup workflow is sending for email kiran.sadara6730@gmail.com","service":"user-backend","timestamp":"2026-08-11T17:26:14.522Z"}
{"level":"info","message":"Signup workflow executed successfully for email kiran.sadara6730@gmail.com","service":"user-backend","timestamp":"2026-08-11T17:26:14.609Z"}
{"level":"info","message":"Request for Signup workflow is sending for email kiran.sadara6730@gmail.com","service":"user-backend","timestamp":"2026-08-11T17:26:14.609Z"}
{"level":"info","message":"Signup workflow executed successfully for email kiran.sadara6730@gmail.com","service":"user-backend","timestamp":"2026-08-11T17:26:14.747Z"}
{"level":"info","message":"Request for Signup workflow is sending for email kiran.sadara6730@gmail.com","service":"user-backend","timestamp":"2026-08-11T17:26:14.747Z"}
{"level":"info","message":"Signup workflow executed successfully for email kiran.sadara6730@gmail.com","service":"user-backend","timestamp":"2026-08-11T17:26:14.848Z"}
{"level":"info","message":"Request for Signup workflow is sending for email kiran.sadara6730@gmail.com","service":"user-backend","timestamp":"2026-08-11T17:26:14.848Z"}
{"level":"info","message":"Signup workflow executed successfully for email kiran.sadara6730@gmail.com","service":"user-backend","timestamp":"2026-08-11T17:26:14.932Z"}
{"level":"info","message":"Request for Signup workflow is sending for email kiran.sadara6730@gmail.com","service":"user-backend","timestamp":"2026-08-11T17:26:14.932Z"}
{"level":"info","message":"Signup workflow executed successfully for email kiran.sadara6730@gmail.com","service":"user-backend","timestamp":"2026-08-11T17:26:15.013Z"}
{"level":"info","message":"Request for Signup workflow is sending for email kiran.sadara6730@gmail.com","service":"user-backend","timestamp":"2026-08-11T17:26:15.013Z"}
{"level":"info","message":"Signup workflow executed successfully for email kiran.sadara6730@gmail.com","service":"user-backend","timestamp":"2026-08-11T17:26:15.135Z"}
{"level":"info","message":"Request for Signup workflow is sending for email kiran.sadara6730@gmail.com","service":"user-backend","timestamp":"2026-08-11T17:26:15.135Z"}
{"level":"info","message":"Signup workflow executed successfully for email kiran.sadara6730@gmail.com","service":"user-backend","timestamp":"2026-08-11T17:26:15.437Z"}
{"level":"info","message":"Request for Signup workflow is sending for email kiran.sadara6730@gmail.com","service":"user-backend","timestamp":"2026-08-11T17:26:15.438Z"}
{"level":"info","message":"Signup workflow executed successfully for email kiran.sadara6730@gmail.com","service":"user-backend","timestamp":"2026-08-11T17:26:15.594Z"}
{"level":"info","message":"Request for Signup workflow is sending for email kiran.sadara6730@gmail.com","service":"user-backend","timestamp":"2026-08-11T17:26:15.595Z"}
{"level":"info","message":"Signup workflow executed successfully for email kiran.sadara6730@gmail.com","service":"user-backend","timestamp":"2026-08-11T17:26:15.687Z"}
{"level":"info","message":"Request for Signup workflow is sending for email kiran.sadara6730@gmail.com","service":"user-backend","timestamp":"2026-08-11T17:26:15.687Z"}
{"level":"info","message":"Signup workflow executed successfully for email kiran.sadara6730@gmail.com","service":"user-backend","timestamp":"2026-08-11T17:26:16.115Z"}
{"level":"info","message":"Request for Signup workflow is sending for email kiran.sadara6730@gmail.com","service":"user-backend","timestamp":"2026-08-11T17:26:16.115Z"}
{"level":"info","message":"Signup workflow executed successfully for email kiran.sadara6730@gmail.com","service":"user-backend","timestamp":"2026-08-11T17:26:16.263Z"}
{"level":"info","message":"Request for Signup workflow is sending for email kiran.sadara6730@gmail.com","service":"user-backend","timestamp":"2026-08-11T17:26:16.263Z"}
{"level":"info","message":"Signup workflow executed successfully for email kiran.sadara6730@gmail.com","service":"user-backend","timestamp":"2026-08-11T17:26:16.352Z"}
{"level":"info","message":"Request for Signup workflow is sending for email kiran.sadara6730@gmail.com","service":"user-backend","timestamp":"2026-08-11T17:26:16.352Z"}
{"level":"info","message":"Signup workflow executed successfully for email kiran.sadara6730@gmail.com","service":"user-backend","timestamp":"2026-08-11T17:26:16.437Z"}
{"level":"info","message":"Request for Signup workflow is sending for email kiran.sadara6730@gmail.com","service":"user-backend","timestamp":"2026-08-11T17:26:16.437Z"}
{"level":"info","message":"Signup workflow executed successfully for email kiran.sadara6730@gmail.com","service":"user-backend","timestamp":"2026-08-11T17:26:16.549Z"}
{"level":"info","message":"Request for Signup workflow is sending for email kiran.sadara6730@gmail.com","service":"user-backend","timestamp":"2026-08-11T17:26:16.549Z"}
{"level":"info","message":"Signup workflow executed successfully for email kiran.sadara6730@gmail.com","service":"user-backend","timestamp":"2026-08-11T17:26:16.667Z"}
{"level":"info","message":"Request for Signup workflow is sending for email kiran.sadara6730@gmail.com","service":"user-backend","timestamp":"2026-08-11T17:26:16.667Z"}
{"level":"info","message":"Signup workflow executed successfully for email kiran.sadara6730@gmail.com","service":"user-backend","timestamp":"2026-08-11T17:26:16.745Z"}
{"level":"info","message":"Request for Signup workflow is sending for email kiran.sadara6730@gmail.com","service":"user-backend","timestamp":"2026-08-11T17:26:16.745Z"}
{"level":"info","message":"Signup workflow executed successfully for email kiran.sadara6730@gmail.com","service":"user-backend","timestamp":"2026-08-11T17:26:16.839Z"}
{"level":"info","message":"Request for Signup workflow is sending for email kiran.sadara6730@gmail.com","service":"user-backend","timestamp":"2026-08-11T17:26:16.839Z"}
{"level":"info","message":"Signup workflow executed successfully for email kiran.sadara6730@gmail.com","service":"user-backend","timestamp":"2026-08-11T17:26:16.964Z"}
{"level":"info","message":"Request for Signup workflow is sending for email kiran.sadara6730@gmail.com","service":"user-backend","timestamp":"2026-08-11T17:26:16.965Z"}
{"level":"info","message":"Signup workflow executed successfully for email kiran.sadara6730@gmail.com","service":"user-backend","timestamp":"2026-08-11T17:26:17.063Z"}
{"level":"info","message":"Request for Signup workflow is sending for email kiran.sadara6730@gmail.com","service":"user-backend","timestamp":"2026-08-11T17:26:17.063Z"}
{"level":"info","message":"Signup workflow executed successfully for email kiran.sadara6730@gmail.com","service":"user-backend","timestamp":"2026-08-11T17:26:17.217Z"}
{"level":"info","message":"Request for Signup workflow is sending for email kiran.sadara6730@gmail.com","service":"user-backend","timestamp":"2026-08-11T17:26:17.218Z"}
{"level":"info","message":"Signup workflow executed successfully for email kiran.sadara6730@gmail.com","service":"user-backend","timestamp":"2026-08-11T17:26:17.298Z"}
{"level":"info","message":"Request for Signup workflow is sending for email kiran.sadara6730@gmail.com","service":"user-backend","timestamp":"2026-08-11T17:26:17.299Z"}
{"level":"info","message":"Signup workflow executed successfully for email kiran.sadara6730@gmail.com","service":"user-backend","timestamp":"2026-08-11T17:26:17.392Z"}
{"level":"info","message":"Request for Signup workflow is sending for email kiran.sadara6730@gmail.com","service":"user-backend","timestamp":"2026-08-11T17:26:17.392Z"}
{"level":"info","message":"Signup workflow executed successfully for email kiran.sadara6730@gmail.com","service":"user-backend","timestamp":"2026-08-11T17:26:17.530Z"}
{"level":"info","message":"Request for Signup workflow is sending for email kiran.sadara6730@gmail.com","service":"user-backend","timestamp":"2026-08-11T17:26:17.531Z"}
{"level":"info","message":"Signup workflow executed successfully for email kiran.sadara6730@gmail.com","service":"user-backend","timestamp":"2026-08-11T17:26:17.689Z"}
{"level":"info","message":"Request for Signup workflow is sending for email kiran.sadara6730@gmail.com","service":"user-backend","timestamp":"2026-08-11T17:26:17.689Z"}
{"level":"info","message":"Signup workflow executed successfully for email kiran.sadara6730@gmail.com","service":"user-backend","timestamp":"2026-08-11T17:26:17.905Z"}
{"level":"info","message":"Request for Signup workflow is sending for email kiran.sadara6730@gmail.com","service":"user-backend","timestamp":"2026-08-11T17:26:17.906Z"}
{"level":"info","message":"Signup workflow executed successfully for email kiran.sadara6730@gmail.com","service":"user-backend","timestamp":"2026-08-11T17:26:18.089Z"}
{"level":"info","message":"Request for Signup workflow is sending for email kiran.sadara6730@gmail.com","service":"user-backend","timestamp":"2026-08-11T17:26:18.090Z"}
{"level":"info","message":"Signup workflow executed successfully for email kiran.sadara6730@gmail.com","service":"user-backend","timestamp":"2026-08-11T17:26:18.214Z"}
{"level":"info","message":"Request for Signup workflow is sending for email kiran.sadara6730@gmail.com","service":"user-backend","timestamp":"2026-08-11T17:26:18.215Z"}
{"level":"info","message":"Signup workflow executed successfully for email kiran.sadara6730@gmail.com","service":"user-backend","timestamp":"2026-08-11T17:26:18.370Z"}
{"level":"info","message":"Request for Signup workflow is sending for email kiran.sadara6730@gmail.com","service":"user-backend","timestamp":"2026-08-11T17:26:18.371Z"}
{"level":"info","message":"Signup workflow executed successfully for email kiran.sadara6730@gmail.com","service":"user-backend","timestamp":"2026-08-11T17:26:18.486Z"}
{"level":"info","message":"Request for Signup workflow is sending for email kiran.sadara6730@gmail.com","service":"user-backend","timestamp":"2026-08-11T17:26:18.486Z"}
{"level":"info","message":"Signup workflow executed successfully for email kiran.sadara6730@gmail.com","service":"user-backend","timestamp":"2026-08-11T17:26:18.574Z"}
{"level":"info","message":"Request for Signup workflow is sending for email kiran.sadara6730@gmail.com","service":"user-backend","timestamp":"2026-08-11T17:26:18.575Z"}
{"level":"info","message":"Signup workflow executed successfully for email kiran.sadara6730@gmail.com","service":"user-backend","timestamp":"2026-08-11T17:26:18.720Z"}
{"level":"info","message":"Request for Signup workflow is sending for email kiran.sadara6730@gmail.com","service":"user-backend","timestamp":"2026-08-11T17:26:18.720Z"}
{"level":"info","message":"Signup workflow executed successfully for email kiran.sadara6730@gmail.com","service":"user-backend","timestamp":"2026-08-11T17:26:18.808Z"}
{"level":"info","message":"Request for Signup workflow is sending for email kiran.sadara6730@gmail.com","service":"user-backend","timestamp":"2026-08-11T17:26:18.809Z"}
{"level":"info","message":"Signup workflow executed successfully for email kiran.sadara6730@gmail.com","service":"user-backend","timestamp":"2026-08-11T17:26:18.895Z"}
{"level":"info","message":"Request for Signup workflow is sending for email kiran.sadara6730@gmail.com","service":"user-backend","timestamp":"2026-08-11T17:26:18.895Z"}
{"level":"info","message":"Signup workflow executed successfully for email kiran.sadara6730@gmail.com","service":"user-backend","timestamp":"2026-08-11T17:26:18.976Z"}
{"level":"info","message":"Request for Signup workflow is sending for email kiran.sadara6730@gmail.com","service":"user-backend","timestamp":"2026-08-11T17:26:18.977Z"}
{"level":"info","message":"Signup workflow executed successfully for email kiran.sadara6730@gmail.com","service":"user-backend","timestamp":"2026-08-11T17:26:19.156Z"}
{"level":"info","message":"Request for Signup workflow is sending for email kiran.sadara6730@gmail.com","service":"user-backend","timestamp":"2026-08-11T17:26:19.157Z"}
{"level":"info","message":"Signup workflow executed successfully for email kiran.sadara6730@gmail.com","service":"user-backend","timestamp":"2026-08-11T17:26:19.246Z"}
{"level":"info","message":"Request for Signup workflow is sending for email kiran.sadara6730@gmail.com","service":"user-backend","timestamp":"2026-08-11T17:26:19.246Z"}
{"level":"info","message":"Signup workflow executed successfully for email kiran.sadara6730@gmail.com","service":"user-backend","timestamp":"2026-08-11T17:26:19.324Z"}
{"level":"info","message":"Request for Signup workflow is sending for email kiran.sadara6730@gmail.com","service":"user-backend","timestamp":"2026-08-11T17:26:19.324Z"}
{"level":"info","message":"Signup workflow executed successfully for email kiran.sadara6730@gmail.com","service":"user-backend","timestamp":"2026-08-11T17:26:19.408Z"}
{"level":"info","message":"Request for Signup workflow is sending for email kiran.sadara6730@gmail.com","service":"user-backend","timestamp":"2026-08-11T17:26:19.409Z"}
{"level":"info","message":"Signup workflow executed successfully for email kiran.sadara6730@gmail.com","service":"user-backend","timestamp":"2026-08-11T17:26:19.490Z"}
{"level":"info","message":"Request for Signup workflow is sending for email kiran.sadara6730@gmail.com","service":"user-backend","timestamp":"2026-08-11T17:26:19.490Z"}
{"level":"info","message":"Signup workflow executed successfully for email kiran.sadara6730@gmail.com","service":"user-backend","timestamp":"2026-08-11T17:26:19.570Z"}
{"level":"info","message":"Request for Signup workflow is sending for email kiran.sadara6730@gmail.com","service":"user-backend","timestamp":"2026-08-11T17:26:19.571Z"}
{"level":"info","message":"Signup workflow executed successfully for email kiran.sadara6730@gmail.com","service":"user-backend","timestamp":"2026-08-11T17:26:19.649Z"}
{"level":"info","message":"Request for Signup workflow is sending for email kiran.sadara6730@gmail.com","service":"user-backend","timestamp":"2026-08-11T17:26:19.649Z"}
{"level":"info","message":"Signup workflow executed successfully for email kiran.sadara6730@gmail.com","service":"user-backend","timestamp":"2026-08-11T17:26:19.747Z"}
{"level":"info","message":"Request for Signup workflow is sending for email kiran.sadara6730@gmail.com","service":"user-backend","timestamp":"2026-08-11T17:26:19.747Z"}
{"level":"info","message":"Signup workflow executed successfully for email kiran.sadara6730@gmail.com","service":"user-backend","timestamp":"2026-08-11T17:26:19.837Z"}
{"level":"info","message":"Request for Signup workflow is sending for email kiran.sadara6730@gmail.com","service":"user-backend","timestamp":"2026-08-11T17:26:19.837Z"}
{"level":"info","message":"Signup workflow executed successfully for email kiran.sadara6730@gmail.com","service":"user-backend","timestamp":"2026-08-11T17:26:19.918Z"}
{"level":"info","message":"Request for Signup workflow is sending for email kiran.sadara6730@gmail.com","service":"user-backend","timestamp":"2026-08-11T17:26:19.918Z"}
{"level":"info","message":"Signup workflow executed successfully for email kiran.sadara6730@gmail.com","service":"user-backend","timestamp":"2026-08-11T17:26:19.998Z"}
{"level":"info","message":"Request for Signup workflow is sending for email kiran.sadara6730@gmail.com","service":"user-backend","timestamp":"2026-08-11T17:26:19.999Z"}
{"level":"info","message":"Signup workflow executed successfully for email kiran.sadara6730@gmail.com","service":"user-backend","timestamp":"2026-08-11T17:26:20.115Z"}
{"level":"info","message":"Request for Signup workflow is sending for email kiran.sadara6730@gmail.com","service":"user-backend","timestamp":"2026-08-11T17:26:20.116Z"}
{"level":"info","message":"Signup workflow executed successfully for email kiran.sadara6730@gmail.com","service":"user-backend","timestamp":"2026-08-11T17:26:20.216Z"}
{"level":"info","message":"Request for Signup workflow is sending for email kiran.sadara6730@gmail.com","service":"user-backend","timestamp":"2026-08-11T17:26:20.216Z"}
{"level":"info","message":"Signup workflow executed successfully for email kiran.sadara6730@gmail.com","service":"user-backend","timestamp":"2026-08-11T17:26:20.303Z"}
{"level":"info","message":"Request for Signup workflow is sending for email kiran.sadara6730@gmail.com","service":"user-backend","timestamp":"2026-08-11T17:26:20.304Z"}
{"level":"info","message":"Signup workflow executed successfully for email kiran.sadara6730@gmail.com","service":"user-backend","timestamp":"2026-08-11T17:26:20.408Z"}
{"level":"info","message":"Request for Signup workflow is sending for email kiran.sadara6730@gmail.com","service":"user-backend","timestamp":"2026-08-11T17:26:20.409Z"}
{"level":"info","message":"Signup workflow executed successfully for email kiran.sadara6730@gmail.com","service":"user-backend","timestamp":"2026-08-11T17:26:20.501Z"}
{"level":"info","message":"Request for Signup workflow is sending for email kiran.sadara6730@gmail.com","service":"user-backend","timestamp":"2026-08-11T17:26:20.501Z"}
{"level":"info","message":"Signup workflow executed successfully for email kiran.sadara6730@gmail.com","service":"user-backend","timestamp":"2026-08-11T17:26:20.607Z"}
{"level":"info","message":"Request for Signup workflow is sending for email kiran.sadara6730@gmail.com","service":"user-backend","timestamp":"2026-08-11T17:26:20.607Z"}
{"level":"info","message":"Signup workflow executed successfully for email kiran.sadara6730@gmail.com","service":"user-backend","timestamp":"2026-08-11T17:26:20.730Z"}
{"level":"info","message":"Request for Signup workflow is sending for email kiran.sadara6730@gmail.com","service":"user-backend","timestamp":"2026-08-11T17:26:20.730Z"}
{"level":"info","message":"Signup workflow executed successfully for email kiran.sadara6730@gmail.com","service":"user-backend","timestamp":"2026-08-11T17:26:20.820Z"}
{"level":"info","message":"Request for Signup workflow is sending for email kiran.sadara6730@gmail.com","service":"user-backend","timestamp":"2026-08-11T17:26:20.820Z"}
{"level":"info","message":"Signup workflow executed successfully for email kiran.sadara6730@gmail.com","service":"user-backend","timestamp":"2026-08-11T17:26:20.932Z"}
{"level":"info","message":"Request for Signup workflow is sending for email kiran.sadara6730@gmail.com","service":"user-backend","timestamp":"2026-08-11T17:26:20.933Z"}
{"level":"info","message":"Signup workflow executed successfully for email kiran.sadara6730@gmail.com","service":"user-backend","timestamp":"2026-08-11T17:26:21.035Z"}
{"level":"info","message":"Request for Signup workflow is sending for email kiran.sadara6730@gmail.com","service":"user-backend","timestamp":"2026-08-11T17:26:21.035Z"}
{"level":"info","message":"Signup workflow executed successfully for email kiran.sadara6730@gmail.com","service":"user-backend","timestamp":"2026-08-11T17:26:21.125Z"}
{"level":"info","message":"Request for Signup workflow is sending for email kiran.sadara6730@gmail.com","service":"user-backend","timestamp":"2026-08-11T17:26:21.125Z"}
{"level":"info","message":"Signup workflow executed successfully for email kiran.sadara6730@gmail.com","service":"user-backend","timestamp":"2026-08-11T17:26:21.241Z"}
{"level":"info","message":"Request for Signup workflow is sending for email kiran.sadara6730@gmail.com","service":"user-backend","timestamp":"2026-08-11T17:26:21.242Z"}
{"level":"info","message":"Signup workflow executed successfully for email kiran.sadara6730@gmail.com","service":"user-backend","timestamp":"2026-08-11T17:26:21.369Z"}
{"level":"info","message":"Request for Signup workflow is sending for email kiran.sadara6730@gmail.com","service":"user-backend","timestamp":"2026-08-11T17:26:21.369Z"}
{"level":"info","message":"Signup workflow executed successfully for email kiran.sadara6730@gmail.com","service":"user-backend","timestamp":"2026-08-11T17:26:21.496Z"}
{"level":"info","message":"Request for Signup workflow is sending for email kiran.sadara6730@gmail.com","service":"user-backend","timestamp":"2026-08-11T17:26:21.496Z"}
{"level":"info","message":"Signup workflow executed successfully for email kiran.sadara6730@gmail.com","service":"user-backend","timestamp":"2026-08-11T17:26:21.650Z"}
{"level":"info","message":"Request for Signup workflow is sending for email kiran.sadara6730@gmail.com","service":"user-backend","timestamp":"2026-08-11T17:26:21.651Z"}
{"level":"info","message":"Signup workflow executed successfully for email kiran.sadara6730@gmail.com","service":"user-backend","timestamp":"2026-08-11T17:26:21.767Z"}
{"level":"info","message":"Request for Signup workflow is sending for email kiran.sadara6730@gmail.com","service":"user-backend","timestamp":"2026-08-11T17:26:21.767Z"}
{"level":"info","message":"Signup workflow executed successfully for email kiran.sadara6730@gmail.com","service":"user-backend","timestamp":"2026-08-11T17:26:21.903Z"}
{"level":"info","message":"Request for Signup workflow is sending for email kiran.sadara6730@gmail.com","service":"user-backend","timestamp":"2026-08-11T17:26:21.904Z"}
{"level":"info","message":"Signup workflow executed successfully for email kiran.sadara6730@gmail.com","service":"user-backend","timestamp":"2026-08-11T17:26:21.992Z"}
{"level":"info","message":"Request for Signup workflow is sending for email kiran.sadara6730@gmail.com","service":"user-backend","timestamp":"2026-08-11T17:26:21.992Z"}
{"level":"info","message":"Signup workflow executed successfully for email kiran.sadara6730@gmail.com","service":"user-backend","timestamp":"2026-08-11T17:26:22.169Z"}
{"level":"info","message":"Request for Signup workflow is sending for email kiran.sadara6730@gmail.com","service":"user-backend","timestamp":"2026-08-11T17:26:22.173Z"}
{"level":"info","message":"Signup workflow executed successfully for email kiran.sadara6730@gmail.com","service":"user-backend","timestamp":"2026-08-11T17:26:22.353Z"}
{"level":"info","message":"Request for Signup workflow is sending for email kiran.sadara6730@gmail.com","service":"user-backend","timestamp":"2026-08-11T17:26:22.353Z"}
{"level":"info","message":"Signup workflow executed successfully for email kiran.sadara6730@gmail.com","service":"user-backend","timestamp":"2026-08-11T17:26:22.479Z"}
{"level":"info","message":"Request for Signup workflow is sending for email kiran.sadara6730@gmail.com","service":"user-backend","timestamp":"2026-08-11T17:26:22.479Z"}
{"level":"info","message":"Signup workflow executed successfully for email kiran.sadara6730@gmail.com","service":"user-backend","timestamp":"2026-08-11T17:26:22.563Z"}
{"level":"info","message":"Request for Signup workflow is sending for email kiran.sadara6730@gmail.com","service":"user-backend","timestamp":"2026-08-11T17:26:22.564Z"}
{"level":"info","message":"Signup workflow executed successfully for email kiran.sadara6730@gmail.com","service":"user-backend","timestamp":"2026-08-11T17:26:22.655Z"}
{"level":"info","message":"Request for Signup workflow is sending for email kiran.sadara6730@gmail.com","service":"user-backend","timestamp":"2026-08-11T17:26:22.655Z"}
{"level":"info","message":"Signup workflow executed successfully for email kiran.sadara6730@gmail.com","service":"user-backend","timestamp":"2026-08-11T17:26:22.775Z"}
{"level":"info","message":"Request for Signup workflow is sending for email kiran.sadara6730@gmail.com","service":"user-backend","timestamp":"2026-08-11T17:26:22.775Z"}
{"level":"info","message":"Signup workflow executed successfully for email kiran.sadara6730@gmail.com","service":"user-backend","timestamp":"2026-08-11T17:26:22.848Z"}
{"level":"info","message":"Request for Signup workflow is sending for email kiran.sadara6730@gmail.com","service":"user-backend","timestamp":"2026-08-11T17:26:22.849Z"}
{"level":"info","message":"Signup workflow executed successfully for email kiran.sadara6730@gmail.com","service":"user-backend","timestamp":"2026-08-11T17:26:22.952Z"}
{"level":"info","message":"Request for Signup workflow is sending for email kiran.sadara6730@gmail.com","service":"user-backend","timestamp":"2026-08-11T17:26:22.953Z"}
{"level":"info","message":"Signup workflow executed successfully for email kiran.sadara6730@gmail.com","service":"user-backend","timestamp":"2026-08-11T17:26:23.031Z"}
{"level":"info","message":"Request for Signup workflow is sending for email kiran.sadara6730@gmail.com","service":"user-backend","timestamp":"2026-08-11T17:26:23.032Z"}
{"level":"info","message":"Signup workflow executed successfully for email kiran.sadara6730@gmail.com","service":"user-backend","timestamp":"2026-08-11T17:26:23.109Z"}
{"level":"info","message":"Request for Signup workflow is sending for email kiran.sadara6730@gmail.com","service":"user-backend","timestamp":"2026-08-11T17:26:23.109Z"}
{"level":"info","message":"Signup workflow executed successfully for email kiran.sadara6730@gmail.com","service":"user-backend","timestamp":"2026-08-11T17:26:23.210Z"}
{"level":"info","message":"Request for Signup workflow is sending for email kiran.sadara6730@gmail.com","service":"user-backend","timestamp":"2026-08-11T17:26:23.210Z"}
{"level":"info","message":"Signup workflow executed successfully for email kiran.sadara6730@gmail.com","service":"user-backend","timestamp":"2026-08-11T17:26:23.300Z"}
{"level":"info","message":"Request for Signup workflow is sending for email kiran.sadara6730@gmail.com","service":"user-backend","timestamp":"2026-08-11T17:26:23.300Z"}
{"level":"info","message":"Signup workflow executed successfully for email kiran.sadara6730@gmail.com","service":"user-backend","timestamp":"2026-08-11T17:26:23.399Z"}
{"level":"info","message":"Request for Signup workflow is sending for email kiran.sadara6730@gmail.com","service":"user-backend","timestamp":"2026-08-11T17:26:23.399Z"}
{"level":"info","message":"Signup workflow executed successfully for email kiran.sadara6730@gmail.com","service":"user-backend","timestamp":"2026-08-11T17:26:23.567Z"}
{"level":"info","message":"Request for Signup workflow is sending for email kiran.sadara6730@gmail.com","service":"user-backend","timestamp":"2026-08-11T17:26:23.567Z"}
{"level":"info","message":"Signup workflow executed successfully for email kiran.sadara6730@gmail.com","service":"user-backend","timestamp":"2026-08-11T17:26:23.653Z"}
{"level":"info","message":"Request for Signup workflow is sending for email kiran.sadara6730@gmail.com","service":"user-backend","timestamp":"2026-08-11T17:26:23.653Z"}
{"level":"info","message":"Signup workflow executed successfully for email kiran.sadara6730@gmail.com","service":"user-backend","timestamp":"2026-08-11T17:26:23.752Z"}
{"level":"info","message":"Request for Signup workflow is sending for email kiran.sadara6730@gmail.com","service":"user-backend","timestamp":"2026-08-11T17:26:23.752Z"}
{"level":"info","message":"Signup workflow executed successfully for email kiran.sadara6730@gmail.com","service":"user-backend","timestamp":"2026-08-11T17:26:23.838Z"}
{"level":"info","message":"Request for Signup workflow is sending for email kiran.sadara6730@gmail.com","service":"user-backend","timestamp":"2026-08-11T17:26:23.838Z"}
{"level":"info","message":"Signup workflow executed successfully for email kiran.sadara6730@gmail.com","service":"user-backend","timestamp":"2026-08-11T17:26:24.011Z"}
{"level":"info","message":"Request for Signup workflow is sending for email kiran.sadara6730@gmail.com","service":"user-backend","timestamp":"2026-08-11T17:26:24.012Z"}
{"level":"info","message":"Signup workflow executed successfully for email kiran.sadara6730@gmail.com","service":"user-backend","timestamp":"2026-08-11T17:26:24.172Z"}
{"level":"info","message":"Request for Signup workflow is sending for email kiran.sadara6730@gmail.com","service":"user-backend","timestamp":"2026-08-11T17:26:24.172Z"}
{"level":"info","message":"Signup workflow executed successfully for email kiran.sadara6730@gmail.com","service":"user-backend","timestamp":"2026-08-11T17:26:24.282Z"}
{"level":"info","message":"Request for Signup workflow is sending for email kiran.sadara6730@gmail.com","service":"user-backend","timestamp":"2026-08-11T17:26:24.283Z"}
{"level":"info","message":"Signup workflow executed successfully for email kiran.sadara6730@gmail.com","service":"user-backend","timestamp":"2026-08-11T17:26:24.407Z"}
{"level":"info","message":"Request for Signup workflow is sending for email kiran.sadara6730@gmail.com","service":"user-backend","timestamp":"2026-08-11T17:26:24.407Z"}
{"level":"info","message":"Signup workflow executed successfully for email kiran.sadara6730@gmail.com","service":"user-backend","timestamp":"2026-08-11T17:26:24.569Z"}
{"level":"info","message":"Request for Signup workflow is sending for email kiran.sadara6730@gmail.com","service":"user-backend","timestamp":"2026-08-11T17:26:24.570Z"}
{"level":"info","message":"Signup workflow executed successfully for email kiran.sadara6730@gmail.com","service":"user-backend","timestamp":"2026-08-11T17:26:25.054Z"}
{"level":"info","message":"Request for Signup workflow is sending for email kiran.sadara6730@gmail.com","service":"user-backend","timestamp":"2026-08-11T17:26:25.055Z"}
{"level":"info","message":"Signup workflow executed successfully for email kiran.sadara6730@gmail.com","service":"user-backend","timestamp":"2026-08-11T17:26:25.304Z"}
{"level":"info","message":"Request for Signup workflow is sending for email kiran.sadara6730@gmail.com","service":"user-backend","timestamp":"2026-08-11T17:26:25.304Z"}
{"level":"info","message":"Signup workflow executed successfully for email kiran.sadara6730@gmail.com","service":"user-backend","timestamp":"2026-08-11T17:26:25.490Z"}
{"level":"info","message":"Request for Signup workflow is sending for email kiran.sadara6730@gmail.com","service":"user-backend","timestamp":"2026-08-11T17:26:25.490Z"}
{"level":"info","message":"Signup workflow executed successfully for email kiran.sadara6730@gmail.com","service":"user-backend","timestamp":"2026-08-11T17:26:25.764Z"}
{"level":"info","message":"Request for Signup workflow is sending for email kiran.sadara6730@gmail.com","service":"user-backend","timestamp":"2026-08-11T17:26:25.765Z"}
{"level":"info","message":"Signup workflow executed successfully for email kiran.sadara6730@gmail.com","service":"user-backend","timestamp":"2026-08-11T17:26:25.893Z"}
{"level":"info","message":"Request for Signup workflow is sending for email kiran.sadara6730@gmail.com","service":"user-backend","timestamp":"2026-08-11T17:26:25.894Z"}
{"level":"info","message":"Signup workflow executed successfully for email kiran.sadara6730@gmail.com","service":"user-backend","timestamp":"2026-08-11T17:26:26.103Z"}
{"level":"info","message":"Request for Signup workflow is sending for email kiran.sadara6730@gmail.com","service":"user-backend","timestamp":"2026-08-11T17:26:26.103Z"}
{"level":"info","message":"Signup workflow executed successfully for email kiran.sadara6730@gmail.com","service":"user-backend","timestamp":"2026-08-11T17:26:26.230Z"}
{"level":"info","message":"Request for Signup workflow is sending for email kiran.sadara6730@gmail.com","service":"user-backend","timestamp":"2026-08-11T17:26:26.231Z"}
{"level":"info","message":"Signup workflow executed successfully for email kiran.sadara6730@gmail.com","service":"user-backend","timestamp":"2026-08-11T17:26:26.346Z"}
{"level":"info","message":"Request for Signup workflow is sending for email kiran.sadara6730@gmail.com","service":"user-backend","timestamp":"2026-08-11T17:26:26.347Z"}
{"level":"info","message":"Signup workflow executed successfully for email kiran.sadara6730@gmail.com","service":"user-backend","timestamp":"2026-08-11T17:26:26.557Z"}
{"level":"info","message":"Request for Signup workflow is sending for email kiran.sadara6730@gmail.com","service":"user-backend","timestamp":"2026-08-11T17:26:26.557Z"}
{"level":"info","message":"Signup workflow executed successfully for email kiran.sadara6730@gmail.com","service":"user-backend","timestamp":"2026-08-11T17:26:26.685Z"}
{"level":"info","message":"Request for Signup workflow is sending for email kiran.sadara6730@gmail.com","service":"user-backend","timestamp":"2026-08-11T17:26:26.685Z"}
{"level":"info","message":"Signup workflow executed successfully for email kiran.sadara6730@gmail.com","service":"user-backend","timestamp":"2026-08-11T17:26:26.765Z"}
{"level":"info","message":"Request for Signup workflow is sending for email kiran.sadara6730@gmail.com","service":"user-backend","timestamp":"2026-08-11T17:26:26.765Z"}
{"level":"info","message":"Signup workflow executed successfully for email kiran.sadara6730@gmail.com","service":"user-backend","timestamp":"2026-08-11T17:26:26.855Z"}
{"level":"info","message":"Request for Signup workflow is sending for email kiran.sadara6730@gmail.com","service":"user-backend","timestamp":"2026-08-11T17:26:26.856Z"}
{"level":"info","message":"Signup workflow executed successfully for email kiran.sadara6730@gmail.com","service":"user-backend","timestamp":"2026-08-11T17:26:26.947Z"}
{"level":"info","message":"Request for Signup workflow is sending for email kiran.sadara6730@gmail.com","service":"user-backend","timestamp":"2026-08-11T17:26:26.947Z"}
{"level":"info","message":"Signup workflow executed successfully for email kiran.sadara6730@gmail.com","service":"user-backend","timestamp":"2026-08-11T17:26:27.157Z"}
{"level":"info","message":"Request for Signup workflow is sending for email kiran.sadara6730@gmail.com","service":"user-backend","timestamp":"2026-08-11T17:26:27.157Z"}
{"level":"info","message":"Signup workflow executed successfully for email kiran.sadara6730@gmail.com","service":"user-backend","timestamp":"2026-08-11T17:26:27.289Z"}
{"level":"info","message":"Request for Signup workflow is sending for email kiran.sadara6730@gmail.com","service":"user-backend","timestamp":"2026-08-11T17:26:27.289Z"}
{"level":"info","message":"Signup workflow executed successfully for email kiran.sadara6730@gmail.com","service":"user-backend","timestamp":"2026-08-11T17:26:27.382Z"}
{"level":"info","message":"Request for Signup workflow is sending for email kiran.sadara6730@gmail.com","service":"user-backend","timestamp":"2026-08-11T17:26:27.382Z"}
{"level":"info","message":"Signup workflow executed successfully for email kiran.sadara6730@gmail.com","service":"user-backend","timestamp":"2026-08-11T17:26:27.577Z"}
{"level":"info","message":"Request for Signup workflow is sending for email kiran.sadara6730@gmail.com","service":"user-backend","timestamp":"2026-08-11T17:26:27.577Z"}
{"level":"info","message":"Signup workflow executed successfully for email kiran.sadara6730@gmail.com","service":"user-backend","timestamp":"2026-08-11T17:26:27.814Z"}
{"level":"info","message":"Request for Signup workflow is sending for email kiran.sadara6730@gmail.com","service":"user-backend","timestamp":"2026-08-11T17:26:27.815Z"}
{"level":"info","message":"Signup workflow executed successfully for email kiran.sadara6730@gmail.com","service":"user-backend","timestamp":"2026-08-11T17:26:27.945Z"}
{"level":"info","message":"Request for Signup workflow is sending for email kiran.sadara6730@gmail.com","service":"user-backend","timestamp":"2026-08-11T17:26:27.946Z"}
{"level":"info","message":"Signup workflow executed successfully for email kiran.sadara6730@gmail.com","service":"user-backend","timestamp":"2026-08-11T17:26:28.223Z"}
{"level":"info","message":"Request for Signup workflow is sending for email kiran.sadara6730@gmail.com","service":"user-backend","timestamp":"2026-08-11T17:26:28.224Z"}
{"level":"info","message":"Signup workflow executed successfully for email kiran.sadara6730@gmail.com","service":"user-backend","timestamp":"2026-08-11T17:26:29.496Z"}
{"level":"info","message":"Request for Signup workflow is sending for email kiran.sadara6730@gmail.com","service":"user-backend","timestamp":"2026-08-11T17:26:29.496Z"}
{"level":"info","message":"Signup workflow executed successfully for email kiran.sadara6730@gmail.com","service":"user-backend","timestamp":"2026-08-11T17:26:30.100Z"}
{"level":"info","message":"Request for Signup workflow is sending for email kiran.sadara6730@gmail.com","service":"user-backend","timestamp":"2026-08-11T17:26:30.101Z"}
{"level":"info","message":"Signup workflow executed successfully for email kiran.sadara6730@gmail.com","service":"user-backend","timestamp":"2026-08-11T17:26:30.249Z"}
{"level":"info","message":"Request for Signup workflow is sending for email kiran.sadara6730@gmail.com","service":"user-backend","timestamp":"2026-08-11T17:26:30.250Z"}
{"level":"info","message":"Signup workflow executed successfully for email kiran.sadara6730@gmail.com","service":"user-backend","timestamp":"2026-08-11T17:26:31.075Z"}
{"level":"info","message":"Request for Signup workflow is sending for email kiran.sadara6730@gmail.com","service":"user-backend","timestamp":"2026-08-11T17:26:31.076Z"}
{"level":"info","message":"Signup workflow executed successfully for email kiran.sadara6730@gmail.com","service":"user-backend","timestamp":"2026-08-11T17:26:31.155Z"}
{"level":"info","message":"Request for Signup workflow is sending for email kiran.sadara6730@gmail.com","service":"user-backend","timestamp":"2026-08-11T17:26:31.155Z"}
{"level":"info","message":"Signup workflow executed successfully for email kiran.sadara6730@gmail.com","service":"user-backend","timestamp":"2026-08-11T17:26:31.243Z"}
{"level":"info","message":"Request for Signup workflow is sending for email kiran.sadara6730@gmail.com","service":"user-backend","timestamp":"2026-08-11T17:26:31.245Z"}
{"level":"info","message":"Signup workflow executed successfully for email kiran.sadara6730@gmail.com","service":"user-backend","timestamp":"2026-08-11T17:26:31.323Z"}
{"level":"info","message":"Request for Signup workflow is sending for email kiran.sadara6730@gmail.com","service":"user-backend","timestamp":"2026-08-11T17:26:31.324Z"}
{"level":"info","message":"Signup workflow executed successfully for email kiran.sadara6730@gmail.com","service":"user-backend","timestamp":"2026-08-11T17:26:31.422Z"}
{"level":"info","message":"Request for Signup workflow is sending for email kiran.sadara6730@gmail.com","service":"user-backend","timestamp":"2026-08-11T17:26:31.423Z"}
{"level":"info","message":"Signup workflow executed successfully for email kiran.sadara6730@gmail.com","service":"user-backend","timestamp":"2026-08-11T17:26:31.621Z"}
{"level":"info","message":"Request for Signup workflow is sending for email kiran.sadara6730@gmail.com","service":"user-backend","timestamp":"2026-08-11T17:26:31.621Z"}
{"level":"info","message":"Signup workflow executed successfully for email kiran.sadara6730@gmail.com","service":"user-backend","timestamp":"2026-08-11T17:26:31.701Z"}
{"level":"info","message":"Request for Signup workflow is sending for email kiran.sadara6730@gmail.com","service":"user-backend","timestamp":"2026-08-11T17:26:31.701Z"}
{"level":"info","message":"Signup workflow executed successfully for email kiran.sadara6730@gmail.com","service":"user-backend","timestamp":"2026-08-11T17:26:31.845Z"}
{"level":"info","message":"Request for Signup workflow is sending for email kiran.sadara6730@gmail.com","service":"user-backend","timestamp":"2026-08-11T17:26:31.845Z"}
{"level":"info","message":"Signup workflow executed successfully for email kiran.sadara6730@gmail.com","service":"user-backend","timestamp":"2026-08-11T17:26:34.032Z"}
{"level":"info","message":"Request for Signup workflow is sending for email kiran.sadara6730@gmail.com","service":"user-backend","timestamp":"2026-08-11T17:26:34.033Z"}
{"level":"info","message":"Signup workflow executed successfully for email kiran.sadara6730@gmail.com","service":"user-backend","timestamp":"2026-08-11T17:26:35.389Z"}
{"level":"info","message":"Request for Signup workflow is sending for email kiran.sadara6730@gmail.com","service":"user-backend","timestamp":"2026-08-11T17:26:35.390Z"}
{"level":"info","message":"Signup workflow executed successfully for email kiran.sadara6730@gmail.com","service":"user-backend","timestamp":"2026-08-11T17:26:36.241Z"}
{"level":"info","message":"Request for Signup workflow is sending for email kiran.sadara6730@gmail.com","service":"user-backend","timestamp":"2026-08-11T17:26:36.241Z"}
{"level":"info","message":"Signup workflow executed successfully for email kiran.sadara6730@gmail.com","service":"user-backend","timestamp":"2026-08-11T17:26:37.045Z"}
{"level":"info","message":"Request for Signup workflow is sending for email kiran.sadara6730@gmail.com","service":"user-backend","timestamp":"2026-08-11T17:26:37.046Z"}
{"level":"info","message":"Signup workflow executed successfully for email kiran.sadara6730@gmail.com","service":"user-backend","timestamp":"2026-08-11T17:26:37.502Z"}
{"level":"info","message":"Request for Signup workflow is sending for email kiran.sadara6730@gmail.com","service":"user-backend","timestamp":"2026-08-11T17:26:37.502Z"}
{"level":"info","message":"Signup workflow executed successfully for email kiran.sadara6730@gmail.com","service":"user-backend","timestamp":"2026-08-11T17:26:37.711Z"}
{"level":"info","message":"Request for Signup workflow is sending for email kiran.sadara6730@gmail.com","service":"user-backend","timestamp":"2026-08-11T17:26:37.711Z"}
{"level":"info","message":"Signup workflow executed successfully for email kiran.sadara6730@gmail.com","service":"user-backend","timestamp":"2026-08-11T17:26:37.993Z"}
{"level":"info","message":"Request for Signup workflow is sending for email kiran.sadara6730@gmail.com","service":"user-backend","timestamp":"2026-08-11T17:26:37.993Z"}
{"level":"info","message":"Signup workflow executed successfully for email kiran.sadara6730@gmail.com","service":"user-backend","timestamp":"2026-08-11T17:26:41.089Z"}
{"level":"info","message":"Request for Signup workflow is sending for email kiran.sadara6730@gmail.com","service":"user-backend","timestamp":"2026-08-11T17:26:41.090Z"}
{"level":"info","message":"Signup workflow executed successfully for email kiran.sadara6730@gmail.com","service":"user-backend","timestamp":"2026-08-11T17:26:41.423Z"}
{"level":"info","message":"Request for Signup workflow is sending for email kiran.sadara6730@gmail.com","service":"user-backend","timestamp":"2026-08-11T17:26:41.424Z"}
{"level":"info","message":"Signup workflow executed successfully for email kiran.sadara6730@gmail.com","service":"user-backend","timestamp":"2026-08-11T17:26:41.890Z"}
{"level":"info","message":"Request for Signup workflow is sending for email kiran.sadara6730@gmail.com","service":"user-backend","timestamp":"2026-08-11T17:26:41.891Z"}
{"level":"info","message":"Signup workflow executed successfully for email kiran.sadara6730@gmail.com","service":"user-backend","timestamp":"2026-08-11T17:26:43.032Z"}
{"level":"info","message":"Request for Signup workflow is sending for email kiran.sadara6730@gmail.com","service":"user-backend","timestamp":"2026-08-11T17:26:43.033Z"}
{"level":"info","message":"Signup workflow executed successfully for email kiran.sadara6730@gmail.com","service":"user-backend","timestamp":"2026-08-11T17:26:43.763Z"}
{"level":"info","message":"Request for Signup workflow is sending for email kiran.sadara6730@gmail.com","service":"user-backend","timestamp":"2026-08-11T17:26:43.764Z"}
{"level":"info","message":"Signup workflow executed successfully for email kiran.sadara6730@gmail.com","service":"user-backend","timestamp":"2026-08-11T17:26:44.893Z"}
{"level":"info","message":"Request for Signup workflow is sending for email kiran.sadara6730@gmail.com","service":"user-backend","timestamp":"2026-08-11T17:26:44.893Z"}
{"level":"info","message":"Signup workflow executed successfully for email kiran.sadara6730@gmail.com","service":"user-backend","timestamp":"2026-08-11T17:26:45.059Z"}
{"level":"info","message":"Request for Signup workflow is sending for email kiran.sadara6730@gmail.com","service":"user-backend","timestamp":"2026-08-11T17:26:45.060Z"}
{"level":"info","message":"Signup workflow executed successfully for email kiran.sadara6730@gmail.com","service":"user-backend","timestamp":"2026-08-11T17:26:45.252Z"}
{"level":"info","message":"Request for Signup workflow is sending for email kiran.sadara6730@gmail.com","service":"user-backend","timestamp":"2026-08-11T17:26:45.252Z"}
{"level":"info","message":"Signup workflow executed successfully for email kiran.sadara6730@gmail.com","service":"user-backend","timestamp":"2026-08-11T17:26:45.409Z"}
{"level":"info","message":"Request for Signup workflow is sending for email kiran.sadara6730@gmail.com","service":"user-backend","timestamp":"2026-08-11T17:26:45.410Z"}
{"level":"info","message":"Signup workflow executed successfully for email kiran.sadara6730@gmail.com","service":"user-backend","timestamp":"2026-08-11T17:26:45.519Z"}
{"level":"info","message":"Request for Signup workflow is sending for email kiran.sadara6730@gmail.com","service":"user-backend","timestamp":"2026-08-11T17:26:45.519Z"}
{"level":"info","message":"Signup workflow executed successfully for email kiran.sadara6730@gmail.com","service":"user-backend","timestamp":"2026-08-11T17:26:45.652Z"}
{"level":"info","message":"Request for Signup workflow is sending for email kiran.sadara6730@gmail.com","service":"user-backend","timestamp":"2026-08-11T17:26:45.653Z"}
{"level":"info","message":"Signup workflow executed successfully for email kiran.sadara6730@gmail.com","service":"user-backend","timestamp":"2026-08-11T17:26:45.907Z"}
{"level":"info","message":"Request for Signup workflow is sending for email kiran.sadara6730@gmail.com","service":"user-backend","timestamp":"2026-08-11T17:26:45.908Z"}
{"level":"info","message":"Signup workflow executed successfully for email kiran.sadara6730@gmail.com","service":"user-backend","timestamp":"2026-08-11T17:26:46.543Z"}
{"level":"info","message":"Request for Signup workflow is sending for email kiran.sadara6730@gmail.com","service":"user-backend","timestamp":"2026-08-11T17:26:46.544Z"}
{"level":"info","message":"Signup workflow executed successfully for email kiran.sadara6730@gmail.com","service":"user-backend","timestamp":"2026-08-11T17:26:46.684Z"}
{"level":"info","message":"Request for Signup workflow is sending for email kiran.sadara6730@gmail.com","service":"user-backend","timestamp":"2026-08-11T17:26:46.684Z"}
{"level":"info","message":"Signup workflow executed successfully for email kiran.sadara6730@gmail.com","service":"user-backend","timestamp":"2026-08-11T17:26:46.835Z"}
{"level":"info","message":"Request for Signup workflow is sending for email kiran.sadara6730@gmail.com","service":"user-backend","timestamp":"2026-08-11T17:26:46.835Z"}
{"level":"info","message":"Signup workflow executed successfully for email kiran.sadara6730@gmail.com","service":"user-backend","timestamp":"2026-08-11T17:26:46.974Z"}
{"level":"info","message":"Request for Signup workflow is sending for email kiran.sadara6730@gmail.com","service":"user-backend","timestamp":"2026-08-11T17:26:46.975Z"}
{"level":"info","message":"Signup workflow executed successfully for email kiran.sadara6730@gmail.com","service":"user-backend","timestamp":"2026-08-11T17:26:47.625Z"}
{"level":"info","message":"Request for Signup workflow is sending for email kiran.sadara6730@gmail.com","service":"user-backend","timestamp":"2026-08-11T17:26:47.625Z"}
{"level":"info","message":"Signup workflow executed successfully for email kiran.sadara6730@gmail.com","service":"user-backend","timestamp":"2026-08-11T17:26:47.753Z"}
{"level":"info","message":"Request for Signup workflow is sending for email kiran.sadara6730@gmail.com","service":"user-backend","timestamp":"2026-08-11T17:26:47.754Z"}
{"level":"info","message":"Signup workflow executed successfully for email kiran.sadara6730@gmail.com","service":"user-backend","timestamp":"2026-08-11T17:26:47.905Z"}
{"level":"info","message":"Request for Signup workflow is sending for email kiran.sadara6730@gmail.com","service":"user-backend","timestamp":"2026-08-11T17:26:47.906Z"}
{"level":"info","message":"Signup workflow executed successfully for email kiran.sadara6730@gmail.com","service":"user-backend","timestamp":"2026-08-11T17:26:48.157Z"}
{"level":"info","message":"Request for Signup workflow is sending for email kiran.sadara6730@gmail.com","service":"user-backend","timestamp":"2026-08-11T17:26:48.157Z"}
{"level":"info","message":"Signup workflow executed successfully for email kiran.sadara6730@gmail.com","service":"user-backend","timestamp":"2026-08-11T17:26:48.659Z"}
{"level":"info","message":"Request for Signup workflow is sending for email kiran.sadara6730@gmail.com","service":"user-backend","timestamp":"2026-08-11T17:26:48.660Z"}
{"level":"info","message":"Signup workflow executed successfully for email kiran.sadara6730@gmail.com","service":"user-backend","timestamp":"2026-08-11T17:26:48.819Z"}
{"level":"info","message":"Request for Signup workflow is sending for email kiran.sadara6730@gmail.com","service":"user-backend","timestamp":"2026-08-11T17:26:48.819Z"}
{"level":"info","message":"Signup workflow executed successfully for email kiran.sadara6730@gmail.com","service":"user-backend","timestamp":"2026-08-11T17:26:48.942Z"}
{"level":"info","message":"Request for Signup workflow is sending for email kiran.sadara6730@gmail.com","service":"user-backend","timestamp":"2026-08-11T17:26:48.943Z"}
{"level":"info","message":"Signup workflow executed successfully for email kiran.sadara6730@gmail.com","service":"user-backend","timestamp":"2026-08-11T17:26:49.027Z"}
{"level":"info","message":"Request for Signup workflow is sending for email kiran.sadara6730@gmail.com","service":"user-backend","timestamp":"2026-08-11T17:26:49.028Z"}
{"level":"info","message":"Signup workflow executed successfully for email kiran.sadara6730@gmail.com","service":"user-backend","timestamp":"2026-08-11T17:26:49.123Z"}
{"level":"info","message":"Request for Signup workflow is sending for email kiran.sadara6730@gmail.com","service":"user-backend","timestamp":"2026-08-11T17:26:49.123Z"}
{"level":"info","message":"Signup workflow executed successfully for email kiran.sadara6730@gmail.com","service":"user-backend","timestamp":"2026-08-11T17:26:49.263Z"}
{"level":"info","message":"Request for Signup workflow is sending for email kiran.sadara6730@gmail.com","service":"user-backend","timestamp":"2026-08-11T17:26:49.264Z"}
{"level":"info","message":"Signup workflow executed successfully for email kiran.sadara6730@gmail.com","service":"user-backend","timestamp":"2026-08-11T17:26:49.345Z"}
{"level":"info","message":"Request for Signup workflow is sending for email kiran.sadara6730@gmail.com","service":"user-backend","timestamp":"2026-08-11T17:26:49.346Z"}
{"level":"info","message":"Signup workflow executed successfully for email kiran.sadara6730@gmail.com","service":"user-backend","timestamp":"2026-08-11T17:26:49.438Z"}
{"level":"info","message":"Request for Signup workflow is sending for email kiran.sadara6730@gmail.com","service":"user-backend","timestamp":"2026-08-11T17:26:49.440Z"}
{"level":"info","message":"Signup workflow executed successfully for email kiran.sadara6730@gmail.com","service":"user-backend","timestamp":"2026-08-11T17:26:49.535Z"}
{"level":"info","message":"Request for Signup workflow is sending for email kiran.sadara6730@gmail.com","service":"user-backend","timestamp":"2026-08-11T17:26:49.539Z"}
{"level":"info","message":"Signup workflow executed successfully for email kiran.sadara6730@gmail.com","service":"user-backend","timestamp":"2026-08-11T17:26:49.647Z"}
{"level":"info","message":"Request for Signup workflow is sending for email kiran.sadara6730@gmail.com","service":"user-backend","timestamp":"2026-08-11T17:26:49.647Z"}
{"level":"info","message":"Signup workflow executed successfully for email kiran.sadara6730@gmail.com","service":"user-backend","timestamp":"2026-08-11T17:26:49.773Z"}
{"level":"info","message":"Request for Signup workflow is sending for email kiran.sadara6730@gmail.com","service":"user-backend","timestamp":"2026-08-11T17:26:49.773Z"}
{"level":"info","message":"Signup workflow executed successfully for email kiran.sadara6730@gmail.com","service":"user-backend","timestamp":"2026-08-11T17:26:49.931Z"}
{"level":"info","message":"Request for Signup workflow is sending for email kiran.sadara6730@gmail.com","service":"user-backend","timestamp":"2026-08-11T17:26:49.931Z"}
{"level":"info","message":"Signup workflow executed successfully for email kiran.sadara6730@gmail.com","service":"user-backend","timestamp":"2026-08-11T17:26:50.374Z"}
{"level":"info","message":"Request for Signup workflow is sending for email kiran.sadara6730@gmail.com","service":"user-backend","timestamp":"2026-08-11T17:26:50.374Z"}
{"level":"info","message":"Signup workflow executed successfully for email kiran.sadara6730@gmail.com","service":"user-backend","timestamp":"2026-08-11T17:26:51.169Z"}
{"level":"info","message":"Request for Signup workflow is sending for email kiran.sadara6730@gmail.com","service":"user-backend","timestamp":"2026-08-11T17:26:51.170Z"}
{"level":"info","message":"Signup workflow executed successfully for email kiran.sadara6730@gmail.com","service":"user-backend","timestamp":"2026-08-11T17:26:51.904Z"}
{"level":"info","message":"Request for Signup workflow is sending for email kiran.sadara6730@gmail.com","service":"user-backend","timestamp":"2026-08-11T17:26:51.905Z"}
{"level":"info","message":"Signup workflow executed successfully for email kiran.sadara6730@gmail.com","service":"user-backend","timestamp":"2026-08-11T17:26:52.105Z"}
{"level":"info","message":"Request for Signup workflow is sending for email kiran.sadara6730@gmail.com","service":"user-backend","timestamp":"2026-08-11T17:26:52.105Z"}
{"level":"info","message":"Signup workflow executed successfully for email kiran.sadara6730@gmail.com","service":"user-backend","timestamp":"2026-08-11T17:26:52.341Z"}
{"level":"info","message":"Request for Signup workflow is sending for email kiran.sadara6730@gmail.com","service":"user-backend","timestamp":"2026-08-11T17:26:52.342Z"}
{"level":"info","message":"Signup workflow executed successfully for email kiran.sadara6730@gmail.com","service":"user-backend","timestamp":"2026-08-11T17:26:52.821Z"}
{"level":"info","message":"Request for Signup workflow is sending for email kiran.sadara6730@gmail.com","service":"user-backend","timestamp":"2026-08-11T17:26:52.822Z"}
{"level":"info","message":"Signup workflow executed successfully for email kiran.sadara6730@gmail.com","service":"user-backend","timestamp":"2026-08-11T17:26:54.541Z"}
{"level":"info","message":"Request for Signup workflow is sending for email kiran.sadara6730@gmail.com","service":"user-backend","timestamp":"2026-08-11T17:26:54.541Z"}
{"level":"info","message":"Signup workflow executed successfully for email kiran.sadara6730@gmail.com","service":"user-backend","timestamp":"2026-08-11T17:26:54.673Z"}
{"level":"info","message":"Request for Signup workflow is sending for email kiran.sadara6730@gmail.com","service":"user-backend","timestamp":"2026-08-11T17:26:54.673Z"}
{"level":"info","message":"Signup workflow executed successfully for email kiran.sadara6730@gmail.com","service":"user-backend","timestamp":"2026-08-11T17:26:54.766Z"}
{"level":"info","message":"Request for Signup workflow is sending for email kiran.sadara6730@gmail.com","service":"user-backend","timestamp":"2026-08-11T17:26:54.766Z"}
{"level":"info","message":"Signup workflow executed successfully for email kiran.sadara6730@gmail.com","service":"user-backend","timestamp":"2026-08-11T17:26:54.844Z"}
{"level":"info","message":"Request for Signup workflow is sending for email kiran.sadara6730@gmail.com","service":"user-backend","timestamp":"2026-08-11T17:26:54.845Z"}
{"level":"info","message":"Signup workflow executed successfully for email kiran.sadara6730@gmail.com","service":"user-backend","timestamp":"2026-08-11T17:26:54.946Z"}
{"level":"info","message":"Request for Signup workflow is sending for email kiran.sadara6730@gmail.com","service":"user-backend","timestamp":"2026-08-11T17:26:54.946Z"}
{"level":"info","message":"Signup workflow executed successfully for email kiran.sadara6730@gmail.com","service":"user-backend","timestamp":"2026-08-11T17:26:55.043Z"}
{"level":"info","message":"Request for Signup workflow is sending for email kiran.sadara6730@gmail.com","service":"user-backend","timestamp":"2026-08-11T17:26:55.043Z"}
{"level":"info","message":"Signup workflow executed successfully for email kiran.sadara6730@gmail.com","service":"user-backend","timestamp":"2026-08-11T17:26:55.216Z"}
{"level":"info","message":"Request for Signup workflow is sending for email kiran.sadara6730@gmail.com","service":"user-backend","timestamp":"2026-08-11T17:26:55.216Z"}
{"level":"info","message":"Signup workflow executed successfully for email kiran.sadara6730@gmail.com","service":"user-backend","timestamp":"2026-08-11T17:26:55.350Z"}
{"level":"info","message":"Request for Signup workflow is sending for email kiran.sadara6730@gmail.com","service":"user-backend","timestamp":"2026-08-11T17:26:55.351Z"}
{"level":"info","message":"Signup workflow executed successfully for email kiran.sadara6730@gmail.com","service":"user-backend","timestamp":"2026-08-11T17:26:56.170Z"}
{"level":"info","message":"Request for Signup workflow is sending for email kiran.sadara6730@gmail.com","service":"user-backend","timestamp":"2026-08-11T17:26:56.170Z"}
{"level":"info","message":"Signup workflow executed successfully for email kiran.sadara6730@gmail.com","service":"user-backend","timestamp":"2026-08-11T17:26:56.265Z"}
{"level":"info","message":"Request for Signup workflow is sending for email kiran.sadara6730@gmail.com","service":"user-backend","timestamp":"2026-08-11T17:26:56.265Z"}
{"level":"info","message":"Signup workflow executed successfully for email kiran.sadara6730@gmail.com","service":"user-backend","timestamp":"2026-08-11T17:26:56.396Z"}
{"level":"info","message":"Request for Signup workflow is sending for email kiran.sadara6730@gmail.com","service":"user-backend","timestamp":"2026-08-11T17:26:56.396Z"}
{"level":"info","message":"Signup workflow executed successfully for email kiran.sadara6730@gmail.com","service":"user-backend","timestamp":"2026-08-11T17:26:56.477Z"}
{"level":"info","message":"Request for Signup workflow is sending for email kiran.sadara6730@gmail.com","service":"user-backend","timestamp":"2026-08-11T17:26:56.477Z"}
{"level":"info","message":"Signup workflow executed successfully for email kiran.sadara6730@gmail.com","service":"user-backend","timestamp":"2026-08-11T17:26:56.558Z"}
{"level":"info","message":"Request for Signup workflow is sending for email kiran.sadara6730@gmail.com","service":"user-backend","timestamp":"2026-08-11T17:26:56.559Z"}
{"level":"info","message":"Signup workflow executed successfully for email kiran.sadara6730@gmail.com","service":"user-backend","timestamp":"2026-08-11T17:26:56.689Z"}
{"level":"info","message":"Request for Signup workflow is sending for email kiran.sadara6730@gmail.com","service":"user-backend","timestamp":"2026-08-11T17:26:56.691Z"}
{"level":"info","message":"Signup workflow executed successfully for email kiran.sadara6730@gmail.com","service":"user-backend","timestamp":"2026-08-11T17:26:56.788Z"}
{"level":"info","message":"Request for Signup workflow is sending for email kiran.sadara6730@gmail.com","service":"user-backend","timestamp":"2026-08-11T17:26:56.789Z"}
{"level":"info","message":"Signup workflow executed successfully for email kiran.sadara6730@gmail.com","service":"user-backend","timestamp":"2026-08-11T17:26:56.872Z"}
{"level":"info","message":"Request for Signup workflow is sending for email kiran.sadara6730@gmail.com","service":"user-backend","timestamp":"2026-08-11T17:26:56.872Z"}
{"level":"info","message":"Signup workflow executed successfully for email kiran.sadara6730@gmail.com","service":"user-backend","timestamp":"2026-08-11T17:26:56.969Z"}
{"level":"info","message":"Request for Signup workflow is sending for email kiran.sadara6730@gmail.com","service":"user-backend","timestamp":"2026-08-11T17:26:56.970Z"}
{"level":"info","message":"Signup workflow executed successfully for email kiran.sadara6730@gmail.com","service":"user-backend","timestamp":"2026-08-11T17:26:57.076Z"}
{"level":"info","message":"Request for Signup workflow is sending for email kiran.sadara6730@gmail.com","service":"user-backend","timestamp":"2026-08-11T17:26:57.077Z"}
{"level":"info","message":"Signup workflow executed successfully for email kiran.sadara6730@gmail.com","service":"user-backend","timestamp":"2026-08-11T17:26:57.189Z"}
{"level":"info","message":"Request for Signup workflow is sending for email kiran.sadara6730@gmail.com","service":"user-backend","timestamp":"2026-08-11T17:26:57.190Z"}
{"level":"info","message":"Signup workflow executed successfully for email kiran.sadara6730@gmail.com","service":"user-backend","timestamp":"2026-08-11T17:26:57.327Z"}
{"level":"info","message":"Request for Signup workflow is sending for email kiran.sadara6730@gmail.com","service":"user-backend","timestamp":"2026-08-11T17:26:57.327Z"}
{"level":"info","message":"Signup workflow executed successfully for email kiran.sadara6730@gmail.com","service":"user-backend","timestamp":"2026-08-11T17:26:57.419Z"}
{"level":"info","message":"Request for Signup workflow is sending for email kiran.sadara6730@gmail.com","service":"user-backend","timestamp":"2026-08-11T17:26:57.419Z"}
{"level":"info","message":"Signup workflow executed successfully for email kiran.sadara6730@gmail.com","service":"user-backend","timestamp":"2026-08-11T17:26:57.524Z"}
{"level":"info","message":"Request for Signup workflow is sending for email kiran.sadara6730@gmail.com","service":"user-backend","timestamp":"2026-08-11T17:26:57.525Z"}
{"level":"info","message":"Signup workflow executed successfully for email kiran.sadara6730@gmail.com","service":"user-backend","timestamp":"2026-08-11T17:26:57.611Z"}
{"level":"info","message":"Request for Signup workflow is sending for email kiran.sadara6730@gmail.com","service":"user-backend","timestamp":"2026-08-11T17:26:57.611Z"}
{"level":"info","message":"Signup workflow executed successfully for email kiran.sadara6730@gmail.com","service":"user-backend","timestamp":"2026-08-11T17:26:57.741Z"}
{"level":"info","message":"Request for Signup workflow is sending for email kiran.sadara6730@gmail.com","service":"user-backend","timestamp":"2026-08-11T17:26:57.741Z"}
{"level":"info","message":"Signup workflow executed successfully for email kiran.sadara6730@gmail.com","service":"user-backend","timestamp":"2026-08-11T17:26:57.867Z"}
{"level":"info","message":"Request for Signup workflow is sending for email kiran.sadara6730@gmail.com","service":"user-backend","timestamp":"2026-08-11T17:26:57.868Z"}
{"level":"info","message":"Signup workflow executed successfully for email kiran.sadara6730@gmail.com","service":"user-backend","timestamp":"2026-08-11T17:26:57.952Z"}
{"level":"info","message":"Request for Signup workflow is sending for email kiran.sadara6730@gmail.com","service":"user-backend","timestamp":"2026-08-11T17:26:57.952Z"}
{"level":"info","message":"Signup workflow executed successfully for email kiran.sadara6730@gmail.com","service":"user-backend","timestamp":"2026-08-11T17:26:58.041Z"}
{"level":"info","message":"Request for Signup workflow is sending for email kiran.sadara6730@gmail.com","service":"user-backend","timestamp":"2026-08-11T17:26:58.041Z"}
{"level":"info","message":"Signup workflow executed successfully for email kiran.sadara6730@gmail.com","service":"user-backend","timestamp":"2026-08-11T17:26:58.148Z"}
{"level":"info","message":"Request for Signup workflow is sending for email kiran.sadara6730@gmail.com","service":"user-backend","timestamp":"2026-08-11T17:26:58.148Z"}
{"level":"info","message":"Signup workflow executed successfully for email kiran.sadara6730@gmail.com","service":"user-backend","timestamp":"2026-08-11T17:26:58.239Z"}
{"level":"info","message":"Request for Signup workflow is sending for email kiran.sadara6730@gmail.com","service":"user-backend","timestamp":"2026-08-11T17:26:58.239Z"}
{"level":"info","message":"Signup workflow executed successfully for email kiran.sadara6730@gmail.com","service":"user-backend","timestamp":"2026-08-11T17:26:58.321Z"}
{"level":"info","message":"Request for Signup workflow is sending for email kiran.sadara6730@gmail.com","service":"user-backend","timestamp":"2026-08-11T17:26:58.321Z"}
{"level":"info","message":"Signup workflow executed successfully for email kiran.sadara6730@gmail.com","service":"user-backend","timestamp":"2026-08-11T17:26:58.402Z"}
{"level":"info","message":"Request for Signup workflow is sending for email kiran.sadara6730@gmail.com","service":"user-backend","timestamp":"2026-08-11T17:26:58.403Z"}
{"level":"info","message":"Signup workflow executed successfully for email kiran.sadara6730@gmail.com","service":"user-backend","timestamp":"2026-08-11T17:26:58.559Z"}
{"level":"info","message":"Request for Signup workflow is sending for email kiran.sadara6730@gmail.com","service":"user-backend","timestamp":"2026-08-11T17:26:58.559Z"}
{"level":"info","message":"Signup workflow executed successfully for email kiran.sadara6730@gmail.com","service":"user-backend","timestamp":"2026-08-11T17:26:58.662Z"}
{"level":"info","message":"Request for Signup workflow is sending for email kiran.sadara6730@gmail.com","service":"user-backend","timestamp":"2026-08-11T17:26:58.662Z"}
{"level":"info","message":"Signup workflow executed successfully for email kiran.sadara6730@gmail.com","service":"user-backend","timestamp":"2026-08-11T17:26:58.744Z"}
{"level":"info","message":"Request for Signup workflow is sending for email kiran.sadara6730@gmail.com","service":"user-backend","timestamp":"2026-08-11T17:26:58.745Z"}
{"level":"info","message":"Signup workflow executed successfully for email kiran.sadara6730@gmail.com","service":"user-backend","timestamp":"2026-08-11T17:26:58.829Z"}
{"level":"info","message":"Request for Signup workflow is sending for email kiran.sadara6730@gmail.com","service":"user-backend","timestamp":"2026-08-11T17:26:58.830Z"}
{"level":"info","message":"Signup workflow executed successfully for email kiran.sadara6730@gmail.com","service":"user-backend","timestamp":"2026-08-11T17:26:58.920Z"}
{"level":"info","message":"Request for Signup workflow is sending for email kiran.sadara6730@gmail.com","service":"user-backend","timestamp":"2026-08-11T17:26:58.920Z"}
{"level":"info","message":"Signup workflow executed successfully for email kiran.sadara6730@gmail.com","service":"user-backend","timestamp":"2026-08-11T17:26:59.019Z"}
{"level":"info","message":"Request for Signup workflow is sending for email kiran.sadara6730@gmail.com","service":"user-backend","timestamp":"2026-08-11T17:26:59.020Z"}
{"level":"info","message":"Signup workflow executed successfully for email kiran.sadara6730@gmail.com","service":"user-backend","timestamp":"2026-08-11T17:26:59.128Z"}
{"level":"info","message":"Request for Signup workflow is sending for email kiran.sadara6730@gmail.com","service":"user-backend","timestamp":"2026-08-11T17:26:59.128Z"}
{"level":"info","message":"Signup workflow executed successfully for email kiran.sadara6730@gmail.com","service":"user-backend","timestamp":"2026-08-11T17:26:59.541Z"}
{"level":"info","message":"Request for Signup workflow is sending for email kiran.sadara6730@gmail.com","service":"user-backend","timestamp":"2026-08-11T17:26:59.541Z"}
{"level":"info","message":"Signup workflow executed successfully for email kiran.sadara6730@gmail.com","service":"user-backend","timestamp":"2026-08-11T17:26:59.631Z"}
{"level":"info","message":"Request for Signup workflow is sending for email kiran.sadara6730@gmail.com","service":"user-backend","timestamp":"2026-08-11T17:26:59.632Z"}
{"level":"info","message":"Signup workflow executed successfully for email kiran.sadara6730@gmail.com","service":"user-backend","timestamp":"2026-08-11T17:27:00.097Z"}
{"level":"info","message":"Request for Signup workflow is sending for email kiran.sadara6730@gmail.com","service":"user-backend","timestamp":"2026-08-11T17:27:00.097Z"}
{"level":"info","message":"Signup workflow executed successfully for email kiran.sadara6730@gmail.com","service":"user-backend","timestamp":"2026-08-11T17:27:00.175Z"}
{"level":"info","message":"Request for Signup workflow is sending for email kiran.sadara6730@gmail.com","service":"user-backend","timestamp":"2026-08-11T17:27:00.175Z"}
{"level":"info","message":"Signup workflow executed successfully for email kiran.sadara6730@gmail.com","service":"user-backend","timestamp":"2026-08-11T17:27:00.303Z"}
{"level":"info","message":"Request for Signup workflow is sending for email kiran.sadara6730@gmail.com","service":"user-backend","timestamp":"2026-08-11T17:27:00.303Z"}
{"level":"info","message":"Signup workflow executed successfully for email kiran.sadara6730@gmail.com","service":"user-backend","timestamp":"2026-08-11T17:27:00.917Z"}
{"level":"info","message":"Request for Signup workflow is sending for email kiran.sadara6730@gmail.com","service":"user-backend","timestamp":"2026-08-11T17:27:00.917Z"}
{"level":"info","message":"Signup workflow executed successfully for email kiran.sadara6730@gmail.com","service":"user-backend","timestamp":"2026-08-11T17:27:01.002Z"}
{"level":"info","message":"Request for Signup workflow is sending for email kiran.sadara6730@gmail.com","service":"user-backend","timestamp":"2026-08-11T17:27:01.002Z"}
{"level":"info","message":"Signup workflow executed successfully for email kiran.sadara6730@gmail.com","service":"user-backend","timestamp":"2026-08-11T17:27:01.082Z"}
{"level":"info","message":"Request for Signup workflow is sending for email kiran.sadara6730@gmail.com","service":"user-backend","timestamp":"2026-08-11T17:27:01.082Z"}
{"level":"info","message":"Signup workflow executed successfully for email kiran.sadara6730@gmail.com","service":"user-backend","timestamp":"2026-08-11T17:27:01.263Z"}
{"level":"info","message":"Request for Signup workflow is sending for email kiran.sadara6730@gmail.com","service":"user-backend","timestamp":"2026-08-11T17:27:01.263Z"}
{"level":"info","message":"Signup workflow executed successfully for email kiran.sadara6730@gmail.com","service":"user-backend","timestamp":"2026-08-11T17:27:01.568Z"}
{"level":"info","message":"Request for Signup workflow is sending for email kiran.sadara6730@gmail.com","service":"user-backend","timestamp":"2026-08-11T17:27:01.569Z"}
{"level":"info","message":"Signup workflow executed successfully for email kiran.sadara6730@gmail.com","service":"user-backend","timestamp":"2026-08-11T17:27:01.744Z"}
{"level":"info","message":"Request for Signup workflow is sending for email kiran.sadara6730@gmail.com","service":"user-backend","timestamp":"2026-08-11T17:27:01.745Z"}
{"level":"info","message":"Signup workflow executed successfully for email kiran.sadara6730@gmail.com","service":"user-backend","timestamp":"2026-08-11T17:27:01.848Z"}
{"level":"info","message":"Request for Signup workflow is sending for email kiran.sadara6730@gmail.com","service":"user-backend","timestamp":"2026-08-11T17:27:01.848Z"}
